Customer_ID,Customer_Name,Gender,Age,City,State,Country,Customer_Segment,Registration_Date
CUST00001,Allison Hill,,40.0,BENGALURU,Karnataka,India,Consumer,2023-04-03
CUST00002,Noah Rhodes,Female,33.0,HOUSTON,Texas,USA,Home Office,2023-04-22
CUST00003,Angie Henderson,M,42.0,Houston,Texas,USA,Consumer,2022-01-14
CUST00004,Daniel Wagner,Other,53.0,Kolkata,West Bengal,India,Home Office,2022-07-18
CUST00005,Cristian Santos,Other,32.0,London,England,UK,Home Office,2025-02-04
CUST00006,Connie Lawrence,Male,32.0,DELHI,Delhi,India,Corporate,2023-08-16
CUST00007,Abigail Shaffer,F,53.0,Los Angeles,California,USA,Home Office,2025-12-08
CUST00008,Gina Moore,Other,44.0,Ahmedabad,Gujarat,India,Consumer,2025-08-03
CUST00009,Gabrielle Davis,,29.0,Ahmedabad,Gujarat,India,Home Office,2022-05-16
CUST00010,Ryan Munoz,F,41.0,Manchester,England,UK,Home Office,2023-06-27
CUST00011,Monica Herrera,Male,29.0,Houston,Texas,USA,Consumer,2022-10-11
CUST00012,Jamie Arnold,Other,29.0,Chennai,Tamil Nadu,India,Consumer,2024-02-21
CUST00013,Lisa Hensley,Female,37.0,Bengaluru,Karnataka,India,Home Office,2025-08-05
CUST00014,Michele Williams,,12.0,Jaipur,Rajasthan,India,Consumer,2022-08-06
CUST00015,Dylan Miller,M,,Hyderabad,Telangana,India,Corporate,2024-12-22
CUST00016,Brian Ramirez,Male,28.0,Lucknow,Uttar Pradesh,India,Home Office,2022-06-11
CUST00017,Holly Wood,F,22.0,HYDERABAD,Telangana,India,Consumer,2025-01-30
CUST00018,Derek Zuniga,Male,38.0,Kolkata,West Bengal,India,Consumer,2024-02-04
CUST00019,Lisa Jackson,,24.0,NEW YORK,New York,USA,Consumer,2025-04-20
CUST00020,Carla Gray,,18.0,pune,Maharashtra,India,Home Office,2025-10-02
CUST00021,Margaret Hawkins DDS,M,52.0,Manchester,England,UK,Home Office,2022-07-13
CUST00022,Patty Perez,Male,32.0,Pune,Maharashtra,India,Consumer,2024-04-04
CUST00023,Ethan Adams,M,35.0,LONDON,England,UK,Home Office,2024-08-05
CUST00024,Tommy Walter,Female,17.0,BENGALURU,Karnataka,India,Corporate,2022-01-31
CUST00025,Matthew Foster,M,28.0,Manchester,England,UK,Home Office,16/02/2024
CUST00026,Judy Baker,Other,36.0,Manchester,England,UK,Home Office,2025-04-01
CUST00027,Justin Baker,F,21.0,Manchester,England,UK,Consumer,2024-11-06
CUST00028,Stephanie Ross,Male,39.0,CHICAGO,Illinois,USA,Home Office,2023-05-20
CUST00029,Zachary Hicks,,27.0,New York,New York,USA,Corporate,2023-05-04
CUST00030,Anthony Rodriguez,Female,31.0,DELHI,Delhi,India,Consumer,2025-02-27
CUST00031,Rebecca Henderson,Other,27.0,Los Angeles,California,USA,Home Office,2022-11-20
CUST00032,James Ferrell,Male,57.0,Mumbai,Maharashtra,India,Home Office,2022-08-01
CUST00033,Tricia Valencia,F,34.0,Hyderabad,Telangana,India,Consumer,2023-02-21
CUST00034,Nathan Maldonado,Other,22.0,Delhi,Delhi,India,Corporate,2023-11-15
CUST00035,Debra Davidson,Other,44.0,houston,Texas,USA,Consumer,2025-11-16
CUST00036,Jeffrey Chavez,Other,20.0,HOUSTON,Texas,USA,Consumer,2026-06-19
CUST00037,Sherri Baker,Female,37.0,Bengaluru,Karnataka,India,Consumer,2025-06-25
CUST00038,Cassandra Gaines,,11.0,HOUSTON,Texas,USA,Consumer,2023-11-12
CUST00039,Elizabeth Fowler,M,19.0,Jaipur,Rajasthan,India,Consumer,2022-03-21
CUST00040,Brittany Farmer,Other,37.0,AHMEDABAD,Gujarat,India,Home Office,2023-11-04
CUST00041,Paula Moreno,Female,43.0,Chicago,Illinois,USA,Corporate,2022-02-26
CUST00042,Fred Smith,F,37.0,PUNE,Maharashtra,India,Home Office,2026-02-01
CUST00043,Sherry Decker,,-5.0,Kolkata,West Bengal,India,Corporate,2025-11-07
CUST00044,Anthony Humphrey,Other,31.0,Delhi,Delhi,India,Home Office,2025-09-20
CUST00045,Angelica Tucker,,17.0,Houston,Texas,USA,Consumer,2023-01-28
CUST00046,Philip Cannon,,26.0,Lucknow,Uttar Pradesh,India,Corporate,2023-03-07
CUST00047,John Pierce,Other,29.0,London,England,UK,Home Office,2026-06-19
CUST00048,Shane Henderson,Female,47.0,NEW YORK,New York,USA,Consumer,2023-04-27
CUST00049,Joshua Blair,Female,39.0,Ahmedabad,Gujarat,India,Corporate,2024-07-21
CUST00050,Eric Carney,M,13.0,manchester,England,UK,Home Office,2026-03-18
CUST00051,Jessica Holmes,,38.0,LONDON,England,UK,Home Office,2022-09-06
CUST00052,Danny Morgan,F,30.0,New York,New York,USA,Consumer,2026-01-13
CUST00053,Crystal Robinson,,26.0,Manchester,England,UK,Corporate,2023-07-22
CUST00054,Mark Perez,M,42.0,Delhi,Delhi,India,Home Office,2025-01-11
CUST00055,Shannon Jones,M,47.0,KOLKATA,West Bengal,India,Home Office,2025-01-16
CUST00056,Michael Lewis,M,46.0,Mumbai,Maharashtra,India,Corporate,2022-01-13
CUST00057,Timothy Duncan,M,24.0,Ahmedabad,Gujarat,India,Corporate,2024-03-07
CUST00058,Richard Aguirre,,31.0,Hyderabad,Telangana,India,Corporate,2025-04-27
CUST00059,Brent Jordan,M,38.0,CHENNAI,Tamil Nadu,India,Corporate,2023-03-10
CUST00060,John Daniel,,46.0,Jaipur,Rajasthan,India,Home Office,2022-04-17
CUST00061,Victoria Garcia,M,29.0,Pune,Maharashtra,India,Home Office,2022-02-11
CUST00062,Gerald Hensley,Male,32.0,Kolkata,West Bengal,India,Consumer,2025-05-25
CUST00063,Connor West,M,21.0,LUCKNOW,Uttar Pradesh,India,Home Office,2023-10-01
CUST00064,Donald Wright,Other,20.0,KOLKATA,West Bengal,India,Home Office,2025-07-08
CUST00065,Jessica Callahan,F,44.0,Bengaluru,Karnataka,India,Consumer,2024-12-27
CUST00066,Amber Kidd,Female,51.0,houston,Texas,USA,Home Office,2025-07-25
CUST00067,Tracy House,Other,34.0,Jaipur,Rajasthan,India,Consumer,2024-08-10
CUST00068,Carol Tucker,Male,47.0,Delhi,Delhi,India,Corporate,2025-03-13
CUST00069,James Brown,Other,39.0,Chennai,Tamil Nadu,India,Home Office,2023-07-27
CUST00070,William Baker,M,27.0,KOLKATA,West Bengal,India,Corporate,2024-09-27
CUST00071,Jordan Henderson,Other,39.0,london,England,UK,Home Office,2025-11-17
CUST00072,Whitney Peters,Female,53.0,Los Angeles,California,USA,Consumer,2025-12-10
CUST00073,Brittney Phillips,,34.0,NEW YORK,New York,USA,Home Office,2026-04-10
CUST00074,Lauren Daniels,F,53.0,Lucknow,Uttar Pradesh,India,Consumer,2024-01-10
CUST00075,Amy Silva,F,3.0,Pune,Maharashtra,India,Corporate,2026-03-22
CUST00076,Sarah Moore,M,44.0,London,England,UK,Home Office,2024-09-05
CUST00077,Angela Lopez,M,36.0,Pune,Maharashtra,India,Home Office,2022-06-24
CUST00078,Megan Young,Other,31.0,Ahmedabad,Gujarat,India,Consumer,2023-09-01
CUST00079,Steve Sanchez,F,36.0,Bengaluru,Karnataka,India,Consumer,2025-09-14
CUST00080,Lisa Barnes,M,11.0,Houston,Texas,USA,Consumer,2023-04-20
CUST00081,Kelly Donovan,,32.0,Jaipur,Rajasthan,India,Corporate,2023-02-10
CUST00082,Mike Allen,Other,39.0,HYDERABAD,Telangana,India,Corporate,2023-09-22
CUST00083,Michael Evans,M,52.0,Lucknow,Uttar Pradesh,India,Home Office,2024-10-08
CUST00084,Paul Jones,Male,28.0,JAIPUR,Rajasthan,India,Home Office,2025-10-12
CUST00085,Zachary Ferrell,Female,25.0,Jaipur,Rajasthan,India,Corporate,2024-11-28
CUST00086,Daniel Baker,Other,28.0,Manchester,England,UK,Corporate,2023-10-20
CUST00087,Shirley Suarez,Other,45.0,Lucknow,Uttar Pradesh,India,Corporate,2022-03-17
CUST00088,Christopher Bass,M,38.0,Mumbai,Maharashtra,India,Consumer,2023-01-20
CUST00089,Lisa Archer,,28.0,kolkata,West Bengal,India,Consumer,2025-12-01
CUST00090,Aimee Montoya,M,41.0,chennai,Tamil Nadu,India,Home Office,2023-04-06
CUST00091,Matthew Mcmillan,M,36.0,Hyderabad,Telangana,India,Home Office,2023-07-14
CUST00092,Brian Rodriguez,M,46.0,Hyderabad,Telangana,India,Home Office,2022-10-07
CUST00093,Denise Jacobs,Female,26.0,Jaipur,Rajasthan,India,Corporate,2025-04-17
CUST00094,Christina Walters,Female,31.0,Los Angeles,California,USA,Consumer,2023-10-22
CUST00095,John Whitehead,,30.0,HOUSTON,Texas,USA,Home Office,2025-12-15
CUST00096,Anna Henderson,M,17.0,hyderabad,Telangana,India,Corporate,2025-04-23
CUST00097,Aaron Wise,Other,38.0,Mumbai,Maharashtra,India,Home Office,2022-11-13
CUST00098,Deborah Figueroa,,38.0,Chicago,Illinois,USA,Corporate,2024-12-28
CUST00099,Jessica Smith,M,35.0,Pune,Maharashtra,India,Home Office,2023-08-12
CUST00100,Stephen Mckee,Other,32.0,Bengaluru,Karnataka,India,Consumer,2022-04-05
CUST00101,Sandra Aguilar,M,18.0,Ahmedabad,Gujarat,India,Consumer,2022-12-15
CUST00102,Cameron Parker,M,29.0,manchester,England,UK,Home Office,2023-06-05
CUST00103,Rebecca Valencia,,30.0,CHENNAI,Tamil Nadu,India,Corporate,2025-04-18
CUST00104,Christine Wright,,25.0,Kolkata,West Bengal,India,Home Office,2024-02-21
CUST00105,Richard Henson,,33.0,Chicago,Illinois,USA,Corporate,2026-03-06
CUST00106,Marc Moore,,39.0,Ahmedabad,Gujarat,India,Consumer,2025-06-25
CUST00107,Sharon Cherry,Female,57.0,Bengaluru,Karnataka,India,Corporate,
CUST00108,Sierra Johnson,F,37.0,New York,New York,USA,Consumer,2025-01-09
CUST00109,Evelyn Galvan,Male,38.0,Jaipur,Rajasthan,India,Consumer,2023-08-28
CUST00110,Sharon Cochran,F,34.0,Hyderabad,Telangana,India,Corporate,2025-10-13
CUST00111,Richard Rodriguez,,11.0,mumbai,Maharashtra,India,Consumer,2026-03-14
CUST00112,Shannon Walker,Male,34.0,Ahmedabad,Gujarat,India,Corporate,2023-11-03
CUST00113,Julia Torres,Male,35.0,lucknow,Uttar Pradesh,India,Home Office,2022-03-18
CUST00114,Crystal Johnson,,64.0,Hyderabad,Telangana,India,Corporate,2025-11-27
CUST00115,Garrett Lin,M,32.0,Bengaluru,Karnataka,India,Consumer,
CUST00116,Diana May,Male,38.0,LOS ANGELES,California,USA,Consumer,2025-01-20
CUST00117,William Herrera,Male,34.0,Bengaluru,Karnataka,India,Corporate,2023-03-11
CUST00118,Ashley Waller,Female,20.0,Ahmedabad,Gujarat,India,Consumer,2026-04-17
CUST00119,Victor Baker,,48.0,Mumbai,Maharashtra,India,Consumer,2025-01-11
CUST00120,Jeffrey Chandler,,44.0,Mumbai,Maharashtra,India,Consumer,2022-02-02
CUST00121,Larry Dixon,F,44.0,Delhi,Delhi,India,Home Office,2022-08-12
CUST00122,Kenneth Scott,Male,24.0,Lucknow,Uttar Pradesh,India,Corporate,2024-09-07
CUST00123,April Frost,F,51.0,Delhi,Delhi,India,Corporate,2022-09-16
CUST00124,Michelle Harmon,F,18.0,Lucknow,Uttar Pradesh,India,Consumer,2025-12-08
CUST00125,Helen Jones,Other,42.0,Houston,Texas,USA,Home Office,2024-07-17
CUST00126,Erin Edwards,M,61.0,Jaipur,Rajasthan,India,Home Office,2022-05-18
CUST00127,Michelle Evans,M,23.0,Los Angeles,California,USA,Home Office,2025-02-24
CUST00128,Jason Powell,F,28.0,Houston,Texas,USA,Home Office,2025-05-14
CUST00129,Cameron Fisher,Female,36.0,manchester,England,UK,Home Office,2024-01-23
CUST00130,Megan Orr,Other,28.0,Mumbai,Maharashtra,India,Corporate,2022-03-01
CUST00131,Elizabeth Kelley,Male,16.0,mumbai,Maharashtra,India,Home Office,2022-05-23
CUST00132,Dustin Jordan,F,35.0,Kolkata,West Bengal,India,Consumer,2023-10-01
CUST00133,Mary Marshall,F,22.0,Hyderabad,Telangana,India,Corporate,2023-07-12
CUST00134,Daniel Kennedy,F,40.0,kolkata,West Bengal,India,Consumer,2023-08-04
CUST00135,Rebecca Jackson,Other,105.0,Ahmedabad,Gujarat,India,Consumer,2023-03-09
CUST00136,Jose Schultz,,53.0,Manchester,England,UK,Consumer,2025-12-12
CUST00137,Robert Potter,F,25.0,chicago,Illinois,USA,Home Office,2022-06-09
CUST00138,Courtney Gonzalez,,31.0,Houston,Texas,USA,Consumer,2022-12-18
CUST00139,David Alvarez,,44.0,Houston,Texas,USA,Corporate,2024-12-09
CUST00140,Angel Perry,Other,20.0,CHENNAI,Tamil Nadu,India,Home Office,2024-12-22
CUST00141,Cheyenne Horton,Male,37.0,hyderabad,Telangana,India,Home Office,2025-05-18
CUST00142,David Douglas Jr.,,50.0,Manchester,England,UK,Corporate,2025-10-26
CUST00143,Patricia Rodriguez,Other,15.0,new york,New York,USA,Corporate,2023-09-13
CUST00144,Christopher Rubio,Male,37.0,london,England,UK,Home Office,2022-06-07
CUST00145,Amber Wright,,38.0,Chicago,Illinois,USA,Home Office,2022-03-26
CUST00146,Joyce Solis,,44.0,Manchester,England,UK,Home Office,2026-07-19
CUST00147,Victoria Larson,Other,20.0,CHENNAI,Tamil Nadu,India,Corporate,2024-06-18
CUST00148,Stephanie Salazar,Other,19.0,Chicago,Illinois,USA,Home Office,2026-06-05
CUST00149,Kathy Rivas,F,41.0,Chicago,Illinois,USA,Corporate,2025-05-19
CUST00150,Stephanie Manning,F,38.0,Lucknow,Uttar Pradesh,India,Corporate,2025-05-03
CUST00151,David Wright,,38.0,Hyderabad,Telangana,India,Corporate,2025-11-04
CUST00152,Pamela Boyd,Female,39.0,Mumbai,Maharashtra,India,Corporate,2026-04-19
CUST00153,Denise Jones,F,26.0,Bengaluru,Karnataka,India,Corporate,
CUST00154,Devon Flores,Male,37.0,Hyderabad,Telangana,India,Home Office,2026-07-15
CUST00155,Brenda Hall,Other,38.0,Ahmedabad,Gujarat,India,Corporate,2026-05-25
CUST00156,Michelle Brown,F,26.0,Kolkata,West Bengal,India,Consumer,2024-08-03
CUST00157,Joshua Perry,Male,57.0,kolkata,West Bengal,India,Home Office,2025-08-06
CUST00158,Jason Stein,Female,40.0,Bengaluru,Karnataka,India,Corporate,2024-11-17
CUST00159,Melissa Gates,Male,20.0,Mumbai,Maharashtra,India,Consumer,2024-03-01
CUST00160,Jamie Smith,,42.0,new york,New York,USA,Home Office,2024-08-25
CUST00161,Paul Castaneda,F,23.0,mumbai,Maharashtra,India,Corporate,2022-11-03
CUST00162,Jennifer Adkins,M,44.0,ahmedabad,Gujarat,India,Consumer,2026-06-14
CUST00163,Lindsey Walker,,105.0,Ahmedabad,Gujarat,India,Corporate,2023-05-08
CUST00164,Jeffrey Johnson,M,25.0,Delhi,Delhi,India,Corporate,2024-11-05
CUST00165,Michael Powell,Male,46.0,los angeles,California,USA,Home Office,2023-12-08
CUST00166,John Anderson,,39.0,NEW YORK,New York,USA,Home Office,2023-11-25
CUST00167,Alyssa Long,Female,44.0,Manchester,England,UK,Consumer,2026-05-09
CUST00168,Alyssa Day,,57.0,Pune,Maharashtra,India,Corporate,2026-07-28
CUST00169,Joel Williams,M,32.0,Pune,Maharashtra,India,Corporate,2024-01-24
CUST00170,Daniel Murphy,,25.0,New York,New York,USA,Corporate,2026-06-21
CUST00171,Jamie Walton,,24.0,Chennai,Tamil Nadu,India,Home Office,2025-09-15
CUST00172,Darlene Miller,,25.0,london,England,UK,Consumer,2023-12-24
CUST00173,Joshua Cooke,Female,34.0,Delhi,Delhi,India,Home Office,2026-03-16
CUST00174,Matthew Harrington,F,39.0,LONDON,England,UK,Consumer,2026-05-14
CUST00175,Nicole Herring,Other,38.0,London,England,UK,Consumer,2025-03-21
CUST00176,Alex Hernandez,Other,44.0,BENGALURU,Karnataka,India,Home Office,2024-11-26
CUST00177,Michael Elliott,Male,35.0,London,England,UK,Home Office,2024-10-02
CUST00178,Michael Wang,F,52.0,London,England,UK,Corporate,2023-10-17
CUST00179,Lawrence Adkins,Female,31.0,Chennai,Tamil Nadu,India,Consumer,2026-06-14
CUST00180,Robert Oconnell,Female,67.0,MANCHESTER,England,UK,Consumer,2024-01-26
CUST00181,Alexander Collins,F,42.0,Delhi,Delhi,India,Corporate,2024-12-12
CUST00182,Tina Sanders,Female,24.0,Delhi,Delhi,India,Consumer,2026-05-17
CUST00183,Angela Vaughn,F,22.0,Bengaluru,Karnataka,India,Consumer,2025-12-23
CUST00184,Ashley Barton,F,40.0,Jaipur,Rajasthan,India,Home Office,2025-07-04
CUST00185,Lindsay Martinez,Male,32.0,Hyderabad,Telangana,India,Home Office,2023-11-23
CUST00186,Dr. Hannah Patterson,F,43.0,Jaipur,Rajasthan,India,Corporate,
CUST00187,Jonathan Peterson,M,40.0,Manchester,England,UK,Corporate,2024-07-17
CUST00188,Samantha Garcia,M,34.0,kolkata,West Bengal,India,Corporate,2023-10-16
CUST00189,Madison Poole,M,24.0,Bengaluru,Karnataka,India,Corporate,2023-05-23
CUST00190,Jessica Gross,Female,16.0,Ahmedabad,Gujarat,India,Home Office,2025-03-29
CUST00191,Debra Morton,Female,29.0,London,England,UK,Consumer,2024-03-16
CUST00192,Karen Graham,Male,45.0,Pune,Maharashtra,India,Corporate,2025-10-09
CUST00193,Debra Christian,Other,37.0,Los Angeles,California,USA,Home Office,2025-03-13
CUST00194,Angelica Keith,Male,20.0,London,England,UK,Corporate,2025-10-25
CUST00195,John Bishop,,37.0,Los Angeles,California,USA,Corporate,
CUST00196,Allen Rosales,Female,39.0,LONDON,England,UK,Home Office,2022-10-14
CUST00197,Daniel Salinas,Male,24.0,Lucknow,Uttar Pradesh,India,Home Office,2024-09-30
CUST00198,Spencer Haynes,F,36.0,Bengaluru,Karnataka,India,Home Office,2026-01-25
CUST00199,Adam Vaughan,M,35.0,Ahmedabad,Gujarat,India,Home Office,2025-07-12
CUST00200,Nathan Freeman,M,21.0,AHMEDABAD,Gujarat,India,Home Office,2022-08-14
CUST00201,Melissa Brewer,F,39.0,Kolkata,West Bengal,India,Corporate,2026-02-15
CUST00202,Ricky Davis II,,41.0,Manchester,England,UK,Home Office,2024-12-27
CUST00203,Elizabeth Perkins,Other,47.0,Jaipur,Rajasthan,India,Home Office,2025-02-16
CUST00204,Joseph Coleman,Other,47.0,Kolkata,West Bengal,India,Home Office,2025-02-21
CUST00205,Erin Warner,Other,18.0,Chicago,Illinois,USA,Consumer,2026-05-03
CUST00206,David Martinez,F,23.0,Los Angeles,California,USA,Consumer,2023-03-15
CUST00207,Bryan Herrera,Female,41.0,Bengaluru,Karnataka,India,Corporate,2025-10-03
CUST00208,Cathy Robinson,Female,41.0,new york,New York,USA,Corporate,2022-01-11
CUST00209,Dr. William Warren,Male,41.0,Manchester,England,UK,Consumer,2023-08-08
CUST00210,Brian Lee,M,81.0,Pune,Maharashtra,India,Consumer,2022-12-27
CUST00211,Christopher Smith,M,41.0,lucknow,Uttar Pradesh,India,Home Office,2022-08-08
CUST00212,Denise Mccann,Female,48.0,manchester,England,UK,Home Office,2023-07-13
CUST00213,Melissa Martinez,Female,46.0,jaipur,Rajasthan,India,Home Office,2023-08-28
CUST00214,Katherine Salas,M,42.0,Chicago,Illinois,USA,Consumer,2025-10-02
CUST00215,Julie Alexander,Male,31.0,Mumbai,Maharashtra,India,Corporate,2023-11-07
CUST00216,Anthony Everett,,44.0,AHMEDABAD,Gujarat,India,Home Office,2023-09-21
CUST00217,Rodney Morales,Female,25.0,Bengaluru,Karnataka,India,Home Office,2023-03-29
CUST00218,Mark Brown,Female,32.0,Los Angeles,California,USA,Home Office,2025-01-05
CUST00219,Justin Torres,F,29.0,Delhi,Delhi,India,Home Office,2025-03-01
CUST00220,Bailey Duran DDS,Male,35.0,Hyderabad,Telangana,India,Corporate,2025-10-25
CUST00221,Courtney Mills,Other,62.0,Pune,Maharashtra,India,Corporate,2022-04-29
CUST00222,Jeremy Dalton,F,12.0,Jaipur,Rajasthan,India,Consumer,2022-04-03
CUST00223,Elizabeth Oliver DDS,,43.0,MANCHESTER,England,UK,Corporate,2026-04-24
CUST00224,Theresa Clark,,15.0,Los Angeles,California,USA,Consumer,2024-02-13
CUST00225,Matthew Moore,Female,29.0,LOS ANGELES,California,USA,Consumer,2024-03-15
CUST00226,Benjamin Smith,Other,48.0,Lucknow,Uttar Pradesh,India,Consumer,2024-02-16
CUST00227,Kirk Carter,Male,35.0,BENGALURU,Karnataka,India,Consumer,2025-06-13
CUST00228,Michael Warner,M,22.0,Bengaluru,Karnataka,India,Consumer,2022-04-10
CUST00229,Michael Bradshaw,Other,26.0,PUNE,Maharashtra,India,Home Office,2023-04-25
CUST00230,Lori Guerrero,Male,43.0,New York,New York,USA,Home Office,2024-12-03
CUST00231,Jessica Stephens,F,26.0,Chennai,Tamil Nadu,India,Corporate,2023-12-07
CUST00232,Susan Serrano,Female,37.0,HOUSTON,Texas,USA,Home Office,2026-03-26
CUST00233,Christopher Parker,Female,35.0,Hyderabad,Telangana,India,Corporate,2024-05-03
CUST00234,Laura Roberts,M,27.0,Delhi,Delhi,India,Home Office,2026-01-23
CUST00235,Michael Lyons,Female,60.0,Pune,Maharashtra,India,Corporate,2026-01-23
CUST00236,Kathryn Snyder,M,42.0,lucknow,Uttar Pradesh,India,Home Office,2026-02-27
CUST00237,Andrew Reynolds,Other,10.0,Kolkata,West Bengal,India,Corporate,2023-08-03
CUST00238,David Davis,Other,37.0,Manchester,England,UK,Consumer,2026-04-09
CUST00239,Sara Johnston,Female,27.0,ahmedabad,Gujarat,India,Consumer,2025-04-11
CUST00240,Yvonne Chambers,M,45.0,Chicago,Illinois,USA,Home Office,2025-11-03
CUST00241,Andrew Avila,F,25.0,Manchester,England,UK,Consumer,2022-10-14
CUST00242,Matthew Moon,,33.0,pune,Maharashtra,India,Home Office,2022-04-10
CUST00243,Kevin Walters,F,41.0,HYDERABAD,Telangana,India,Home Office,2024-02-04
CUST00244,Brandon Bailey MD,Other,45.0,MANCHESTER,England,UK,Corporate,22/04/2024
CUST00245,Shannon Rivera,Female,20.0,Mumbai,Maharashtra,India,Home Office,2023-01-03
CUST00246,Donna Landry,Female,30.0,Jaipur,Rajasthan,India,Consumer,2024-02-04
CUST00247,Krista Gibson,M,29.0,Lucknow,Uttar Pradesh,India,Corporate,2025-08-23
CUST00248,Frank Cordova,Male,27.0,Pune,Maharashtra,India,Consumer,2024-06-07
CUST00249,Jose Travis,,56.0,Ahmedabad,Gujarat,India,Home Office,2024-08-31
CUST00250,Kimberly Gutierrez,,39.0,Pune,Maharashtra,India,Consumer,2023-03-01
CUST00251,Isaiah Avila,M,19.0,Lucknow,Uttar Pradesh,India,Consumer,2024-03-07
CUST00252,Olivia Harris,F,46.0,Delhi,Delhi,India,Home Office,2024-06-14
CUST00253,Tanya Kim,Other,60.0,Chicago,Illinois,USA,Corporate,2026-05-24
CUST00254,Barbara Dudley,,47.0,Houston,Texas,USA,Corporate,2026-05-01
CUST00255,Cynthia Moore,Male,16.0,Hyderabad,Telangana,India,Corporate,2024-03-08
CUST00256,Kristen Davis,M,29.0,los angeles,California,USA,Consumer,2024-06-01
CUST00257,Susan Murray MD,Male,50.0,Los Angeles,California,USA,Home Office,28/02/2024
CUST00258,Kathleen Moran,Female,26.0,Ahmedabad,Gujarat,India,Corporate,2022-10-12
CUST00259,Denise Davenport,M,40.0,Jaipur,Rajasthan,India,Consumer,2023-05-31
CUST00260,Mrs. Kristen Reyes,Other,44.0,LONDON,England,UK,Corporate,2024-03-21
CUST00261,Katie Suarez,Other,23.0,Hyderabad,Telangana,India,Home Office,2024-09-08
CUST00262,Desiree Tyler,Male,34.0,Manchester,England,UK,Consumer,2023-07-29
CUST00263,Timothy Romero,Other,-3.0,Chennai,Tamil Nadu,India,Consumer,2024-08-03
CUST00264,Diane Evans,M,22.0,houston,Texas,USA,Home Office,2023-06-02
CUST00265,Yvonne Burns,Other,31.0,Manchester,England,UK,Home Office,2025-11-17
CUST00266,Joshua Reed,Male,20.0,DELHI,Delhi,India,Home Office,2025-09-23
CUST00267,Kimberly Gibson,F,54.0,Chicago,Illinois,USA,Home Office,05/08/2022
CUST00268,Colin Terry,Male,17.0,Ahmedabad,Gujarat,India,Corporate,2025-04-20
CUST00269,Cynthia Rowe,M,29.0,houston,Texas,USA,Home Office,2026-02-04
CUST00270,Patrick Thornton,,36.0,manchester,England,UK,Corporate,2024-07-15
CUST00271,Jasmin Alvarado,Other,52.0,Bengaluru,Karnataka,India,Corporate,2023-05-15
CUST00272,Veronica Simpson,F,17.0,Ahmedabad,Gujarat,India,Corporate,2025-09-08
CUST00273,Jonathan Lawrence,F,48.0,Houston,Texas,USA,Home Office,2026-03-21
CUST00274,Shelly Alexander,,35.0,Chennai,Tamil Nadu,India,Corporate,2025-10-05
CUST00275,Joyce Bowen,Other,23.0,Chicago,Illinois,USA,Home Office,2025-06-18
CUST00276,Matthew Moore,F,40.0,Delhi,Delhi,India,Home Office,2022-08-28
CUST00277,Wayne Morgan,Female,37.0,Hyderabad,Telangana,India,Corporate,2025-01-05
CUST00278,Marie Christian,Male,27.0,LUCKNOW,Uttar Pradesh,India,Consumer,2024-07-12
CUST00279,Shannon James,M,35.0,Chicago,Illinois,USA,Consumer,2025-11-03
CUST00280,Nathan Malone,M,30.0,Mumbai,Maharashtra,India,Corporate,2023-04-06
CUST00281,Amanda Jones,,36.0,Bengaluru,Karnataka,India,Consumer,2024-01-22
CUST00282,Tammie Bright,Male,42.0,HOUSTON,Texas,USA,Corporate,2026-03-19
CUST00283,Jessica Garcia,,54.0,Delhi,Delhi,India,Home Office,2023-05-01
CUST00284,Shelia Wallace,F,20.0,houston,Texas,USA,Home Office,2023-02-28
CUST00285,Stephanie Williams,,60.0,Chennai,Tamil Nadu,India,Consumer,2023-07-02
CUST00286,Elaine Brooks,Female,11.0,Houston,Texas,USA,Consumer,2022-09-17
CUST00287,Joseph Knight,Male,33.0,Chicago,Illinois,USA,Home Office,2024-04-28
CUST00288,,,42.0,Jaipur,Rajasthan,India,Corporate,2024-09-26
CUST00289,Carolyn Miller,Other,38.0,Los Angeles,California,USA,Corporate,2024-05-29
CUST00290,Lisa Allen,,27.0,Hyderabad,Telangana,India,Corporate,2025-10-29
CUST00291,Briana Murray,M,32.0,MUMBAI,Maharashtra,India,Home Office,2024-06-22
CUST00292,David Smith,Male,29.0,Hyderabad,Telangana,India,Home Office,2023-07-16
CUST00293,Stephanie Byrd,,27.0,CHENNAI,Tamil Nadu,India,Consumer,2026-01-26
CUST00294,,,45.0,mumbai,Maharashtra,India,Consumer,2024-11-29
CUST00295,Jeremy Reed,Other,39.0,Houston,Texas,USA,Corporate,2022-07-02
CUST00296,Margaret Coleman,F,26.0,Hyderabad,Telangana,India,Home Office,2025-08-06
CUST00297,Ryan Gonzalez,M,45.0,Chennai,Tamil Nadu,India,Consumer,2022-11-07
CUST00298,John Young,Other,38.0,BENGALURU,Karnataka,India,Consumer,2026-02-04
CUST00299,Laura Haney,,44.0,Jaipur,Rajasthan,India,Home Office,2026-01-16
CUST00300,William Barrett,Female,42.0,Lucknow,Uttar Pradesh,India,Consumer,2024-03-13
CUST00301,Keith Jennings,Female,25.0,Ahmedabad,Gujarat,India,Home Office,2022-01-25
CUST00302,Amber Obrien,Male,28.0,Houston,Texas,USA,Consumer,2026-04-27
CUST00303,Tanner Mitchell DDS,,43.0,Pune,Maharashtra,India,Home Office,2025-12-30
CUST00304,Heather Fields,Other,42.0,Hyderabad,Telangana,India,Home Office,2023-02-21
CUST00305,Megan Le,M,34.0,Delhi,Delhi,India,Home Office,2023-05-04
CUST00306,Sara Fuller,Male,36.0,Pune,Maharashtra,India,Corporate,02/09/2022
CUST00307,Maria Parker,Male,50.0,jaipur,Rajasthan,India,Corporate,2023-07-05
CUST00308,Kevin Oconnor,Other,27.0,Jaipur,Rajasthan,India,Home Office,2025-07-09
CUST00309,Edward Burgess,,41.0,Chennai,Tamil Nadu,India,Consumer,2025-03-21
CUST00310,Carlos Ryan,Male,32.0,Mumbai,Maharashtra,India,Home Office,2022-11-04
CUST00311,Kiara Mcintyre,Other,32.0,Houston,Texas,USA,Home Office,2023-10-18
CUST00312,Dawn Summers,Other,48.0,Pune,Maharashtra,India,Corporate,2024-04-01
CUST00313,Dr. Paul Morgan,Other,44.0,NEW YORK,New York,USA,Consumer,2024-01-26
CUST00314,Victor Taylor,Female,44.0,London,England,UK,Corporate,2026-05-09
CUST00315,,,50.0,Mumbai,Maharashtra,India,Home Office,2022-01-20
CUST00316,Shannon Ramsey,Female,35.0,LUCKNOW,Uttar Pradesh,India,Consumer,2023-05-03
CUST00317,Tracy Ballard,,43.0,Pune,Maharashtra,India,Consumer,2025-12-06
CUST00318,Richard Smith,Female,31.0,Hyderabad,Telangana,India,Corporate,2022-05-08
CUST00319,Jordan Chambers,Female,38.0,Chicago,Illinois,USA,Home Office,2023-07-11
CUST00320,Lauren Carson,Female,33.0,Bengaluru,Karnataka,India,Corporate,2024-04-12
CUST00321,Ashley Hall,Male,36.0,jaipur,Rajasthan,India,Corporate,2023-09-16
CUST00322,Stephen Hoffman,Other,42.0,HYDERABAD,Telangana,India,Consumer,2023-12-30
CUST00323,Connie Brown,Female,25.0,Mumbai,Maharashtra,India,Consumer,2025-01-31
CUST00324,Susan Turner,Male,60.0,AHMEDABAD,Gujarat,India,Corporate,2024-02-02
CUST00325,Charles Shah,Other,22.0,DELHI,Delhi,India,Corporate,2025-08-15
CUST00326,Johnathan Davis,M,20.0,Pune,Maharashtra,India,Consumer,2024-03-19
CUST00327,Brandy Chavez,Other,48.0,Chennai,Tamil Nadu,India,Home Office,2025-06-11
CUST00328,Natalie Bautista,F,44.0,MANCHESTER,England,UK,Home Office,2022-10-09
CUST00329,Patrick Moore,F,42.0,Mumbai,Maharashtra,India,Corporate,2025-01-20
CUST00330,Brett Burns,M,42.0,Jaipur,Rajasthan,India,Home Office,2026-07-19
CUST00331,Trevor Johnson,,34.0,ahmedabad,Gujarat,India,Consumer,2023-06-30
CUST00332,Jeremy Sampson,,24.0,Chicago,Illinois,USA,Home Office,2022-12-27
CUST00333,Ariana Jennings,M,35.0,Mumbai,Maharashtra,India,Consumer,2022-10-19
CUST00334,Vanessa Howard,Male,26.0,MANCHESTER,England,UK,Home Office,2025-05-17
CUST00335,Colton Martinez,Male,46.0,Kolkata,West Bengal,India,Home Office,2026-07-02
CUST00336,Jordan Bates,M,33.0,Hyderabad,Telangana,India,Corporate,2022-05-29
CUST00337,Linda Smith,,25.0,Lucknow,Uttar Pradesh,India,Home Office,2024-06-13
CUST00338,Dana Martinez,Female,31.0,Los Angeles,California,USA,Home Office,2023-09-21
CUST00339,Andrea Hubbard,F,39.0,Chicago,Illinois,USA,Home Office,2023-01-08
CUST00340,Daniel Kane,,28.0,bengaluru,Karnataka,India,Consumer,2023-05-03
CUST00341,Charles Lester,,,New York,New York,USA,Corporate,2022-05-19
CUST00342,Scott Thomas,M,37.0,London,England,UK,Corporate,2024-10-06
CUST00343,David Thompson,Male,37.0,ahmedabad,Gujarat,India,Consumer,27/08/2023
CUST00344,Allison Smith,M,28.0,chicago,Illinois,USA,Corporate,2022-07-10
CUST00345,Cynthia Morris,,29.0,Chennai,Tamil Nadu,India,Home Office,2023-11-10
CUST00346,Anthony Harmon,Female,37.0,Jaipur,Rajasthan,India,Consumer,2024-03-15
CUST00347,Nichole Alvarez,Male,17.0,HOUSTON,Texas,USA,Home Office,2025-07-04
CUST00348,Kayla Rodriguez,,18.0,Lucknow,Uttar Pradesh,India,Home Office,2026-05-27
CUST00349,Theresa Williams,Other,26.0,Chicago,Illinois,USA,Corporate,
CUST00350,Sharon Boyd,F,32.0,Pune,Maharashtra,India,Consumer,2025-09-30
CUST00351,Victor Brown,Other,38.0,Chicago,Illinois,USA,Home Office,2024-08-30
CUST00352,James Parks,M,52.0,Pune,Maharashtra,India,Consumer,2025-10-19
CUST00353,Theodore Jones Jr.,,45.0,kolkata,West Bengal,India,Home Office,2025-10-31
CUST00354,Ana Hill,Other,33.0,Jaipur,Rajasthan,India,Home Office,2022-06-28
CUST00355,Kimberly Nguyen,M,34.0,london,England,UK,Home Office,2025-04-18
CUST00356,Kerry Chavez DDS,M,22.0,Bengaluru,Karnataka,India,Home Office,2023-08-09
CUST00357,Michael Farrell,,34.0,Manchester,England,UK,Corporate,2024-04-05
CUST00358,Patricia Le,Other,31.0,new york,New York,USA,Corporate,2023-07-05
CUST00359,Jesse Perez,Other,38.0,Bengaluru,Karnataka,India,Home Office,2026-03-04
CUST00360,Jesse Perry,Other,25.0,Delhi,Delhi,India,Home Office,2026-02-26
CUST00361,Jeffery Ortega,F,41.0,CHENNAI,Tamil Nadu,India,Consumer,2024-04-06
CUST00362,Christian Leblanc,M,53.0,Kolkata,West Bengal,India,Home Office,2024-01-09
CUST00363,Ronald Davis,F,33.0,Bengaluru,Karnataka,India,Corporate,2024-07-02
CUST00364,Parker Cain,Female,39.0,Chennai,Tamil Nadu,India,Consumer,2022-07-05
CUST00365,Laurie Hoffman,,,Ahmedabad,Gujarat,India,Consumer,2024-04-18
CUST00366,Bryan Gomez,,30.0,chennai,Tamil Nadu,India,Corporate,2026-07-07
CUST00367,Nicole Parrish,M,37.0,Chicago,Illinois,USA,Consumer,2023-09-11
CUST00368,Tracy Burke,Other,35.0,Los Angeles,California,USA,Corporate,2025-11-02
CUST00369,Kenneth Lewis,Male,36.0,Jaipur,Rajasthan,India,Home Office,2023-01-21
CUST00370,Courtney Rodriguez,M,25.0,Chicago,Illinois,USA,Home Office,2025-09-04
CUST00371,Holly Farmer,F,35.0,Pune,Maharashtra,India,Corporate,2023-12-04
CUST00372,Renee Bruce,Female,40.0,Los Angeles,California,USA,Home Office,2025-02-17
CUST00373,Sabrina Austin,Other,52.0,Chennai,Tamil Nadu,India,Corporate,2023-04-01
CUST00374,Allison Hickman,F,46.0,Los Angeles,California,USA,Consumer,2024-08-21
CUST00375,Debra White,Female,60.0,Manchester,England,UK,Consumer,2024-02-21
CUST00376,Ellen Morgan,Female,25.0,New York,New York,USA,Corporate,2024-07-26
CUST00377,Sergio Knight,Female,45.0,New York,New York,USA,Consumer,2022-01-10
CUST00378,Charles Schultz,M,37.0,Manchester,England,UK,Consumer,2024-06-07
CUST00379,Paul Lewis,,,Kolkata,West Bengal,India,Home Office,2026-03-31
CUST00380,Glen Wood,Female,25.0,Ahmedabad,Gujarat,India,Consumer,2022-07-30
CUST00381,Paula Bradley,Female,24.0,Lucknow,Uttar Pradesh,India,Corporate,2024-12-09
CUST00382,Anthony Moore,,27.0,Los Angeles,California,USA,Consumer,2026-07-21
CUST00383,Megan Nelson,,9.0,Mumbai,Maharashtra,India,Home Office,2025-08-25
CUST00384,Karla Ramos,M,28.0,pune,Maharashtra,India,Home Office,
CUST00385,Paul Wilson,Male,25.0,Jaipur,Rajasthan,India,Corporate,14/07/2025
CUST00386,Douglas Gregory,Male,36.0,Hyderabad,Telangana,India,Home Office,2025-06-19
CUST00387,Mr. Andrew Foster,Male,39.0,Kolkata,West Bengal,India,Consumer,2024-01-04
CUST00388,Aimee Turner,Female,57.0,manchester,England,UK,Home Office,2022-08-15
CUST00389,Chad Scott,Other,46.0,delhi,Delhi,India,Consumer,2023-04-19
CUST00390,Adam Burgess,Male,28.0,Chennai,Tamil Nadu,India,Consumer,2025-10-18
CUST00391,James Padilla,Other,24.0,Mumbai,Maharashtra,India,Consumer,2024-01-03
CUST00392,Sandra Drake,M,40.0,Los Angeles,California,USA,Home Office,2024-07-23
CUST00393,Scott Williams,Male,19.0,CHENNAI,Tamil Nadu,India,Home Office,2022-05-01
CUST00394,Thomas Atkins,,56.0,Manchester,England,UK,Home Office,2024-02-17
CUST00395,Laura Mckinney,Other,,Hyderabad,Telangana,India,Home Office,
CUST00396,Brian Smith,M,29.0,Ahmedabad,Gujarat,India,Consumer,2024-12-07
CUST00397,Robert Montgomery,Male,14.0,Manchester,England,UK,Consumer,2025-02-17
CUST00398,Tamara Davis,Other,51.0,Manchester,England,UK,Consumer,2024-10-03
CUST00399,Dana Chapman,M,33.0,Chicago,Illinois,USA,Consumer,2026-06-29
CUST00400,,Male,49.0,manchester,England,UK,Home Office,2022-03-15
CUST00401,Jennifer Collins,Male,15.0,Lucknow,Uttar Pradesh,India,Corporate,2024-07-23
CUST00402,Gary Jackson,Male,27.0,New York,New York,USA,Consumer,2025-09-07
CUST00403,Ashley Hicks,Male,35.0,Mumbai,Maharashtra,India,Consumer,2023-08-21
CUST00404,Hannah Luna,Female,35.0,MANCHESTER,England,UK,Corporate,2026-01-17
CUST00405,Robin Young,,29.0,Kolkata,West Bengal,India,Home Office,2022-08-09
CUST00406,Craig Morrison,F,42.0,Bengaluru,Karnataka,India,Home Office,2024-10-29
CUST00407,Mary Thompson,Female,22.0,Houston,Texas,USA,Home Office,2022-12-29
CUST00408,Kathleen Webster,Other,33.0,New York,New York,USA,Corporate,2025-11-19
CUST00409,Joann Glass,F,36.0,HYDERABAD,Telangana,India,Home Office,2026-03-13
CUST00410,Madison Weber,,41.0,Kolkata,West Bengal,India,Consumer,2023-12-09
CUST00411,Lori Hernandez,M,43.0,New York,New York,USA,Home Office,2025-04-08
CUST00412,Jeremy Turner,,21.0,Lucknow,Uttar Pradesh,India,Corporate,07/08/2022
CUST00413,Anthony Romero,F,16.0,Chennai,Tamil Nadu,India,Corporate,2022-05-08
CUST00414,Jesse Brown,Female,50.0,Bengaluru,Karnataka,India,Home Office,2023-04-05
CUST00415,Angela Lin,Other,38.0,lucknow,Uttar Pradesh,India,Consumer,2024-05-03
CUST00416,Lisa Hunter,,26.0,Mumbai,Maharashtra,India,Corporate,2024-06-26
CUST00417,Julian Conner,Female,53.0,Kolkata,West Bengal,India,Consumer,2022-12-30
CUST00418,Joanna Pacheco,Other,,CHICAGO,Illinois,USA,Corporate,2023-06-26
CUST00419,Erica Alvarez,F,49.0,HYDERABAD,Telangana,India,Corporate,2025-05-07
CUST00420,Antonio Garcia,Female,35.0,Manchester,England,UK,Home Office,2025-12-20
CUST00421,Gwendolyn Klein,Other,59.0,Chennai,Tamil Nadu,India,Consumer,2023-03-30
CUST00422,Carrie Wright,Female,56.0,Manchester,England,UK,Home Office,2022-01-19
CUST00423,Jeffrey Mills,F,32.0,Ahmedabad,Gujarat,India,Consumer,2026-06-19
CUST00424,Jake Campbell,F,46.0,Los Angeles,California,USA,Consumer,2023-08-31
CUST00425,George Harper,Female,42.0,Chennai,Tamil Nadu,India,Corporate,2025-07-07
CUST00426,Maria Jones,Male,51.0,Bengaluru,Karnataka,India,Consumer,2026-02-27
CUST00427,Michael Mitchell,Male,23.0,Mumbai,Maharashtra,India,Consumer,2022-04-22
CUST00428,Mary Escobar,F,,Jaipur,Rajasthan,India,Home Office,10/10/2023
CUST00429,Felicia Aguilar,Other,47.0,Delhi,Delhi,India,Corporate,2022-05-29
CUST00430,Gregory Ponce,Female,13.0,Delhi,Delhi,India,Corporate,
CUST00431,Jenna Larson,Male,20.0,lucknow,Uttar Pradesh,India,Home Office,2026-06-17
CUST00432,Emily Bennett,Other,-5.0,HYDERABAD,Telangana,India,Home Office,2024-03-18
CUST00433,Robin Santiago,Other,31.0,Los Angeles,California,USA,Consumer,2022-10-19
CUST00434,Nancy Jennings,,43.0,Pune,Maharashtra,India,Consumer,2024-08-02
CUST00435,Maria Henderson,Other,53.0,Kolkata,West Bengal,India,Consumer,2022-09-20
CUST00436,Jack White,Other,35.0,New York,New York,USA,Corporate,2025-11-21
CUST00437,Travis Tucker,Other,54.0,CHENNAI,Tamil Nadu,India,Consumer,2023-03-30
CUST00438,Chad Jones,,18.0,New York,New York,USA,Corporate,2023-09-18
CUST00439,Ashley Wise,Male,14.0,Hyderabad,Telangana,India,Home Office,2025-07-07
CUST00440,Sophia Johnson,F,34.0,Mumbai,Maharashtra,India,Home Office,2023-03-12
CUST00441,Ralph Anderson,Female,39.0,manchester,England,UK,Home Office,2026-05-01
CUST00442,Christopher Guerra,F,34.0,Delhi,Delhi,India,Consumer,2026-07-10
CUST00443,Rhonda Martin,Other,10.0,Chennai,Tamil Nadu,India,Corporate,2022-10-27
CUST00444,Jason Rhodes,Other,33.0,AHMEDABAD,Gujarat,India,Corporate,2022-03-29
CUST00445,Jeremy Mitchell,Other,19.0,PUNE,Maharashtra,India,Corporate,2022-07-31
CUST00446,Joann Ferguson,Female,43.0,Chennai,Tamil Nadu,India,Corporate,2022-06-09
CUST00447,Robert Harrison,Female,39.0,Los Angeles,California,USA,Home Office,2024-10-24
CUST00448,Holly Valentine,M,23.0,Jaipur,Rajasthan,India,Home Office,2026-01-09
CUST00449,Mrs. Diane Reyes,Female,28.0,Bengaluru,Karnataka,India,Home Office,2022-11-27
CUST00450,Tracy Montoya,Female,22.0,CHENNAI,Tamil Nadu,India,Corporate,2025-03-18
CUST00451,Brenda Wright,M,34.0,Mumbai,Maharashtra,India,Consumer,2022-06-25
CUST00452,Shelly Spencer,Other,46.0,Ahmedabad,Gujarat,India,Home Office,2026-04-21
CUST00453,Ryan Rosales,Female,23.0,New York,New York,USA,Home Office,2024-02-14
CUST00454,Phillip Nelson,F,41.0,Houston,Texas,USA,Consumer,2025-06-13
CUST00455,Brittany Kim,,28.0,delhi,Delhi,India,Corporate,2022-01-03
CUST00456,Courtney Hayes,Other,25.0,Los Angeles,California,USA,Home Office,2026-07-02
CUST00457,Alexander Brown,M,33.0,Bengaluru,Karnataka,India,Consumer,2022-06-21
CUST00458,Cynthia Vang,Male,8.0,mumbai,Maharashtra,India,Home Office,2025-11-09
CUST00459,Alfred Galvan,Female,28.0,Jaipur,Rajasthan,India,Home Office,2025-06-07
CUST00460,Marie Moody,M,20.0,Manchester,England,UK,Home Office,2023-09-21
CUST00461,Dustin Gallegos,Other,58.0,Bengaluru,Karnataka,India,Home Office,2022-11-28
CUST00462,Brenda Thornton,Male,4.0,Pune,Maharashtra,India,Consumer,2022-10-25
CUST00463,Aaron Miller,,26.0,LOS ANGELES,California,USA,Home Office,2024-02-27
CUST00464,Ruben Dunn,F,37.0,Pune,Maharashtra,India,Consumer,18/06/2024
CUST00465,Kelsey Rodriguez,Other,33.0,Ahmedabad,Gujarat,India,Corporate,03/09/2025
CUST00466,Eric Williams,Other,32.0,Chicago,Illinois,USA,Home Office,2025-12-12
CUST00467,Riley Bryant,Male,42.0,Los Angeles,California,USA,Corporate,2023-02-03
CUST00468,Taylor Carlson,F,44.0,Bengaluru,Karnataka,India,Home Office,2022-08-28
CUST00469,Jose Allen,M,28.0,Jaipur,Rajasthan,India,Home Office,2026-04-26
CUST00470,Jeffrey Mendez,Female,28.0,Mumbai,Maharashtra,India,Corporate,2026-06-04
CUST00471,Jason Beck,,31.0,los angeles,California,USA,Consumer,2023-05-24
CUST00472,William Jones,Female,7.0,Chennai,Tamil Nadu,India,Consumer,2023-07-06
CUST00473,Katie Mcneil,Other,16.0,Ahmedabad,Gujarat,India,Consumer,2023-02-20
CUST00474,Jeanette Harrison,Male,51.0,Bengaluru,Karnataka,India,Corporate,11/06/2025
CUST00475,Veronica King,F,54.0,New York,New York,USA,Consumer,2023-07-17
CUST00476,Richard Cooper,Other,32.0,HYDERABAD,Telangana,India,Home Office,2024-09-06
CUST00477,Lori Ingram,Female,41.0,chennai,Tamil Nadu,India,Consumer,2023-10-09
CUST00478,Evelyn Williams,F,38.0,New York,New York,USA,Consumer,2023-06-23
CUST00479,Robin Thompson,Female,71.0,Manchester,England,UK,Home Office,2024-01-18
CUST00480,Julie Dominguez,Female,48.0,Ahmedabad,Gujarat,India,Home Office,2025-02-11
CUST00481,Robin Brown,F,33.0,hyderabad,Telangana,India,Corporate,2022-10-03
CUST00482,Judith Carter,Female,23.0,Manchester,England,UK,Corporate,2024-03-26
CUST00483,Curtis Williams,Other,,Bengaluru,Karnataka,India,Consumer,2025-02-21
CUST00484,Kaylee Hays,Other,37.0,Los Angeles,California,USA,Home Office,2025-03-25
CUST00485,Dawn Mullins,Female,25.0,Manchester,England,UK,Home Office,2025-06-10
CUST00486,Howard Norman,Other,17.0,New York,New York,USA,Corporate,2022-05-27
CUST00487,Evelyn Martinez,F,27.0,Jaipur,Rajasthan,India,Corporate,2026-05-19
CUST00488,Steve Paul,,22.0,Houston,Texas,USA,Consumer,2023-04-26
CUST00489,Jasmine Beltran,M,55.0,chennai,Tamil Nadu,India,Consumer,2024-08-27
CUST00490,Jonathan Glass MD,Other,45.0,Bengaluru,Karnataka,India,Consumer,2024-03-09
CUST00491,Monica Miller,M,34.0,Hyderabad,Telangana,India,Home Office,2024-01-01
CUST00492,Samantha Gardner,,52.0,jaipur,Rajasthan,India,Home Office,2025-01-09
CUST00493,Bobby Guerrero,Male,35.0,Houston,Texas,USA,Corporate,2023-12-13
CUST00494,Lance Simmons,,8.0,Houston,Texas,USA,Corporate,2023-12-06
CUST00495,Heather Williams,F,53.0,LUCKNOW,Uttar Pradesh,India,Corporate,2023-08-23
CUST00496,Heather Bolton,Male,41.0,Houston,Texas,USA,Consumer,2024-03-09
CUST00497,William Gould,Female,22.0,Jaipur,Rajasthan,India,Home Office,2024-04-25
CUST00498,Mark Cox,F,32.0,London,England,UK,Consumer,2023-01-20
CUST00499,Meghan Cisneros,Female,24.0,Lucknow,Uttar Pradesh,India,Corporate,2023-04-22
CUST00500,Lawrence Harrington,Female,18.0,Manchester,England,UK,Corporate,2023-11-08
CUST00501,Austin Osborne,Male,46.0,Delhi,Delhi,India,Home Office,2023-05-28
CUST00502,James Bradley,Male,57.0,Ahmedabad,Gujarat,India,Consumer,2022-03-10
CUST00503,Meghan Rush,F,18.0,Manchester,England,UK,Corporate,2022-11-21
CUST00504,Phillip Berry,,41.0,Manchester,England,UK,Consumer,2025-09-27
CUST00505,Jennifer Banks,,27.0,Chennai,Tamil Nadu,India,Home Office,13/05/2023
CUST00506,Brian Fitzgerald,,29.0,hyderabad,Telangana,India,Corporate,2022-07-07
CUST00507,Mr. Justin Green III,,27.0,Hyderabad,Telangana,India,Corporate,2023-04-22
CUST00508,Zachary Mitchell,M,24.0,KOLKATA,West Bengal,India,Home Office,2026-01-23
CUST00509,Katherine Martinez,Other,35.0,Lucknow,Uttar Pradesh,India,Home Office,2025-01-18
CUST00510,Jodi Roach,M,,CHENNAI,Tamil Nadu,India,Home Office,2023-08-29
CUST00511,Brandon Fleming,,38.0,Chicago,Illinois,USA,Home Office,2024-01-16
CUST00512,Emma Reed,,34.0,Chicago,Illinois,USA,Consumer,2022-11-12
CUST00513,Joshua Vance,M,32.0,DELHI,Delhi,India,Consumer,2023-01-01
CUST00514,Michelle Ho,,24.0,Chicago,Illinois,USA,Consumer,
CUST00515,Rebecca Hicks,M,28.0,Manchester,England,UK,Home Office,2025-08-01
CUST00516,Curtis Taylor,Female,44.0,Pune,Maharashtra,India,Consumer,2022-05-25
CUST00517,Allison Spencer,Female,41.0,Bengaluru,Karnataka,India,Home Office,2024-12-13
CUST00518,Robert Arnold,Male,23.0,Houston,Texas,USA,Consumer,2025-10-13
CUST00519,Angelica Parker,Other,36.0,Chicago,Illinois,USA,Corporate,2025-05-13
CUST00520,Dr. Kelly Hammond DVM,Female,44.0,Los Angeles,California,USA,Home Office,2023-10-25
CUST00521,William Day,F,,Jaipur,Rajasthan,India,Consumer,2022-01-01
CUST00522,Michael Cooper,,41.0,LUCKNOW,Uttar Pradesh,India,Home Office,2023-03-16
CUST00523,Penny Bowman,F,27.0,HYDERABAD,Telangana,India,Corporate,2022-11-16
CUST00524,Vincent Reynolds,M,41.0,LUCKNOW,Uttar Pradesh,India,Home Office,2023-03-22
CUST00525,Amy Martinez,Other,25.0,Bengaluru,Karnataka,India,Corporate,2025-03-26
CUST00526,Christopher Morris,Male,13.0,houston,Texas,USA,Home Office,2026-03-12
CUST00527,Hannah Everett,F,15.0,CHICAGO,Illinois,USA,Consumer,2023-10-16
CUST00528,Sarah King,Female,35.0,Pune,Maharashtra,India,Corporate,2026-03-22
CUST00529,Krista Martinez,Other,38.0,HYDERABAD,Telangana,India,Home Office,2025-03-16
CUST00530,Joseph Shaw,F,24.0,houston,Texas,USA,Home Office,2025-02-19
CUST00531,Todd Moore,,42.0,Ahmedabad,Gujarat,India,Corporate,2025-11-03
CUST00532,Michelle Jacobs,F,15.0,Los Angeles,California,USA,Corporate,2026-04-26
CUST00533,Kristy Bryan,Male,34.0,Hyderabad,Telangana,India,Consumer,2025-11-04
CUST00534,Angel May,Male,20.0,Ahmedabad,Gujarat,India,Corporate,13/08/2023
CUST00535,Marilyn Wang,M,27.0,Mumbai,Maharashtra,India,Consumer,2025-01-24
CUST00536,Mark Jimenez,,35.0,Mumbai,Maharashtra,India,Consumer,2023-06-08
CUST00537,Donna Frye,Other,24.0,london,England,UK,Consumer,2023-07-10
CUST00538,Dr. Michael Evans,Other,30.0,Lucknow,Uttar Pradesh,India,Home Office,2024-02-19
CUST00539,Anthony Gonzales,F,47.0,Delhi,Delhi,India,Corporate,30/12/2025
CUST00540,Mr. Lawrence Edwards,F,28.0,chicago,Illinois,USA,Consumer,2023-12-29
CUST00541,Morgan Valencia,Female,45.0,Jaipur,Rajasthan,India,Corporate,2022-03-02
CUST00542,Bianca Wood,Female,21.0,HYDERABAD,Telangana,India,Home Office,2025-10-20
CUST00543,Emma Owens,Female,41.0,Hyderabad,Telangana,India,Home Office,2024-07-08
CUST00544,David Davis,Female,52.0,Kolkata,West Bengal,India,Home Office,2024-12-08
CUST00545,James Gilbert,Female,5.0,Chennai,Tamil Nadu,India,Corporate,2022-08-31
CUST00546,Sean Moore,Female,25.0,Houston,Texas,USA,Consumer,2025-07-28
CUST00547,Kenneth Edwards,Female,41.0,Mumbai,Maharashtra,India,Corporate,2025-03-07
CUST00548,Kathleen Robertson,Female,32.0,Delhi,Delhi,India,Corporate,2025-05-23
CUST00549,Mr. Alexander Landry MD,Other,39.0,MANCHESTER,England,UK,Consumer,2022-03-08
CUST00550,Cindy Gomez,Other,27.0,kolkata,West Bengal,India,Consumer,2024-06-18
CUST00551,Johnny Khan,,36.0,houston,Texas,USA,Home Office,2024-02-19
CUST00552,Julie Herrera,F,33.0,Pune,Maharashtra,India,Home Office,2022-03-28
CUST00553,Jessica Khan,Other,49.0,Pune,Maharashtra,India,Corporate,2022-04-11
CUST00554,Pamela Diaz,,38.0,London,England,UK,Home Office,2025-11-14
CUST00555,Kelly Lee,M,39.0,Bengaluru,Karnataka,India,Corporate,2025-01-24
CUST00556,Angel Gordon,,30.0,kolkata,West Bengal,India,Consumer,2025-08-21
CUST00557,Diana Hays,F,29.0,Bengaluru,Karnataka,India,Consumer,2025-12-19
CUST00558,Barbara Hester,Female,29.0,chicago,Illinois,USA,Consumer,2023-11-18
CUST00559,Robert Morgan,,39.0,chennai,Tamil Nadu,India,Consumer,2026-02-04
CUST00560,Nicole Gonzalez,F,29.0,KOLKATA,West Bengal,India,Home Office,2022-01-26
CUST00561,Kathryn Williams,Male,38.0,Manchester,England,UK,Home Office,2024-04-19
CUST00562,Gary Wells,Other,59.0,Jaipur,Rajasthan,India,Consumer,2022-04-11
CUST00563,Larry Robertson,,45.0,lucknow,Uttar Pradesh,India,Home Office,2023-01-01
CUST00564,Louis Martin,Other,31.0,Chennai,Tamil Nadu,India,Consumer,2022-03-15
CUST00565,Nancy Evans MD,F,49.0,houston,Texas,USA,Consumer,2022-09-07
CUST00566,Kim Erickson,,30.0,kolkata,West Bengal,India,Home Office,2025-07-12
CUST00567,Robert Richardson,Female,10.0,Lucknow,Uttar Pradesh,India,Corporate,2025-03-23
CUST00568,Veronica Silva,Male,22.0,Manchester,England,UK,Home Office,2025-12-22
CUST00569,Molly Watts,F,12.0,Bengaluru,Karnataka,India,Consumer,2024-04-29
CUST00570,John Coffey,Other,30.0,Mumbai,Maharashtra,India,Consumer,2022-05-19
CUST00571,Paula Lane,Other,35.0,New York,New York,USA,Corporate,2022-03-01
CUST00572,Lauren Jackson,Other,55.0,Manchester,England,UK,Corporate,2025-07-08
CUST00573,Lisa Randall,F,38.0,Pune,Maharashtra,India,Corporate,2023-10-09
CUST00574,Michael Johnson,F,32.0,Delhi,Delhi,India,Consumer,2024-02-08
CUST00575,Ashley Smith,Male,44.0,Bengaluru,Karnataka,India,Consumer,2023-10-07
CUST00576,Christian Vaughn,Male,8.0,Los Angeles,California,USA,Consumer,2023-09-12
CUST00577,Reginald Knapp,,37.0,London,England,UK,Corporate,2022-11-12
CUST00578,Nancy Brown,,44.0,NEW YORK,New York,USA,Corporate,2024-11-23
CUST00579,Daniel Nguyen,Other,17.0,BENGALURU,Karnataka,India,Consumer,2025-11-08
CUST00580,Kelly Edwards,Female,48.0,Bengaluru,Karnataka,India,Consumer,2025-03-28
CUST00581,Thomas Peterson,Male,,Lucknow,Uttar Pradesh,India,Home Office,2022-08-29
CUST00582,Raymond Le,F,30.0,Bengaluru,Karnataka,India,Consumer,2022-10-17
CUST00583,Melissa Bishop,Male,42.0,Lucknow,Uttar Pradesh,India,Consumer,24/09/2022
CUST00584,David Grant,M,62.0,Delhi,Delhi,India,Corporate,2025-04-28
CUST00585,William Evans,M,37.0,New York,New York,USA,Consumer,2024-12-28
CUST00586,Daniel Bush,Female,37.0,LONDON,England,UK,Consumer,2025-08-12
CUST00587,Gregory Peck,Other,29.0,Jaipur,Rajasthan,India,Consumer,2025-09-24
CUST00588,Denise Martinez,F,24.0,Delhi,Delhi,India,Consumer,2022-12-16
CUST00589,Jamie Baird,M,44.0,Chicago,Illinois,USA,Corporate,2025-08-23
CUST00590,Tina Ballard,,24.0,Ahmedabad,Gujarat,India,Corporate,2024-02-26
CUST00591,Dwayne Klein,M,35.0,New York,New York,USA,Home Office,2022-06-09
CUST00592,Jeremy Scott,Male,29.0,london,England,UK,Home Office,2023-09-23
CUST00593,Dale Ryan,,40.0,Chicago,Illinois,USA,Consumer,2023-03-22
CUST00594,Melissa Taylor,Other,39.0,Hyderabad,Telangana,India,Home Office,2024-07-04
CUST00595,Laurie Sanchez,F,47.0,Lucknow,Uttar Pradesh,India,Corporate,2023-12-07
CUST00596,Kiara Little,Other,28.0,hyderabad,Telangana,India,Corporate,19/04/2022
CUST00597,Jason Love,M,31.0,Mumbai,Maharashtra,India,Home Office,2023-10-14
CUST00598,Randy Smith,,23.0,Chennai,Tamil Nadu,India,Consumer,2024-01-08
CUST00599,Tanya Russell,Male,29.0,delhi,Delhi,India,Corporate,2025-09-09
CUST00600,Sherry Woods,F,39.0,London,England,UK,Corporate,2025-06-30
CUST00601,Victor Morris,M,112.0,Los Angeles,California,USA,Home Office,2026-02-05
CUST00602,Susan Davis,M,23.0,LOS ANGELES,California,USA,Consumer,2024-09-16
CUST00603,Kimberly Sharp,Male,45.0,Hyderabad,Telangana,India,Home Office,2026-03-18
CUST00604,Susan Thompson,F,51.0,Delhi,Delhi,India,Consumer,2025-10-01
CUST00605,Casey Gillespie,Other,39.0,new york,New York,USA,Corporate,2024-08-18
CUST00606,Jennifer Simpson DVM,Male,57.0,Lucknow,Uttar Pradesh,India,Home Office,2023-09-15
CUST00607,Tammy Mcdowell,Male,25.0,Chennai,Tamil Nadu,India,Consumer,2026-02-19
CUST00608,Keith Rodriguez,Female,20.0,Jaipur,Rajasthan,India,Home Office,11/06/2023
CUST00609,Mrs. Virginia Daniels,F,13.0,Hyderabad,Telangana,India,Corporate,2026-05-22
CUST00610,Todd Rosales MD,M,52.0,Delhi,Delhi,India,Corporate,2024-10-12
CUST00611,Brian Martin,Male,42.0,Chennai,Tamil Nadu,India,Corporate,2025-08-08
CUST00612,David Lopez,M,34.0,Manchester,England,UK,Consumer,2024-12-26
CUST00613,Rachel Bradley,F,38.0,HOUSTON,Texas,USA,Consumer,2024-07-08
CUST00614,Casey Chase,Other,21.0,Bengaluru,Karnataka,India,Corporate,2024-06-03
CUST00615,Samantha Robertson,F,64.0,Bengaluru,Karnataka,India,Home Office,2025-10-14
CUST00616,Michael Lopez,Male,36.0,New York,New York,USA,Home Office,2022-01-22
CUST00617,Franklin Wright,Male,36.0,Bengaluru,Karnataka,India,Home Office,2023-05-31
CUST00618,David Molina,M,43.0,Kolkata,West Bengal,India,Home Office,2022-09-03
CUST00619,Elizabeth Sharp,M,40.0,Chennai,Tamil Nadu,India,Corporate,2024-08-14
CUST00620,Matthew Schwartz,Male,37.0,Houston,Texas,USA,Corporate,2023-06-12
CUST00621,Bryan Parker,F,25.0,Pune,Maharashtra,India,Home Office,2022-05-23
CUST00622,Jonathan Jacobson,M,40.0,MANCHESTER,England,UK,Consumer,2024-06-02
CUST00623,Emily Wilson,M,57.0,PUNE,Maharashtra,India,Home Office,2023-05-29
CUST00624,Elizabeth Mendez,Male,51.0,Mumbai,Maharashtra,India,Corporate,2025-12-04
CUST00625,Casey Hernandez,M,54.0,Manchester,England,UK,Corporate,2026-05-28
CUST00626,Lisa Perry,,28.0,Bengaluru,Karnataka,India,Home Office,2025-10-28
CUST00627,Kaitlin Medina,F,23.0,NEW YORK,New York,USA,Corporate,2026-04-19
CUST00628,Colleen Wright,,33.0,Kolkata,West Bengal,India,Consumer,2025-11-11
CUST00629,Shelley Miller,F,35.0,HYDERABAD,Telangana,India,Corporate,2025-04-29
CUST00630,Michael Miller,Male,48.0,london,England,UK,Home Office,2023-11-23
CUST00631,Amy Kelley,Male,14.0,London,England,UK,Corporate,2026-02-26
CUST00632,Laura Hernandez,,53.0,Mumbai,Maharashtra,India,Corporate,2025-12-07
CUST00633,Joseph Wilson,F,33.0,Bengaluru,Karnataka,India,Consumer,2022-08-06
CUST00634,Kevin Davis,F,29.0,Houston,Texas,USA,Corporate,2024-04-03
CUST00635,Rhonda Chavez,Female,22.0,Kolkata,West Bengal,India,Home Office,2022-09-05
CUST00636,Joyce Brown,M,15.0,Chennai,Tamil Nadu,India,Consumer,2022-07-24
CUST00637,Robert Cummings,M,4.0,MANCHESTER,England,UK,Corporate,2025-12-18
CUST00638,Robert Reese,,35.0,Hyderabad,Telangana,India,Consumer,2024-04-23
CUST00639,,Female,19.0,manchester,England,UK,Home Office,2023-09-09
CUST00640,Amber Cooper,,19.0,Bengaluru,Karnataka,India,Consumer,2024-11-05
CUST00641,Zachary Michael,Male,30.0,KOLKATA,West Bengal,India,Corporate,2024-08-29
CUST00642,Timothy Johnson,Male,55.0,Lucknow,Uttar Pradesh,India,Consumer,2026-04-03
CUST00643,Randy Cannon,Other,31.0,Chennai,Tamil Nadu,India,Home Office,2023-04-27
CUST00644,Maria Fisher,M,16.0,new york,New York,USA,Consumer,2023-05-01
CUST00645,Janet Kane DVM,M,32.0,manchester,England,UK,Corporate,2023-03-19
CUST00646,Michael Stanley,Other,31.0,Kolkata,West Bengal,India,Corporate,
CUST00647,Martha Bailey,,2.0,London,England,UK,Consumer,2023-08-28
CUST00648,Joshua Rice,M,34.0,AHMEDABAD,Gujarat,India,Corporate,2024-09-28
CUST00649,Courtney Smith,F,32.0,Mumbai,Maharashtra,India,Home Office,2023-11-02
CUST00650,Edwin Nunez,F,43.0,mumbai,Maharashtra,India,Home Office,2026-02-11
CUST00651,Kim Morrow,Female,57.0,Bengaluru,Karnataka,India,Corporate,2022-01-26
CUST00652,Gregory Hill,F,48.0,ahmedabad,Gujarat,India,Consumer,2023-09-17
CUST00653,Molly Rodriguez,M,31.0,london,England,UK,Consumer,2023-01-14
CUST00654,Jennifer Miranda,F,21.0,Delhi,Delhi,India,Consumer,2023-08-31
CUST00655,Alexis Harris,Male,65.0,Delhi,Delhi,India,Corporate,2024-11-20
CUST00656,Andrew Harper,Female,35.0,London,England,UK,Corporate,2025-02-18
CUST00657,Amber Yang,Female,35.0,Ahmedabad,Gujarat,India,Consumer,2026-03-21
CUST00658,David Robinson,M,34.0,New York,New York,USA,Home Office,2023-07-22
CUST00659,Amy Gordon,,37.0,Bengaluru,Karnataka,India,Consumer,2023-08-22
CUST00660,Robert Dennis,Male,33.0,Kolkata,West Bengal,India,Consumer,2023-01-02
CUST00661,Kyle Chambers,,28.0,Hyderabad,Telangana,India,Consumer,08/07/2025
CUST00662,Eric Thomas,Female,28.0,Manchester,England,UK,Home Office,2023-08-21
CUST00663,Connie Turner,F,34.0,New York,New York,USA,Corporate,2023-10-31
CUST00664,Travis Hobbs,Other,28.0,london,England,UK,Consumer,2022-12-18
CUST00665,Lori Simmons,Female,26.0,Hyderabad,Telangana,India,Home Office,2022-11-26
CUST00666,William David DDS,Female,36.0,hyderabad,Telangana,India,Home Office,2025-03-22
CUST00667,Emma Butler,Other,31.0,Pune,Maharashtra,India,Consumer,2024-07-07
CUST00668,James Webster,F,53.0,Chicago,Illinois,USA,Corporate,2023-10-18
CUST00669,Samuel Turner,,3.0,Lucknow,Uttar Pradesh,India,Corporate,2025-03-20
CUST00670,Renee Melendez,Male,48.0,New York,New York,USA,Consumer,2022-10-13
CUST00671,Tracy Grant,Other,49.0,London,England,UK,Consumer,2023-02-04
CUST00672,David Harris,F,10.0,London,England,UK,Consumer,2024-03-18
CUST00673,Tammy Boone,Other,30.0,Los Angeles,California,USA,Corporate,2024-03-01
CUST00674,Nathaniel Lee,,30.0,Delhi,Delhi,India,Corporate,2024-05-01
CUST00675,Michael Morrison,F,18.0,HOUSTON,Texas,USA,Consumer,2022-06-26
CUST00676,Chelsea Gill,,25.0,CHICAGO,Illinois,USA,Consumer,2023-07-14
CUST00677,Kristin Mendoza,F,21.0,Kolkata,West Bengal,India,Home Office,2022-03-28
CUST00678,Felicia Krueger,M,56.0,London,England,UK,Home Office,2023-09-07
CUST00679,Timothy Hayden,M,46.0,Lucknow,Uttar Pradesh,India,Consumer,17/05/2023
CUST00680,Zachary Mendoza,Male,50.0,Los Angeles,California,USA,Home Office,2025-07-10
CUST00681,Larry Harris,Other,43.0,Mumbai,Maharashtra,India,Corporate,2023-10-17
CUST00682,Kristen Rowe,Male,21.0,Los Angeles,California,USA,Home Office,2023-08-17
CUST00683,Joseph Howard,,28.0,Chennai,Tamil Nadu,India,Corporate,2023-10-23
CUST00684,Jose Crawford,Other,40.0,LOS ANGELES,California,USA,Corporate,22/10/2022
CUST00685,William Harrison,F,20.0,New York,New York,USA,Home Office,2024-10-27
CUST00686,Suzanne Wood,Other,43.0,Bengaluru,Karnataka,India,Consumer,2022-09-26
CUST00687,Justin Walker,,32.0,London,England,UK,Consumer,2023-12-02
CUST00688,Dean Donovan,M,30.0,hyderabad,Telangana,India,Consumer,2022-09-14
CUST00689,Jennifer Hernandez,,43.0,DELHI,Delhi,India,Consumer,
CUST00690,James Whitaker,Male,40.0,MANCHESTER,England,UK,Home Office,2022-05-16
CUST00691,Mr. Michael Scott PhD,Other,30.0,Kolkata,West Bengal,India,Corporate,2022-03-01
CUST00692,Maria Henry,F,48.0,Los Angeles,California,USA,Home Office,2023-05-11
CUST00693,Robert Jackson,Male,22.0,Kolkata,West Bengal,India,Home Office,2026-03-25
CUST00694,Katherine Stark,M,42.0,Manchester,England,UK,Home Office,2022-08-08
CUST00695,Maria Brown,Other,42.0,Ahmedabad,Gujarat,India,Home Office,2024-08-12
CUST00696,Ryan Landry,Other,31.0,PUNE,Maharashtra,India,Corporate,2024-02-28
CUST00697,Pamela Gutierrez,M,38.0,Ahmedabad,Gujarat,India,Corporate,2023-01-22
CUST00698,Crystal Mann,,19.0,CHENNAI,Tamil Nadu,India,Consumer,2025-10-08
CUST00699,Jonathan Brooks,Male,46.0,Hyderabad,Telangana,India,Consumer,2026-02-27
CUST00700,Mary Jensen,Other,32.0,New York,New York,USA,Home Office,2023-04-22
CUST00701,Mr. Aaron Arnold,M,28.0,Jaipur,Rajasthan,India,Home Office,2023-12-31
CUST00702,Joseph Hill,,47.0,JAIPUR,Rajasthan,India,Consumer,2022-09-08
CUST00703,Alicia Li,,26.0,Bengaluru,Karnataka,India,Corporate,2022-02-24
CUST00704,Renee Browning,,18.0,Bengaluru,Karnataka,India,Home Office,2024-10-05
CUST00705,Brent Hernandez,M,16.0,Jaipur,Rajasthan,India,Consumer,2022-02-06
CUST00706,Joseph Ochoa,Other,42.0,Chicago,Illinois,USA,Consumer,
CUST00707,James Watson,,19.0,Manchester,England,UK,Home Office,2026-04-14
CUST00708,Karl Branch,M,56.0,Manchester,England,UK,Corporate,2024-03-12
CUST00709,Michael Abbott,Male,10.0,lucknow,Uttar Pradesh,India,Home Office,2024-01-21
CUST00710,Shannon Malone,Female,55.0,New York,New York,USA,Corporate,2024-04-23
CUST00711,James Tran,Male,37.0,delhi,Delhi,India,Corporate,2023-11-23
CUST00712,Adam Jackson,F,33.0,Houston,Texas,USA,Corporate,2023-10-11
CUST00713,Mr. Richard Knight PhD,F,28.0,Bengaluru,Karnataka,India,Corporate,2026-07-20
CUST00714,Joseph Williams,Other,39.0,Kolkata,West Bengal,India,Corporate,2025-01-02
CUST00715,Sean Clay,Male,34.0,Ahmedabad,Gujarat,India,Home Office,2025-03-30
CUST00716,Anthony Jones,,48.0,Manchester,England,UK,Consumer,2023-09-11
CUST00717,Stephanie Elliott,,36.0,Houston,Texas,USA,Consumer,2026-04-13
CUST00718,Timothy Edwards,F,36.0,Manchester,England,UK,Corporate,2024-08-15
CUST00719,Laurie Goodwin,M,30.0,Pune,Maharashtra,India,Consumer,2022-11-05
CUST00720,Jennifer Jones,M,34.0,Kolkata,West Bengal,India,Consumer,2022-11-25
CUST00721,David Davenport,M,38.0,KOLKATA,West Bengal,India,Consumer,2023-09-28
CUST00722,Steven Rivera,,14.0,kolkata,West Bengal,India,Home Office,2026-07-04
CUST00723,Brenda Hinton,M,18.0,manchester,England,UK,Home Office,2023-10-05
CUST00724,Kathryn Mccann,Male,43.0,Delhi,Delhi,India,Home Office,2023-04-29
CUST00725,Jeffrey Roberson,F,37.0,jaipur,Rajasthan,India,Home Office,2026-05-03
CUST00726,Randy Friedman,Other,32.0,Ahmedabad,Gujarat,India,Consumer,2023-03-15
CUST00727,Raymond Johnson,Other,35.0,Manchester,England,UK,Consumer,2025-01-22
CUST00728,Willie Henry,,39.0,Los Angeles,California,USA,Consumer,2025-08-14
CUST00729,Todd Reynolds,Male,28.0,Ahmedabad,Gujarat,India,Consumer,2025-12-05
CUST00730,Mary Miller,Female,25.0,London,England,UK,Consumer,2023-06-08
CUST00731,Rebecca Marquez,Male,37.0,London,England,UK,Corporate,2024-04-12
CUST00732,Christian Dawson,Female,23.0,Manchester,England,UK,Home Office,2024-05-15
CUST00733,Nancy Stewart,Male,39.0,Delhi,Delhi,India,Consumer,2026-02-19
CUST00734,Aaron Parker,Male,14.0,london,England,UK,Home Office,2025-07-10
CUST00735,Derrick Anderson,Female,47.0,Hyderabad,Telangana,India,Home Office,2023-10-17
CUST00736,Jerry Peters,F,40.0,New York,New York,USA,Consumer,2023-01-08
CUST00737,Alexander Gomez,F,38.0,Ahmedabad,Gujarat,India,Corporate,2025-12-07
CUST00738,Kyle Nguyen,M,46.0,HYDERABAD,Telangana,India,Corporate,2025-03-07
CUST00739,Edgar Hughes,Other,54.0,MANCHESTER,England,UK,Corporate,2023-01-26
CUST00740,Steven Stein,,47.0,CHICAGO,Illinois,USA,Corporate,2025-05-13
CUST00741,Laura Jackson,Female,12.0,chennai,Tamil Nadu,India,Home Office,2023-06-21
CUST00742,Charles Turner,Female,19.0,LONDON,England,UK,Home Office,2023-10-25
CUST00743,Arthur Hamilton MD,M,27.0,Houston,Texas,USA,Home Office,2022-05-01
CUST00744,Mr. David Wright,Other,35.0,PUNE,Maharashtra,India,Home Office,2024-02-20
CUST00745,Linda Gonzalez,Other,41.0,Pune,Maharashtra,India,Corporate,2023-11-26
CUST00746,Eric Rush,,26.0,Hyderabad,Telangana,India,Corporate,2024-10-19
CUST00747,Manuel Brock,Female,37.0,Lucknow,Uttar Pradesh,India,Corporate,2023-06-25
CUST00748,George Ochoa,Female,25.0,Hyderabad,Telangana,India,Corporate,2024-06-20
CUST00749,Valerie Taylor,,27.0,Jaipur,Rajasthan,India,Corporate,
CUST00750,Travis Harris,Other,18.0,MANCHESTER,England,UK,Consumer,2022-10-31
CUST00751,Vincent Novak,M,23.0,Jaipur,Rajasthan,India,Consumer,2022-01-09
CUST00752,Michael Henry,Other,18.0,Manchester,England,UK,Consumer,2025-10-27
CUST00753,Dana Bennett,Other,23.0,new york,New York,USA,Consumer,2025-09-12
CUST00754,Jenna Wilson,F,47.0,New York,New York,USA,Consumer,2023-10-28
CUST00755,Leslie Gardner,Female,23.0,lucknow,Uttar Pradesh,India,Corporate,2025-05-18
CUST00756,Krista Benton,,66.0,DELHI,Delhi,India,Corporate,2024-03-06
CUST00757,Michael Gonzales,Male,40.0,Manchester,England,UK,Home Office,2025-11-03
CUST00758,Michael Fuentes,M,37.0,Kolkata,West Bengal,India,Home Office,2025-02-27
CUST00759,Jennifer Porter,,24.0,Chennai,Tamil Nadu,India,Consumer,2023-12-01
CUST00760,Dana Hopkins,M,43.0,Manchester,England,UK,Consumer,2024-08-16
CUST00761,Rachel Jones,F,28.0,Lucknow,Uttar Pradesh,India,Corporate,2022-04-08
CUST00762,Karen Morales DDS,F,36.0,HOUSTON,Texas,USA,Home Office,2025-03-10
CUST00763,Melissa Stephens,Male,65.0,MUMBAI,Maharashtra,India,Home Office,2023-01-03
CUST00764,Heather Woodard,Female,33.0,Lucknow,Uttar Pradesh,India,Consumer,2024-07-10
CUST00765,Margaret Miller,,48.0,jaipur,Rajasthan,India,Home Office,2022-01-12
CUST00766,Mary Kelly,F,26.0,Chicago,Illinois,USA,Home Office,2024-09-23
CUST00767,Amanda Terrell,Female,34.0,chicago,Illinois,USA,Consumer,2023-01-26
CUST00768,Jennifer Goodwin,Male,56.0,Manchester,England,UK,Corporate,2025-07-06
CUST00769,Jessica Smith,M,27.0,hyderabad,Telangana,India,Corporate,2022-11-09
CUST00770,Jorge Stone,,56.0,Ahmedabad,Gujarat,India,Corporate,2022-04-15
CUST00771,Laura Griffin,F,43.0,Manchester,England,UK,Home Office,
CUST00772,Raymond Chapman,,28.0,manchester,England,UK,Corporate,2025-03-26
CUST00773,Haley Johnson,,42.0,Bengaluru,Karnataka,India,Corporate,2025-11-29
CUST00774,Jason Nixon,,46.0,London,England,UK,Consumer,2023-11-26
CUST00775,Todd Thomas,M,42.0,Lucknow,Uttar Pradesh,India,Consumer,2025-10-10
CUST00776,Jesse Clark,M,16.0,Kolkata,West Bengal,India,Corporate,2022-09-22
CUST00777,Mr. Jeffrey Horton,,26.0,Manchester,England,UK,Home Office,2022-02-07
CUST00778,Eric Patrick,Other,32.0,Pune,Maharashtra,India,Corporate,2023-04-10
CUST00779,Samuel Wong,Male,34.0,Pune,Maharashtra,India,Corporate,2025-11-14
CUST00780,Carly Riggs,Male,42.0,London,England,UK,Consumer,2026-05-20
CUST00781,Christopher Moore,M,37.0,bengaluru,Karnataka,India,Corporate,2024-01-11
CUST00782,Tina Hall,M,18.0,Bengaluru,Karnataka,India,Consumer,2022-09-09
CUST00783,Cody Davidson,M,39.0,Ahmedabad,Gujarat,India,Home Office,2022-12-17
CUST00784,Allen Mendez,M,42.0,Ahmedabad,Gujarat,India,Home Office,2023-04-13
CUST00785,Kevin Price,Male,41.0,Los Angeles,California,USA,Corporate,2026-01-09
CUST00786,Christine Goodwin,,47.0,Chennai,Tamil Nadu,India,Home Office,2025-08-06
CUST00787,Amy Garcia,Other,,Lucknow,Uttar Pradesh,India,Corporate,2023-09-16
CUST00788,Chelsea Nguyen,M,40.0,Hyderabad,Telangana,India,Home Office,2025-01-19
CUST00789,Dennis Huffman,,34.0,Chicago,Illinois,USA,Home Office,2025-01-05
CUST00790,Margaret Harper,Male,15.0,Lucknow,Uttar Pradesh,India,Home Office,2023-11-29
CUST00791,Laurie Bailey,Other,40.0,Jaipur,Rajasthan,India,Home Office,2024-10-31
CUST00792,Lisa Cervantes,Male,37.0,LOS ANGELES,California,USA,Consumer,2022-09-13
CUST00793,Elizabeth Mendez,M,38.0,Ahmedabad,Gujarat,India,Consumer,2026-01-04
CUST00794,Cesar Wilson,M,19.0,Bengaluru,Karnataka,India,Consumer,2024-01-10
CUST00795,Clayton Steele,,22.0,DELHI,Delhi,India,Home Office,2024-09-02
CUST00796,Jennifer Taylor,,47.0,Chicago,Illinois,USA,Consumer,2024-06-20
CUST00797,Cody Reid,,34.0,Hyderabad,Telangana,India,Corporate,2025-12-13
CUST00798,Maria Cooke,Male,43.0,Pune,Maharashtra,India,Corporate,2022-09-01
CUST00799,Katherine Taylor,Female,35.0,pune,Maharashtra,India,Home Office,2024-02-06
CUST00800,Jerry Brown,M,,HOUSTON,Texas,USA,Home Office,2023-08-04
CUST00801,Adam Taylor,Other,46.0,LOS ANGELES,California,USA,Corporate,2024-09-12
CUST00802,Tracey Wagner,,28.0,Hyderabad,Telangana,India,Home Office,2024-07-10
CUST00803,Michael Perry PhD,,36.0,Houston,Texas,USA,Consumer,2022-04-04
CUST00804,Bradley Johnson DDS,,29.0,Chennai,Tamil Nadu,India,Consumer,2025-12-19
CUST00805,Donald Medina,F,29.0,Pune,Maharashtra,India,Consumer,2024-10-26
CUST00806,Jim Newton,F,31.0,Jaipur,Rajasthan,India,Home Office,2025-04-01
CUST00807,Krista Wilson,Other,37.0,Pune,Maharashtra,India,Consumer,2023-01-05
CUST00808,Reginald Morrow,Other,29.0,Bengaluru,Karnataka,India,Home Office,2023-01-10
CUST00809,Rodney Williams,M,50.0,CHENNAI,Tamil Nadu,India,Consumer,07/01/2023
CUST00810,Kimberly Fritz,F,24.0,Houston,Texas,USA,Corporate,2022-09-05
CUST00811,Ronald Potter,M,32.0,Chicago,Illinois,USA,Consumer,2025-02-06
CUST00812,Zachary Cole,Other,29.0,Jaipur,Rajasthan,India,Corporate,2026-04-12
CUST00813,Robert Gonzales,Female,52.0,Delhi,Delhi,India,Corporate,2022-10-19
CUST00814,Patricia Young PhD,Male,37.0,LONDON,England,UK,Corporate,2025-06-25
CUST00815,Heather Page,F,47.0,Jaipur,Rajasthan,India,Consumer,2023-12-21
CUST00816,Carol Taylor,M,17.0,Delhi,Delhi,India,Home Office,2022-10-14
CUST00817,Daniel Brown,,38.0,New York,New York,USA,Corporate,2026-03-22
CUST00818,Douglas Ryan,F,45.0,Kolkata,West Bengal,India,Consumer,2025-11-17
CUST00819,Michael Roberts,,35.0,Chennai,Tamil Nadu,India,Home Office,2026-04-11
CUST00820,Scott Duke,F,47.0,Mumbai,Maharashtra,India,Consumer,2022-09-10
CUST00821,Anna Estes,Male,28.0,MUMBAI,Maharashtra,India,Home Office,2023-01-31
CUST00822,Tamara Riddle,M,51.0,Los Angeles,California,USA,Consumer,2026-07-14
CUST00823,Beth Cline,M,62.0,Jaipur,Rajasthan,India,Corporate,2022-01-15
CUST00824,Michael Poole,Male,30.0,Manchester,England,UK,Home Office,2025-10-08
CUST00825,Megan Burns,Other,29.0,DELHI,Delhi,India,Home Office,2023-04-12
CUST00826,Debra Perry,Male,52.0,Mumbai,Maharashtra,India,Home Office,2023-06-02
CUST00827,Mark Beard,M,53.0,Pune,Maharashtra,India,Home Office,2024-04-13
CUST00828,Jose Ramirez,M,28.0,Pune,Maharashtra,India,Consumer,2024-05-10
CUST00829,Jackie Clements,Other,29.0,Mumbai,Maharashtra,India,Home Office,2022-06-02
CUST00830,Aaron Schroeder,Other,31.0,BENGALURU,Karnataka,India,Consumer,2022-02-19
CUST00831,Monica Ellis,Male,18.0,Bengaluru,Karnataka,India,Home Office,2023-11-15
CUST00832,Heather Brown,M,23.0,London,England,UK,Home Office,2022-06-25
CUST00833,Claudia Jordan,Male,22.0,delhi,Delhi,India,Consumer,2022-04-23
CUST00834,Derrick Clayton,,25.0,Pune,Maharashtra,India,Corporate,2026-03-21
CUST00835,Kenneth Knight,Male,34.0,Chicago,Illinois,USA,Corporate,2022-07-27
CUST00836,Mr. Michael Williams,Female,37.0,KOLKATA,West Bengal,India,Consumer,2025-12-31
CUST00837,Richard Stevens,Male,53.0,Jaipur,Rajasthan,India,Home Office,2023-01-16
CUST00838,Scott Alexander,Female,23.0,Houston,Texas,USA,Home Office,2025-04-10
CUST00839,Tyler Harris,F,46.0,New York,New York,USA,Home Office,2025-09-08
CUST00840,Bonnie Santos,,32.0,Pune,Maharashtra,India,Home Office,2023-02-17
CUST00841,Timothy Hill,Female,34.0,London,England,UK,Consumer,2023-11-19
CUST00842,Danielle Watson,M,43.0,manchester,England,UK,Corporate,2023-04-17
CUST00843,Carol Sanders,F,21.0,Chicago,Illinois,USA,Corporate,14/01/2024
CUST00844,Michael Young,Other,39.0,London,England,UK,Corporate,2022-03-31
CUST00845,Michele Smith,Male,36.0,Chennai,Tamil Nadu,India,Home Office,2022-02-14
CUST00846,Casey Perez,Other,40.0,Hyderabad,Telangana,India,Home Office,2023-03-07
CUST00847,Alexandra Dominguez,M,38.0,houston,Texas,USA,Corporate,2022-09-25
CUST00848,Virginia Henderson,Other,64.0,Houston,Texas,USA,Corporate,2025-06-15
CUST00849,Benjamin Reyes,M,27.0,AHMEDABAD,Gujarat,India,Consumer,2022-09-16
CUST00850,Ashley Edwards,F,28.0,Manchester,England,UK,Home Office,2024-03-05
CUST00851,Breanna Ayala,Other,27.0,London,England,UK,Home Office,2024-09-16
CUST00852,Brandi Haney,M,28.0,Pune,Maharashtra,India,Corporate,2023-04-26
CUST00853,Joseph Smith,Male,27.0,jaipur,Rajasthan,India,Home Office,2024-06-29
CUST00854,Jessica Bowen,Male,49.0,New York,New York,USA,Consumer,2026-07-06
CUST00855,Brittany Jenkins,Other,52.0,Jaipur,Rajasthan,India,Consumer,2024-10-24
CUST00856,Shannon Miller,Other,28.0,BENGALURU,Karnataka,India,Home Office,2023-02-15
CUST00857,Paul Lawrence,Other,,Jaipur,Rajasthan,India,Corporate,2026-03-21
CUST00858,Victor Edwards,Male,40.0,Lucknow,Uttar Pradesh,India,Home Office,2024-04-10
CUST00859,Donald Miller,F,28.0,Hyderabad,Telangana,India,Home Office,2023-03-06
CUST00860,Lindsay Lawson,Female,42.0,london,England,UK,Home Office,2024-05-28
CUST00861,Melissa Abbott,Other,37.0,Mumbai,Maharashtra,India,Corporate,20/02/2026
CUST00862,Elizabeth Holmes,F,16.0,Houston,Texas,USA,Consumer,2025-01-06
CUST00863,Nicole Phillips,M,53.0,Hyderabad,Telangana,India,Consumer,2026-06-25
CUST00864,Steven Blevins,M,56.0,CHICAGO,Illinois,USA,Corporate,2024-08-30
CUST00865,Brian Porter MD,Female,27.0,Delhi,Delhi,India,Corporate,2025-11-12
CUST00866,Vanessa Hatfield,Female,30.0,Lucknow,Uttar Pradesh,India,Corporate,2024-07-20
CUST00867,Bonnie Valencia,Female,38.0,chicago,Illinois,USA,Consumer,2024-09-06
CUST00868,Holly Vega,Female,39.0,Lucknow,Uttar Pradesh,India,Home Office,2025-05-21
CUST00869,Tiffany Townsend,Female,42.0,london,England,UK,Home Office,2022-05-12
CUST00870,Austin Baker,Other,59.0,Manchester,England,UK,Home Office,2023-08-13
CUST00871,Antonio Mccormick,,32.0,Lucknow,Uttar Pradesh,India,Corporate,2024-04-30
CUST00872,Lori Mason,Other,25.0,chennai,Tamil Nadu,India,Home Office,2022-03-31
CUST00873,Michael Miller,F,18.0,lucknow,Uttar Pradesh,India,Corporate,2023-03-21
CUST00874,Lisa Ramirez,F,26.0,Delhi,Delhi,India,Consumer,2024-04-19
CUST00875,Jorge Harris,M,34.0,Delhi,Delhi,India,Corporate,2023-12-05
CUST00876,Kimberly Myers,F,56.0,bengaluru,Karnataka,India,Home Office,2024-08-08
CUST00877,Sandra Becker,Male,28.0,LONDON,England,UK,Consumer,2022-11-27
CUST00878,Michael Blair,Female,37.0,Chicago,Illinois,USA,Home Office,2023-07-14
CUST00879,Amy Miller,Male,34.0,kolkata,West Bengal,India,Corporate,2024-12-06
CUST00880,Jesse Lynch,Female,112.0,LONDON,England,UK,Consumer,2026-04-21
CUST00881,Patrick Yang,Male,65.0,HOUSTON,Texas,USA,Home Office,2023-01-29
CUST00882,Michael Miles,Female,28.0,chennai,Tamil Nadu,India,Home Office,2026-07-29
CUST00883,Troy Mills,,29.0,chicago,Illinois,USA,Corporate,2024-01-01
CUST00884,Michelle Jackson,Female,47.0,kolkata,West Bengal,India,Home Office,2025-08-24
CUST00885,Richard Adams,F,43.0,manchester,England,UK,Home Office,2025-03-11
CUST00886,Patricia Johnson,,57.0,Chicago,Illinois,USA,Home Office,2023-11-12
CUST00887,Denise Brown,,42.0,MANCHESTER,England,UK,Home Office,2025-04-13
CUST00888,Laura Jones,Female,30.0,Mumbai,Maharashtra,India,Consumer,2023-09-25
CUST00889,Ian Porter,,42.0,Hyderabad,Telangana,India,Corporate,2023-02-23
CUST00890,Holly Scott,M,48.0,NEW YORK,New York,USA,Corporate,2026-05-31
CUST00891,Kenneth Sharp,,44.0,Mumbai,Maharashtra,India,Home Office,2023-02-26
CUST00892,Jordan Williams,M,41.0,Ahmedabad,Gujarat,India,Consumer,2024-06-24
CUST00893,Dana Ruiz,Female,47.0,pune,Maharashtra,India,Consumer,2022-07-07
CUST00894,Chris Velazquez,Other,49.0,Houston,Texas,USA,Corporate,2023-05-17
CUST00895,Kristen Sloan,M,51.0,Kolkata,West Bengal,India,Home Office,2024-01-07
CUST00896,Jennifer Morris,Male,42.0,Houston,Texas,USA,Corporate,2022-02-10
CUST00897,Nathan Nelson,F,32.0,Hyderabad,Telangana,India,Corporate,2023-09-19
CUST00898,Jake Shaw,,36.0,Hyderabad,Telangana,India,Corporate,09/01/2022
CUST00899,Cassie Brock,Male,49.0,Houston,Texas,USA,Consumer,2024-09-29
CUST00900,Dr. Andrea Marshall,,25.0,Bengaluru,Karnataka,India,Home Office,2024-06-12
CUST00901,Ryan Murphy,Female,39.0,Manchester,England,UK,Corporate,2024-02-29
CUST00902,Aimee Gonzalez,Female,30.0,Mumbai,Maharashtra,India,Home Office,2024-07-21
CUST00903,Elizabeth Dean,,35.0,CHENNAI,Tamil Nadu,India,Consumer,2025-08-12
CUST00904,Kevin Snyder,,50.0,Kolkata,West Bengal,India,Home Office,2025-11-17
CUST00905,Christie Mccullough,Other,37.0,Lucknow,Uttar Pradesh,India,Corporate,2022-07-02
CUST00906,,Male,35.0,Kolkata,West Bengal,India,Corporate,2022-12-11
CUST00907,Danielle Smith,M,18.0,Houston,Texas,USA,Consumer,2024-02-07
CUST00908,David Reed,Other,43.0,London,England,UK,Corporate,2026-03-16
CUST00909,Sherry Tapia,Male,42.0,London,England,UK,Corporate,2022-12-07
CUST00910,Matthew Sweeney,Male,60.0,Mumbai,Maharashtra,India,Consumer,26/07/2022
CUST00911,Ashley Moreno,M,31.0,Bengaluru,Karnataka,India,Corporate,2024-12-01
CUST00912,Johnathan Brown,,37.0,Houston,Texas,USA,Home Office,2023-10-08
CUST00913,Michelle Davis DVM,,37.0,Pune,Maharashtra,India,Consumer,2022-01-07
CUST00914,Kelly Haynes,M,53.0,Mumbai,Maharashtra,India,Home Office,2025-12-03
CUST00915,William Miller,,105.0,Manchester,England,UK,Corporate,2022-02-04
CUST00916,Casey Wilkins,M,38.0,Ahmedabad,Gujarat,India,Home Office,2022-06-16
CUST00917,Keith Graham,,42.0,Bengaluru,Karnataka,India,Consumer,2022-10-21
CUST00918,Cynthia Green,M,37.0,Manchester,England,UK,Corporate,2025-01-28
CUST00919,Robert Haynes,,29.0,Ahmedabad,Gujarat,India,Corporate,2025-12-04
CUST00920,Emily Nelson,,37.0,Chicago,Illinois,USA,Home Office,2024-09-02
CUST00921,Dale Chan,F,47.0,MANCHESTER,England,UK,Corporate,2023-04-04
CUST00922,Brittney Martin,M,22.0,Chicago,Illinois,USA,Consumer,2025-09-01
CUST00923,Jason Herrera,Female,36.0,JAIPUR,Rajasthan,India,Consumer,2022-07-02
CUST00924,,Male,26.0,LOS ANGELES,California,USA,Consumer,2024-02-18
CUST00925,Christine Parker,,49.0,Chicago,Illinois,USA,Consumer,2025-10-23
CUST00926,Bryan Moore,Female,16.0,Bengaluru,Karnataka,India,Corporate,2022-10-24
CUST00927,Samantha Terry,Other,28.0,hyderabad,Telangana,India,Home Office,2026-06-30
CUST00928,Russell Murphy,,39.0,Bengaluru,Karnataka,India,Consumer,2025-07-16
CUST00929,David Kelly,Female,53.0,New York,New York,USA,Home Office,2026-07-18
CUST00930,Megan Green,Other,34.0,Chicago,Illinois,USA,Corporate,2022-11-23
CUST00931,Amanda Sullivan MD,,28.0,Los Angeles,California,USA,Corporate,2023-08-03
CUST00932,Danielle Murray,,57.0,BENGALURU,Karnataka,India,Home Office,2025-04-03
CUST00933,Brenda Smith,Female,17.0,Chennai,Tamil Nadu,India,Consumer,2022-10-24
CUST00934,Vickie Anderson,,8.0,Los Angeles,California,USA,Consumer,2022-10-30
CUST00935,Jacqueline Mccoy,F,40.0,Bengaluru,Karnataka,India,Consumer,2022-08-29
CUST00936,Lauren Green,,28.0,chicago,Illinois,USA,Home Office,2023-09-12
CUST00937,Alison Brown,Male,22.0,Delhi,Delhi,India,Consumer,2023-07-18
CUST00938,Jill Anderson,M,43.0,Bengaluru,Karnataka,India,Home Office,2022-02-17
CUST00939,Sandra Rivera,Female,37.0,Bengaluru,Karnataka,India,Consumer,2025-08-13
CUST00940,Joel Jackson,Male,28.0,Chennai,Tamil Nadu,India,Home Office,2025-01-03
CUST00941,Samantha Foster,Female,,Bengaluru,Karnataka,India,Corporate,2022-08-29
CUST00942,Michael Thompson,Other,45.0,NEW YORK,New York,USA,Consumer,2023-02-27
CUST00943,Cody Ramirez,,,Delhi,Delhi,India,Corporate,2025-01-19
CUST00944,Amanda Harvey,M,33.0,Pune,Maharashtra,India,Home Office,2025-09-11
CUST00945,Edward Jenkins,Female,57.0,Los Angeles,California,USA,Consumer,2025-09-19
CUST00946,Amy Ramirez,F,22.0,Hyderabad,Telangana,India,Corporate,2022-09-21
CUST00947,Curtis Wilkerson,Female,16.0,chennai,Tamil Nadu,India,Home Office,2024-05-21
CUST00948,Lydia Pham,F,26.0,Jaipur,Rajasthan,India,Corporate,2024-02-02
CUST00949,Virginia Casey,F,34.0,Hyderabad,Telangana,India,Home Office,2025-05-21
CUST00950,Joshua Washington,Female,37.0,HOUSTON,Texas,USA,Consumer,2024-01-14
CUST00951,Kathryn Price,Male,32.0,JAIPUR,Rajasthan,India,Home Office,2023-04-01
CUST00952,Francis Robinson,F,39.0,Lucknow,Uttar Pradesh,India,Consumer,2023-12-16
CUST00953,Paula Brown,F,19.0,Pune,Maharashtra,India,Corporate,2023-12-08
CUST00954,Kendra Wang DVM,M,52.0,Manchester,England,UK,Corporate,2025-12-31
CUST00955,Ariel Sandoval,,34.0,Pune,Maharashtra,India,Corporate,2026-05-12
CUST00956,Robert Stark,Female,48.0,Los Angeles,California,USA,Consumer,2024-05-26
CUST00957,Zachary Robinson,Male,39.0,Lucknow,Uttar Pradesh,India,Consumer,2022-06-12
CUST00958,Rebecca Kelly,F,40.0,Delhi,Delhi,India,Consumer,2022-01-22
CUST00959,Sarah Thompson,F,41.0,Manchester,England,UK,Home Office,2024-12-26
CUST00960,Renee Wolfe,F,40.0,Mumbai,Maharashtra,India,Consumer,2023-05-16
CUST00961,Alyssa Haynes,Other,42.0,London,England,UK,Home Office,2024-12-08
CUST00962,Kristy Hart,,50.0,Los Angeles,California,USA,Home Office,2024-02-04
CUST00963,William Keith,Female,37.0,Bengaluru,Karnataka,India,Home Office,2022-01-05
CUST00964,Eric Henry Jr.,Other,43.0,Pune,Maharashtra,India,Consumer,2022-04-28
CUST00965,Daniel Fox,Male,33.0,Mumbai,Maharashtra,India,Consumer,2022-01-19
CUST00966,Thomas Harris,M,52.0,HOUSTON,Texas,USA,Corporate,2022-11-15
CUST00967,Mitchell Sellers,M,26.0,Los Angeles,California,USA,Corporate,2022-08-11
CUST00968,Erica Johnson,Male,56.0,HOUSTON,Texas,USA,Corporate,2025-12-23
CUST00969,Sylvia Schroeder,Male,34.0,New York,New York,USA,Home Office,2024-09-08
CUST00970,Shannon Yu,,17.0,Manchester,England,UK,Corporate,2026-04-15
CUST00971,Tom Foster,Male,36.0,HYDERABAD,Telangana,India,Consumer,2022-02-13
CUST00972,Eric Taylor,Other,26.0,Pune,Maharashtra,India,Corporate,19/02/2026
CUST00973,Travis Conner,,45.0,Ahmedabad,Gujarat,India,Corporate,2023-07-30
CUST00974,Marie Thompson,F,27.0,Kolkata,West Bengal,India,Consumer,2026-02-04
CUST00975,Melissa Mcfarland,M,,AHMEDABAD,Gujarat,India,Consumer,2023-07-15
CUST00976,Courtney Chapman,Other,12.0,Delhi,Delhi,India,Consumer,2025-12-04
CUST00977,Eric Barker,Female,29.0,Houston,Texas,USA,Consumer,2023-07-29
CUST00978,Nicholas Rush,Other,5.0,CHENNAI,Tamil Nadu,India,Consumer,2026-03-06
CUST00979,Jenna Gamble,,15.0,Houston,Texas,USA,Consumer,2023-09-16
CUST00980,Amanda Guzman,,44.0,New York,New York,USA,Home Office,2025-04-21
CUST00981,Tracy Walker,F,44.0,CHICAGO,Illinois,USA,Home Office,2025-07-13
CUST00982,Taylor Taylor,M,40.0,Kolkata,West Bengal,India,Consumer,2025-01-24
CUST00983,Cynthia Haas,F,23.0,HYDERABAD,Telangana,India,Corporate,2025-02-01
CUST00984,Stephen Davis,F,34.0,london,England,UK,Consumer,2024-09-15
CUST00985,Margaret Tanner,Female,34.0,jaipur,Rajasthan,India,Corporate,2025-03-05
CUST00986,Derek Wright,F,21.0,Manchester,England,UK,Corporate,2022-12-05
CUST00987,David Rodriguez,F,53.0,jaipur,Rajasthan,India,Home Office,2025-04-27
CUST00988,James Oconnor,F,45.0,Jaipur,Rajasthan,India,Consumer,2025-02-04
CUST00989,Stacey Snyder,Female,32.0,Hyderabad,Telangana,India,Consumer,2026-06-08
CUST00990,Joshua Garcia,Female,35.0,Los Angeles,California,USA,Home Office,2025-12-15
CUST00991,Sean Curtis,Female,37.0,lucknow,Uttar Pradesh,India,Consumer,2023-12-30
CUST00992,Carla Jones,F,10.0,Bengaluru,Karnataka,India,Corporate,2023-06-12
CUST00993,Elizabeth Flores,,32.0,Ahmedabad,Gujarat,India,Corporate,2026-03-22
CUST00994,Angela Jackson,F,26.0,hyderabad,Telangana,India,Home Office,2023-01-14
CUST00995,Nicholas Payne,Female,22.0,chennai,Tamil Nadu,India,Consumer,2022-12-30
CUST00996,Anna Wheeler,Male,31.0,Houston,Texas,USA,Corporate,2022-07-25
CUST00997,Karen Johnson,Female,56.0,CHICAGO,Illinois,USA,Consumer,2026-04-13
CUST00998,,Male,42.0,JAIPUR,Rajasthan,India,Corporate,2022-01-28
CUST00999,Carmen Preston,M,28.0,Delhi,Delhi,India,Consumer,2024-06-28
CUST01000,Brian Harris,M,41.0,jaipur,Rajasthan,India,Consumer,2022-07-30
CUST01001,Michael Bowen,M,51.0,Mumbai,Maharashtra,India,Home Office,2023-08-11
CUST01002,Deborah Campbell,Male,46.0,Bengaluru,Karnataka,India,Consumer,2023-08-01
CUST01003,Anthony Armstrong,,35.0,Pune,Maharashtra,India,Home Office,2025-05-13
CUST01004,Brittany Ward,,27.0,lucknow,Uttar Pradesh,India,Consumer,2025-09-17
CUST01005,Edward Stanley,M,43.0,hyderabad,Telangana,India,Consumer,2024-07-03
CUST01006,Christina Johnson,Other,39.0,Houston,Texas,USA,Corporate,2022-09-19
CUST01007,Edgar Miller,F,45.0,Houston,Texas,USA,Home Office,2025-09-01
CUST01008,Elizabeth Sanders,,42.0,Manchester,England,UK,Consumer,2025-04-04
CUST01009,Matthew Davis MD,Female,47.0,delhi,Delhi,India,Consumer,2022-02-05
CUST01010,Stephen Wood,F,28.0,Los Angeles,California,USA,Corporate,2022-10-13
CUST01011,Dennis Marshall,M,50.0,Ahmedabad,Gujarat,India,Home Office,2022-08-29
CUST01012,Derrick Brown,Female,37.0,Houston,Texas,USA,Corporate,2022-06-01
CUST01013,Mary Miller,Female,59.0,HYDERABAD,Telangana,India,Consumer,2025-03-11
CUST01014,Joshua Arellano,Female,26.0,Lucknow,Uttar Pradesh,India,Home Office,2025-08-13
CUST01015,Kristen Randall,M,55.0,Pune,Maharashtra,India,Corporate,2024-03-22
CUST01016,Jennifer Nichols,Female,37.0,Lucknow,Uttar Pradesh,India,Corporate,2022-07-08
CUST01017,Karen Keith,,27.0,Pune,Maharashtra,India,Corporate,2025-02-19
CUST01018,Blake Orr,Male,29.0,Chicago,Illinois,USA,Home Office,2025-08-17
CUST01019,Kathryn Lester,Male,31.0,NEW YORK,New York,USA,Corporate,2025-01-14
CUST01020,Megan Oliver,Male,40.0,Kolkata,West Bengal,India,Corporate,2023-07-06
CUST01021,Peter Thompson,Other,41.0,PUNE,Maharashtra,India,Home Office,25/09/2023
CUST01022,Dr. Rhonda Martinez,M,28.0,Kolkata,West Bengal,India,Home Office,2022-09-23
CUST01023,William Graham,Male,34.0,Bengaluru,Karnataka,India,Consumer,2026-06-19
CUST01024,Lori Flowers MD,,60.0,LONDON,England,UK,Home Office,2026-01-11
CUST01025,Suzanne Jones,Other,55.0,Chennai,Tamil Nadu,India,Consumer,2025-05-31
CUST01026,James Nguyen,M,40.0,New York,New York,USA,Home Office,2022-03-23
CUST01027,Jimmy Marks,Other,35.0,Delhi,Delhi,India,Consumer,2022-07-19
CUST01028,Lisa Mills,Other,36.0,MANCHESTER,England,UK,Consumer,2023-08-29
CUST01029,Jason Hernandez,Female,42.0,Chennai,Tamil Nadu,India,Home Office,2023-06-09
CUST01030,Olivia Ayers,,22.0,MANCHESTER,England,UK,Corporate,2024-04-01
CUST01031,Kristine Garcia,Male,31.0,New York,New York,USA,Home Office,2023-06-23
CUST01032,Joseph Cooper,M,14.0,Pune,Maharashtra,India,Corporate,2022-01-17
CUST01033,James Washington,M,39.0,Delhi,Delhi,India,Consumer,2023-12-16
CUST01034,Amanda Hill,Other,42.0,Bengaluru,Karnataka,India,Corporate,2023-02-13
CUST01035,Lee Steele,Female,29.0,Kolkata,West Bengal,India,Corporate,2022-03-20
CUST01036,Steve Rivera,M,53.0,Pune,Maharashtra,India,Consumer,2026-07-14
CUST01037,Patrick Mccall,Other,20.0,Mumbai,Maharashtra,India,Corporate,2025-07-25
CUST01038,Alicia Roth,M,17.0,London,England,UK,Corporate,2023-06-16
CUST01039,Douglas Vasquez,,37.0,Chennai,Tamil Nadu,India,Home Office,2025-01-01
CUST01040,Annette Melton,F,47.0,Chicago,Illinois,USA,Home Office,2023-02-11
CUST01041,William Ramos,,55.0,NEW YORK,New York,USA,Home Office,2022-10-30
CUST01042,Debra Butler,Male,29.0,Mumbai,Maharashtra,India,Home Office,2025-07-23
CUST01043,Chelsea Lewis,Female,47.0,Kolkata,West Bengal,India,Home Office,2024-02-13
CUST01044,Natalie Malone,,34.0,Mumbai,Maharashtra,India,Corporate,2023-09-21
CUST01045,Samantha Robertson,Female,32.0,Houston,Texas,USA,Corporate,2024-12-07
CUST01046,Eric Hunter,M,45.0,Chennai,Tamil Nadu,India,Home Office,2023-08-07
CUST01047,Samuel Suarez,Male,42.0,Bengaluru,Karnataka,India,Home Office,23/08/2025
CUST01048,Corey Whitaker,Female,16.0,Bengaluru,Karnataka,India,Home Office,2025-09-29
CUST01049,Danielle Bryant,M,52.0,CHICAGO,Illinois,USA,Home Office,2022-09-12
CUST01050,Michele Hill,,51.0,CHICAGO,Illinois,USA,Corporate,2023-04-04
CUST01051,Kathy Reid,Other,27.0,AHMEDABAD,Gujarat,India,Home Office,08/03/2022
CUST01052,Andre Watson,F,39.0,New York,New York,USA,Consumer,2023-05-11
CUST01053,Cassandra Harrell,F,40.0,HOUSTON,Texas,USA,Consumer,2026-01-31
CUST01054,Hannah Martin,,38.0,bengaluru,Karnataka,India,Home Office,2025-03-27
CUST01055,Nicole Barker,Female,28.0,Chennai,Tamil Nadu,India,Home Office,14/06/2024
CUST01056,James Martin,Female,26.0,delhi,Delhi,India,Consumer,2024-07-18
CUST01057,Traci Vincent,,34.0,Lucknow,Uttar Pradesh,India,Consumer,2026-07-11
CUST01058,Megan Adams,Male,49.0,Hyderabad,Telangana,India,Corporate,2022-07-31
CUST01059,Alejandro Deleon,Male,41.0,jaipur,Rajasthan,India,Consumer,2024-01-11
CUST01060,Alexa Buck,Other,30.0,HOUSTON,Texas,USA,Corporate,2022-06-06
CUST01061,Lindsay Smith,Male,44.0,chennai,Tamil Nadu,India,Corporate,2025-03-07
CUST01062,Robert Torres,F,-5.0,Manchester,England,UK,Consumer,2026-02-27
CUST01063,Maria Coleman,,48.0,Hyderabad,Telangana,India,Consumer,2022-03-02
CUST01064,Gregory King,,14.0,Jaipur,Rajasthan,India,Corporate,2025-12-21
CUST01065,Michael Holloway,F,30.0,Chicago,Illinois,USA,Home Office,2026-01-09
CUST01066,Brian Hunt,,21.0,Lucknow,Uttar Pradesh,India,Corporate,2024-06-06
CUST01067,Sarah Brooks,M,19.0,Bengaluru,Karnataka,India,Consumer,2024-02-05
CUST01068,Lisa Evans,M,48.0,Jaipur,Rajasthan,India,Consumer,2025-08-14
CUST01069,Arthur Mcneil,Other,29.0,New York,New York,USA,Corporate,2023-03-17
CUST01070,Shannon Green,M,39.0,Mumbai,Maharashtra,India,Consumer,2023-10-21
CUST01071,Stephanie Evans,,34.0,KOLKATA,West Bengal,India,Home Office,2025-05-29
CUST01072,Ralph Yoder,M,40.0,Houston,Texas,USA,Corporate,2023-02-10
CUST01073,Rebekah Greene,F,35.0,HOUSTON,Texas,USA,Consumer,2025-05-16
CUST01074,Melanie Griffith,F,19.0,Mumbai,Maharashtra,India,Home Office,
CUST01075,Yolanda Green,Other,46.0,MUMBAI,Maharashtra,India,Corporate,2026-07-02
CUST01076,James Johnson,M,29.0,Delhi,Delhi,India,Consumer,2024-03-16
CUST01077,Laura Lee,,16.0,los angeles,California,USA,Consumer,2022-01-22
CUST01078,Courtney Nichols,Male,29.0,CHENNAI,Tamil Nadu,India,Consumer,2026-07-22
CUST01079,Susan Powers,F,53.0,jaipur,Rajasthan,India,Corporate,2023-09-16
CUST01080,Sarah Pittman,F,45.0,Jaipur,Rajasthan,India,Corporate,2022-09-03
CUST01081,Catherine Davis,Other,30.0,London,England,UK,Corporate,2024-09-05
CUST01082,David Stokes,Female,30.0,AHMEDABAD,Gujarat,India,Home Office,2025-12-27
CUST01083,Catherine Frazier,M,31.0,kolkata,West Bengal,India,Consumer,12/03/2023
CUST01084,Brandon Kelly,M,59.0,New York,New York,USA,Home Office,2023-10-04
CUST01085,Elizabeth French,M,39.0,Bengaluru,Karnataka,India,Corporate,2024-07-15
CUST01086,David Carter,Male,40.0,Houston,Texas,USA,Consumer,2025-08-20
CUST01087,Julie Delacruz,Male,47.0,Mumbai,Maharashtra,India,Consumer,2025-09-17
CUST01088,Terry Jones,Other,37.0,Los Angeles,California,USA,Home Office,2024-11-06
CUST01089,Kathryn Dillon,F,31.0,Chicago,Illinois,USA,Corporate,2024-04-04
CUST01090,Edwin Brown,F,32.0,Bengaluru,Karnataka,India,Consumer,2023-03-26
CUST01091,Brenda Gonzalez,,34.0,Bengaluru,Karnataka,India,Home Office,2024-04-08
CUST01092,Keith Knox,,,Jaipur,Rajasthan,India,Consumer,2025-07-28
CUST01093,Eugene Baldwin,Female,43.0,Manchester,England,UK,Corporate,2022-12-15
CUST01094,Katherine Welch,Male,35.0,Hyderabad,Telangana,India,Consumer,2022-02-12
CUST01095,Mark Smith,Male,43.0,Los Angeles,California,USA,Corporate,2023-05-22
CUST01096,Philip Jackson,Other,34.0,Ahmedabad,Gujarat,India,Home Office,2022-07-12
CUST01097,Katherine Gallagher,Other,35.0,Los Angeles,California,USA,Home Office,2024-01-17
CUST01098,Lucas Schultz,M,11.0,MANCHESTER,England,UK,Home Office,2026-01-31
CUST01099,Vincent Reyes,,45.0,hyderabad,Telangana,India,Corporate,2025-11-26
CUST01100,Curtis Watson,Female,39.0,Bengaluru,Karnataka,India,Home Office,2024-07-09
CUST01101,Frank Whitaker,F,46.0,Los Angeles,California,USA,Home Office,2023-07-20
CUST01102,Michael Sims,Male,0.0,Bengaluru,Karnataka,India,Home Office,2026-06-11
CUST01103,Michael Cooper,M,60.0,Hyderabad,Telangana,India,Corporate,2025-07-01
CUST01104,James Chapman,M,33.0,Mumbai,Maharashtra,India,Consumer,2022-09-10
CUST01105,Rodney Evans,Female,48.0,Pune,Maharashtra,India,Home Office,2024-10-25
CUST01106,Nicholas Carlson,Female,22.0,JAIPUR,Rajasthan,India,Corporate,2024-06-03
CUST01107,Stephen Cowan,F,42.0,Ahmedabad,Gujarat,India,Home Office,2022-07-20
CUST01108,Steven Howard,M,22.0,Houston,Texas,USA,Corporate,2025-10-31
CUST01109,Travis Hull,M,27.0,LUCKNOW,Uttar Pradesh,India,Home Office,2025-07-10
CUST01110,Darryl Acosta,M,57.0,London,England,UK,Corporate,2024-01-03
CUST01111,Nicholas Lawrence,Other,32.0,mumbai,Maharashtra,India,Home Office,2022-07-01
CUST01112,Jacob Santos,M,37.0,LOS ANGELES,California,USA,Home Office,2025-03-04
CUST01113,Shawn Scott,,45.0,Mumbai,Maharashtra,India,Home Office,2022-04-22
CUST01114,Amber Vang,F,40.0,Bengaluru,Karnataka,India,Consumer,2022-05-05
CUST01115,Martha Smith,Female,36.0,Kolkata,West Bengal,India,Corporate,2022-10-07
CUST01116,Jennifer James,Male,39.0,Mumbai,Maharashtra,India,Consumer,18/05/2022
CUST01117,Kara Hernandez,Male,63.0,KOLKATA,West Bengal,India,Corporate,2024-11-01
CUST01118,Lorraine Turner,F,34.0,Chennai,Tamil Nadu,India,Consumer,2025-06-08
CUST01119,Mary Nelson,Female,37.0,Mumbai,Maharashtra,India,Corporate,2022-12-16
CUST01120,Breanna Rivas,Male,47.0,Lucknow,Uttar Pradesh,India,Corporate,2025-09-29
CUST01121,Nathan Wilson,Male,48.0,HYDERABAD,Telangana,India,Home Office,2025-03-01
CUST01122,Brian Gonzalez,Other,,LONDON,England,UK,Consumer,2022-10-13
CUST01123,Dennis Mills,Female,42.0,Los Angeles,California,USA,Corporate,2025-12-17
CUST01124,Michael Phillips,M,21.0,New York,New York,USA,Home Office,2026-05-27
CUST01125,Jon Clark,,54.0,Manchester,England,UK,Consumer,2025-03-25
CUST01126,Erin Smith,,21.0,New York,New York,USA,Consumer,2024-04-06
CUST01127,Susan Conley,,38.0,Bengaluru,Karnataka,India,Consumer,2023-04-20
CUST01128,Brittany Davis,Male,25.0,Chennai,Tamil Nadu,India,Consumer,2022-05-12
CUST01129,Misty Garcia,M,34.0,London,England,UK,Home Office,2022-12-23
CUST01130,David Hinton,F,38.0,Kolkata,West Bengal,India,Consumer,2023-04-07
CUST01131,John Garcia,Male,38.0,Delhi,Delhi,India,Corporate,
CUST01132,Andrew Roberts,Female,40.0,Delhi,Delhi,India,Corporate,2026-01-31
CUST01133,Emily Rodgers,M,54.0,Los Angeles,California,USA,Home Office,2026-06-30
CUST01134,Peter Williams,F,40.0,DELHI,Delhi,India,Consumer,2022-07-26
CUST01135,Mary Jackson,Female,32.0,Ahmedabad,Gujarat,India,Consumer,2024-03-10
CUST01136,Jeffrey Howell,Male,46.0,Ahmedabad,Gujarat,India,Corporate,2024-03-28
CUST01137,Anna Briggs,Female,49.0,MUMBAI,Maharashtra,India,Home Office,2023-02-15
CUST01138,James Rivers,F,20.0,New York,New York,USA,Home Office,2023-04-28
CUST01139,James Jefferson,F,42.0,pune,Maharashtra,India,Consumer,2026-02-23
CUST01140,Mariah Robles,Other,43.0,jaipur,Rajasthan,India,Consumer,2023-04-07
CUST01141,Michael Brown,,31.0,mumbai,Maharashtra,India,Consumer,2023-02-06
CUST01142,Caitlin Perry,F,51.0,MANCHESTER,England,UK,Corporate,2025-11-25
CUST01143,Rebekah Gregory,Female,33.0,Bengaluru,Karnataka,India,Home Office,2023-02-01
CUST01144,James Howard,Male,36.0,Mumbai,Maharashtra,India,Consumer,2026-06-13
CUST01145,Michael Roberson,F,32.0,PUNE,Maharashtra,India,Consumer,2023-01-05
CUST01146,Bianca Knapp,Other,35.0,LUCKNOW,Uttar Pradesh,India,Consumer,2025-09-08
CUST01147,Jason Williams,Other,21.0,Manchester,England,UK,Corporate,2023-03-28
CUST01148,Ernest Bush,M,17.0,Ahmedabad,Gujarat,India,Home Office,2024-10-28
CUST01149,Patricia Ray,Female,54.0,Manchester,England,UK,Home Office,2024-12-02
CUST01150,Vanessa Santiago,Male,24.0,HYDERABAD,Telangana,India,Consumer,2024-06-20
CUST01151,Joseph Haynes,M,23.0,Jaipur,Rajasthan,India,Corporate,2022-06-23
CUST01152,Matthew Wright,Other,9.0,Chicago,Illinois,USA,Corporate,2025-09-13
CUST01153,Michael Cruz,Male,27.0,Mumbai,Maharashtra,India,Home Office,2023-06-22
CUST01154,Kristin Huerta,M,19.0,Houston,Texas,USA,Home Office,2026-03-21
CUST01155,Mason Moore,Other,54.0,Lucknow,Uttar Pradesh,India,Corporate,2025-03-18
CUST01156,Sarah Booth,Other,47.0,London,England,UK,Consumer,2022-02-01
CUST01157,John Allen,,26.0,Lucknow,Uttar Pradesh,India,Home Office,2024-01-11
CUST01158,Amber Walker,M,62.0,MUMBAI,Maharashtra,India,Corporate,2023-10-20
CUST01159,Jennifer Young,Male,46.0,Mumbai,Maharashtra,India,Home Office,2025-02-13
CUST01160,Robert West,Female,31.0,New York,New York,USA,Consumer,2026-05-31
CUST01161,Jillian Wilson,M,5.0,Hyderabad,Telangana,India,Consumer,
CUST01162,Matthew Garcia MD,Other,62.0,AHMEDABAD,Gujarat,India,Consumer,2023-06-15
CUST01163,April Davis,F,18.0,ahmedabad,Gujarat,India,Home Office,2024-11-12
CUST01164,Lisa Torres,Other,15.0,HOUSTON,Texas,USA,Corporate,2023-08-03
CUST01165,Christine Powers,Female,47.0,Los Angeles,California,USA,Consumer,2022-11-25
CUST01166,Heidi Brown,,64.0,Bengaluru,Karnataka,India,Consumer,2026-05-19
CUST01167,Jesse Castro,Male,51.0,chicago,Illinois,USA,Consumer,2024-02-20
CUST01168,Kara Sandoval,F,41.0,houston,Texas,USA,Corporate,2026-06-23
CUST01169,Ashley Malone,Other,42.0,Jaipur,Rajasthan,India,Corporate,2023-11-05
CUST01170,Glenn Gallegos,F,45.0,Bengaluru,Karnataka,India,Corporate,2024-04-19
CUST01171,Dorothy Boyd,F,44.0,Manchester,England,UK,Corporate,2025-03-12
CUST01172,Amber Martin,Female,38.0,Hyderabad,Telangana,India,Home Office,2022-08-30
CUST01173,Mitchell Griffith,,36.0,Kolkata,West Bengal,India,Home Office,2022-09-05
CUST01174,Levi Lopez,Male,34.0,BENGALURU,Karnataka,India,Home Office,02/06/2024
CUST01175,Jenna Bryant,Other,25.0,Chicago,Illinois,USA,Corporate,2025-02-14
CUST01176,Michelle Rodriguez,,31.0,bengaluru,Karnataka,India,Corporate,2023-12-28
CUST01177,Timothy Monroe,F,14.0,Lucknow,Uttar Pradesh,India,Consumer,2026-01-22
CUST01178,Patricia Hayes,Male,33.0,Los Angeles,California,USA,Corporate,2022-12-28
CUST01179,Tina Taylor,M,23.0,NEW YORK,New York,USA,Corporate,2024-12-11
CUST01180,Mr. Anthony Mcconnell PhD,M,21.0,New York,New York,USA,Home Office,2026-02-13
CUST01181,Mr. Thomas Thompson,Female,37.0,NEW YORK,New York,USA,Corporate,2022-08-31
CUST01182,Monica Anderson,F,51.0,Jaipur,Rajasthan,India,Consumer,2025-09-26
CUST01183,,Male,46.0,mumbai,Maharashtra,India,Corporate,2025-01-06
CUST01184,Kyle Andrade,Male,16.0,Houston,Texas,USA,Corporate,2023-08-28
CUST01185,Janice Petty,Male,23.0,Manchester,England,UK,Consumer,2026-02-07
CUST01186,Pamela Hill,Male,46.0,Delhi,Delhi,India,Corporate,2025-07-15
CUST01187,Tracy Chavez,,23.0,Pune,Maharashtra,India,Home Office,2023-10-13
CUST01188,Jason Graves,Female,32.0,Mumbai,Maharashtra,India,Consumer,2023-03-27
CUST01189,Elizabeth Miles,Male,41.0,Manchester,England,UK,Corporate,2024-11-23
CUST01190,Michelle Walls,,23.0,kolkata,West Bengal,India,Home Office,2025-06-10
CUST01191,Christina Weber,M,36.0,Chennai,Tamil Nadu,India,Home Office,2025-09-30
CUST01192,Gregory Chambers,M,18.0,Manchester,England,UK,Home Office,2026-03-27
CUST01193,Miss Tina Gordon,M,27.0,HOUSTON,Texas,USA,Corporate,2023-10-16
CUST01194,Erica Wilson,M,38.0,Manchester,England,UK,Corporate,2023-07-03
CUST01195,John Duncan,Other,15.0,Jaipur,Rajasthan,India,Consumer,2024-05-20
CUST01196,Jennifer Adkins,Female,40.0,new york,New York,USA,Consumer,2023-03-30
CUST01197,Donna Boone,,34.0,NEW YORK,New York,USA,Corporate,19/01/2026
CUST01198,Kelly Johnson,M,41.0,Delhi,Delhi,India,Consumer,2023-02-11
CUST01199,Michael Gonzalez,Male,37.0,Lucknow,Uttar Pradesh,India,Consumer,2023-03-18
CUST01200,Candace Mitchell,,51.0,Bengaluru,Karnataka,India,Corporate,2023-08-03
CUST01201,Ryan Vaughn,Male,36.0,Bengaluru,Karnataka,India,Home Office,2026-02-25
CUST01202,Paul Johnson,,29.0,HOUSTON,Texas,USA,Corporate,2025-01-14
CUST01203,Ashley Parrish,Other,36.0,Kolkata,West Bengal,India,Consumer,2024-05-20
CUST01204,Sharon Newton,F,41.0,Jaipur,Rajasthan,India,Corporate,2024-05-29
CUST01205,Cynthia Mueller,M,35.0,Ahmedabad,Gujarat,India,Consumer,2024-02-03
CUST01206,Donna Beck,,35.0,Chicago,Illinois,USA,Consumer,2022-08-12
CUST01207,Jasmine Frye,M,26.0,Chennai,Tamil Nadu,India,Home Office,2022-06-21
CUST01208,Emily Arnold,Female,27.0,AHMEDABAD,Gujarat,India,Home Office,2024-04-23
CUST01209,David Oliver,Other,18.0,Houston,Texas,USA,Consumer,2025-02-25
CUST01210,Sheila Greer,Male,55.0,New York,New York,USA,Consumer,2026-02-23
CUST01211,Michele Holland,M,20.0,CHICAGO,Illinois,USA,Consumer,2024-11-30
CUST01212,Kimberly Morrison,F,26.0,Pune,Maharashtra,India,Consumer,2024-12-10
CUST01213,Tracey Phillips,F,26.0,LUCKNOW,Uttar Pradesh,India,Corporate,2026-01-14
CUST01214,Michael Lopez,Other,45.0,CHENNAI,Tamil Nadu,India,Corporate,2023-02-23
CUST01215,Jose Bennett,Female,31.0,Manchester,England,UK,Corporate,2026-01-14
CUST01216,Justin Anderson,,49.0,Mumbai,Maharashtra,India,Corporate,2022-01-12
CUST01217,Dawn Rivera,F,26.0,NEW YORK,New York,USA,Corporate,2025-05-02
CUST01218,Brittney Hernandez,F,38.0,Mumbai,Maharashtra,India,Corporate,2024-05-22
CUST01219,Anthony Randolph,F,24.0,KOLKATA,West Bengal,India,Home Office,2026-02-05
CUST01220,Mary Henry,F,60.0,Chicago,Illinois,USA,Corporate,2023-07-22
CUST01221,Heather Bowers,Female,20.0,Kolkata,West Bengal,India,Consumer,2022-07-07
CUST01222,Daniel White,,38.0,NEW YORK,New York,USA,Corporate,2022-10-08
CUST01223,Jonathan Perry,F,42.0,Bengaluru,Karnataka,India,Consumer,2025-12-17
CUST01224,Anna Walker,M,39.0,Kolkata,West Bengal,India,Corporate,2025-12-27
CUST01225,Gary Ward,,32.0,Bengaluru,Karnataka,India,Corporate,2022-02-21
CUST01226,Paul Moreno,,33.0,Kolkata,West Bengal,India,Consumer,2023-01-27
CUST01227,Samantha Zavala MD,Other,35.0,London,England,UK,Consumer,2023-11-04
CUST01228,Jill Conway,,33.0,JAIPUR,Rajasthan,India,Home Office,2024-09-07
CUST01229,Lisa Haley,M,46.0,Pune,Maharashtra,India,Home Office,2024-08-22
CUST01230,Erica Moon,Female,61.0,BENGALURU,Karnataka,India,Consumer,2025-12-31
CUST01231,Janice Fernandez,,28.0,Pune,Maharashtra,India,Consumer,2025-01-19
CUST01232,Thomas Short,,18.0,New York,New York,USA,Home Office,2025-12-23
CUST01233,Robert Griffin,F,33.0,Mumbai,Maharashtra,India,Corporate,2025-10-03
CUST01234,Steven Lee,,65.0,delhi,Delhi,India,Consumer,2025-11-11
CUST01235,Tiffany Jackson,M,25.0,Lucknow,Uttar Pradesh,India,Consumer,2025-03-09
CUST01236,Kimberly Smith,Female,54.0,Chennai,Tamil Nadu,India,Corporate,2022-02-11
CUST01237,Michael Ayala,Female,55.0,Delhi,Delhi,India,Home Office,2025-10-26
CUST01238,Jessica Garcia,Female,28.0,Hyderabad,Telangana,India,Corporate,2023-07-26
CUST01239,Michele Cherry,Other,41.0,Kolkata,West Bengal,India,Home Office,2023-06-26
CUST01240,Maria Case,Female,54.0,London,England,UK,Corporate,2025-04-13
CUST01241,Brittany Stevens,,30.0,Los Angeles,California,USA,Consumer,2023-12-02
CUST01242,Brandon Brown,M,32.0,Kolkata,West Bengal,India,Home Office,2022-08-25
CUST01243,Kristin Andrews,Other,28.0,New York,New York,USA,Consumer,2022-03-11
CUST01244,David Hughes,Female,22.0,Chennai,Tamil Nadu,India,Consumer,2022-07-25
CUST01245,Jessica Smith,Female,27.0,Mumbai,Maharashtra,India,Corporate,2025-11-23
CUST01246,Kimberly May,F,20.0,New York,New York,USA,Corporate,2023-04-25
CUST01247,Nicole Richards,F,35.0,Jaipur,Rajasthan,India,Home Office,2024-11-14
CUST01248,Angel Reilly,Male,25.0,Kolkata,West Bengal,India,Consumer,2025-09-20
CUST01249,Richard Turner,Male,8.0,Los Angeles,California,USA,Consumer,2023-02-15
CUST01250,Preston Kim,Male,16.0,HOUSTON,Texas,USA,Corporate,2025-11-03
CUST01251,Matthew Wells,,38.0,Bengaluru,Karnataka,India,Consumer,2024-08-25
CUST01252,Brandy Myers,Other,45.0,CHICAGO,Illinois,USA,Home Office,2022-10-01
CUST01253,Kimberly Choi,Female,11.0,Houston,Texas,USA,Consumer,2025-10-03
CUST01254,Michael Sloan,Male,39.0,Ahmedabad,Gujarat,India,Consumer,2025-06-04
CUST01255,Monica Brooks,Female,49.0,Manchester,England,UK,Corporate,2023-11-27
CUST01256,Kristen Peters,F,20.0,MANCHESTER,England,UK,Corporate,2024-05-13
CUST01257,Aaron Carlson,Other,55.0,Delhi,Delhi,India,Home Office,2024-04-08
CUST01258,Theresa Torres,Other,40.0,chicago,Illinois,USA,Home Office,2025-10-04
CUST01259,Stephanie Cooper,F,26.0,Bengaluru,Karnataka,India,Consumer,2024-02-03
CUST01260,,,34.0,Chennai,Tamil Nadu,India,Consumer,2025-10-13
CUST01261,Matthew Hunt,F,41.0,London,England,UK,Corporate,2024-09-29
CUST01262,Daniel Davenport,M,,Houston,Texas,USA,Corporate,2025-01-16
CUST01263,Christopher Marsh,Female,41.0,Lucknow,Uttar Pradesh,India,Consumer,2022-03-16
CUST01264,Sarah Randolph,F,23.0,Hyderabad,Telangana,India,Home Office,2023-07-17
CUST01265,Julia Dunn MD,,37.0,LONDON,England,UK,Consumer,2022-03-20
CUST01266,Brett Swanson,Male,18.0,Chicago,Illinois,USA,Home Office,2025-07-28
CUST01267,Mr. Carl Rios,F,33.0,Jaipur,Rajasthan,India,Corporate,2024-06-06
CUST01268,Manuel Mccullough,,24.0,ahmedabad,Gujarat,India,Consumer,2023-03-17
CUST01269,Jerry Jensen,M,26.0,jaipur,Rajasthan,India,Corporate,2023-01-07
CUST01270,Kevin Cunningham,Male,49.0,Hyderabad,Telangana,India,Consumer,2025-07-24
CUST01271,Eugene Patterson,Other,48.0,Delhi,Delhi,India,Corporate,2024-08-01
CUST01272,David Walker,Female,42.0,Mumbai,Maharashtra,India,Consumer,2022-11-07
CUST01273,Jessica Larsen,Other,21.0,chicago,Illinois,USA,Home Office,2022-06-10
CUST01274,Nicholas Humphrey,Female,31.0,Los Angeles,California,USA,Home Office,15/08/2024
CUST01275,Ian Torres,Female,49.0,Houston,Texas,USA,Home Office,2023-08-05
CUST01276,Casey Obrien,F,36.0,Hyderabad,Telangana,India,Consumer,2024-03-21
CUST01277,Shannon Taylor,,62.0,Chicago,Illinois,USA,Home Office,2025-05-12
CUST01278,Deborah Mercado,M,39.0,New York,New York,USA,Consumer,2024-04-07
CUST01279,Bernard Smith,Male,37.0,Chicago,Illinois,USA,Home Office,2024-08-08
CUST01280,Amanda Perkins,F,31.0,Houston,Texas,USA,Home Office,2025-06-21
CUST01281,Kevin Escobar,Other,36.0,Houston,Texas,USA,Home Office,2025-03-11
CUST01282,Kimberly Lutz,Female,33.0,Chicago,Illinois,USA,Home Office,2022-11-27
CUST01283,Reginald Diaz,,43.0,Kolkata,West Bengal,India,Consumer,2023-02-28
CUST01284,Raymond Quinn,Female,46.0,Chennai,Tamil Nadu,India,Home Office,2025-05-22
CUST01285,John Dixon,M,25.0,DELHI,Delhi,India,Consumer,2025-10-18
CUST01286,Jonathan Bates,F,19.0,Houston,Texas,USA,Corporate,2026-01-05
CUST01287,Renee Mendez,,12.0,manchester,England,UK,Home Office,2026-01-25
CUST01288,Jose Griffin,Male,41.0,london,England,UK,Corporate,2023-06-22
CUST01289,Travis Hopkins,,21.0,houston,Texas,USA,Corporate,2024-09-15
CUST01290,Nancy Webb,,9.0,Manchester,England,UK,Corporate,2025-11-12
CUST01291,Daniel Freeman,,39.0,pune,Maharashtra,India,Home Office,2023-03-29
CUST01292,Jacob Williams,,64.0,Chennai,Tamil Nadu,India,Home Office,2025-10-10
CUST01293,Terry Ward,Male,34.0,Lucknow,Uttar Pradesh,India,Home Office,2023-03-10
CUST01294,Jesse Williams,Other,45.0,Chicago,Illinois,USA,Corporate,2025-08-11
CUST01295,Mrs. Michele Boyd,Male,35.0,Manchester,England,UK,Corporate,2024-09-18
CUST01296,Sandy Baker,M,33.0,Kolkata,West Bengal,India,Home Office,2026-06-05
CUST01297,Carrie Valdez,Other,46.0,Mumbai,Maharashtra,India,Corporate,2024-12-09
CUST01298,Matthew Houston,Male,31.0,Bengaluru,Karnataka,India,Consumer,2024-12-31
CUST01299,Jamie Solomon,Female,38.0,London,England,UK,Home Office,2026-02-23
CUST01300,Heather Parrish,Male,38.0,London,England,UK,Consumer,2023-07-23
CUST01301,Mr. Larry Shaw,Male,26.0,LUCKNOW,Uttar Pradesh,India,Consumer,2025-04-14
CUST01302,Christopher Jones,F,46.0,new york,New York,USA,Home Office,2024-06-24
CUST01303,Christine Lopez,,32.0,manchester,England,UK,Home Office,2022-08-17
CUST01304,Mitchell Wilson,F,25.0,London,England,UK,Corporate,2023-07-09
CUST01305,Robert Cortez,M,41.0,Lucknow,Uttar Pradesh,India,Consumer,2025-10-20
CUST01306,Mr. Daniel Martin,Male,24.0,MANCHESTER,England,UK,Home Office,2024-11-09
CUST01307,Alison Williams,Female,35.0,LUCKNOW,Uttar Pradesh,India,Consumer,2023-12-03
CUST01308,Candace Soto,F,34.0,Ahmedabad,Gujarat,India,Home Office,2024-12-22
CUST01309,Kenneth Brown,Female,48.0,Hyderabad,Telangana,India,Home Office,2022-12-18
CUST01310,Christopher Mullen,Other,40.0,Manchester,England,UK,Corporate,2023-07-06
CUST01311,Kristy Smith,M,,New York,New York,USA,Corporate,2023-09-23
CUST01312,Mary Campbell,,44.0,Pune,Maharashtra,India,Home Office,2024-07-24
CUST01313,Jerry Haney,,51.0,Jaipur,Rajasthan,India,Consumer,2026-06-08
CUST01314,Carolyn Greer,F,41.0,london,England,UK,Consumer,2023-10-29
CUST01315,Rebecca Hoover,Male,35.0,Chicago,Illinois,USA,Home Office,2023-07-28
CUST01316,Matthew Baker,Male,19.0,New York,New York,USA,Home Office,2022-08-16
CUST01317,Grace Chavez,Female,22.0,Houston,Texas,USA,Home Office,2025-03-21
CUST01318,Crystal Cruz,,31.0,Jaipur,Rajasthan,India,Corporate,2022-10-15
CUST01319,Dale Heath,Other,27.0,Los Angeles,California,USA,Home Office,2023-01-13
CUST01320,Jennifer Hernandez,M,32.0,Jaipur,Rajasthan,India,Home Office,2022-09-02
CUST01321,John Mendez,Other,35.0,Pune,Maharashtra,India,Corporate,2024-06-14
CUST01322,Richard Gordon,Male,41.0,Lucknow,Uttar Pradesh,India,Home Office,2025-03-03
CUST01323,John Anderson,M,34.0,Delhi,Delhi,India,Corporate,2023-01-26
CUST01324,Samantha Prince,Other,40.0,London,England,UK,Home Office,2023-11-08
CUST01325,Marie Boyd,Female,35.0,Houston,Texas,USA,Consumer,2025-07-01
CUST01326,Andrew Moreno,F,11.0,Jaipur,Rajasthan,India,Home Office,2024-12-26
CUST01327,Robert Clarke,Male,23.0,hyderabad,Telangana,India,Home Office,26/07/2022
CUST01328,Kevin Figueroa,Female,33.0,Los Angeles,California,USA,Corporate,2023-04-17
CUST01329,Melissa Davis,Male,20.0,Ahmedabad,Gujarat,India,Corporate,2022-10-09
CUST01330,John Hall,Female,42.0,Mumbai,Maharashtra,India,Corporate,
CUST01331,Diane Mcdowell,Female,53.0,BENGALURU,Karnataka,India,Corporate,2025-03-30
CUST01332,Colin Fletcher,Other,49.0,Los Angeles,California,USA,Corporate,2022-07-05
CUST01333,Laura Wilson,Other,32.0,MUMBAI,Maharashtra,India,Consumer,2024-03-30
CUST01334,Matthew Watts,M,52.0,Houston,Texas,USA,Consumer,2025-12-07
CUST01335,,F,36.0,Jaipur,Rajasthan,India,Home Office,2023-05-25
CUST01336,Jack Moore,M,30.0,manchester,England,UK,Corporate,2026-02-24
CUST01337,Dawn Wyatt,Male,27.0,Chennai,Tamil Nadu,India,Consumer,2026-07-16
CUST01338,Jacob Hill,Male,31.0,Manchester,England,UK,Corporate,2023-06-28
CUST01339,Nicole Gutierrez,F,30.0,pune,Maharashtra,India,Consumer,2025-01-09
CUST01340,Karen Wood,M,37.0,Mumbai,Maharashtra,India,Home Office,2022-05-16
CUST01341,Dawn Parker,Other,36.0,LONDON,England,UK,Home Office,28/07/2025
CUST01342,Michael Fitzgerald,Female,35.0,Los Angeles,California,USA,Home Office,2024-10-06
CUST01343,Mary Adkins,F,40.0,hyderabad,Telangana,India,Consumer,2026-03-03
CUST01344,Michael Martin,F,49.0,Jaipur,Rajasthan,India,Corporate,2024-08-04
CUST01345,James Morgan,M,46.0,Hyderabad,Telangana,India,Consumer,2026-02-17
CUST01346,Melissa Mann,Male,17.0,CHENNAI,Tamil Nadu,India,Corporate,2026-06-16
CUST01347,Vincent Smith,F,4.0,Los Angeles,California,USA,Corporate,2024-04-10
CUST01348,Charles Frost,Other,46.0,Bengaluru,Karnataka,India,Corporate,2023-11-22
CUST01349,Austin Walker,M,18.0,London,England,UK,Home Office,2024-11-29
CUST01350,Andrew Cruz,Female,32.0,HYDERABAD,Telangana,India,Corporate,2022-08-16
CUST01351,Miss Kelly Dawson,F,20.0,London,England,UK,Home Office,2024-10-30
CUST01352,Theresa Wilkins,F,13.0,Ahmedabad,Gujarat,India,Home Office,2024-12-12
CUST01353,Jessica Harris,Female,41.0,Los Angeles,California,USA,Home Office,2022-12-08
CUST01354,Regina Mitchell,Male,44.0,Ahmedabad,Gujarat,India,Corporate,2025-06-02
CUST01355,Kyle Black,Other,,Lucknow,Uttar Pradesh,India,Corporate,2024-09-02
CUST01356,Christopher Johnson,Female,3.0,Lucknow,Uttar Pradesh,India,Consumer,2022-05-17
CUST01357,Aaron Moore,Male,28.0,Ahmedabad,Gujarat,India,Corporate,2025-04-26
CUST01358,Penny Gomez MD,,39.0,hyderabad,Telangana,India,Corporate,2025-10-08
CUST01359,Kelly Mclaughlin,,17.0,Mumbai,Maharashtra,India,Consumer,2026-04-30
CUST01360,Brandon Mitchell,Male,37.0,London,England,UK,Corporate,2026-01-14
CUST01361,Suzanne Bailey,Other,34.0,Bengaluru,Karnataka,India,Consumer,2025-12-24
CUST01362,Destiny Obrien,M,41.0,Delhi,Delhi,India,Corporate,2024-01-13
CUST01363,Timothy Andrews,Other,36.0,HOUSTON,Texas,USA,Home Office,2026-04-26
CUST01364,Jason Rodriguez,M,23.0,New York,New York,USA,Corporate,20/06/2022
CUST01365,Edward Arroyo,F,49.0,Ahmedabad,Gujarat,India,Corporate,2026-05-19
CUST01366,Tina Walter,Male,33.0,CHICAGO,Illinois,USA,Consumer,2026-06-14
CUST01367,Laura Benson,Other,34.0,Los Angeles,California,USA,Corporate,2026-07-28
CUST01368,Kristine Carrillo,M,23.0,London,England,UK,Consumer,2026-07-24
CUST01369,Tonya Ellis,Male,29.0,kolkata,West Bengal,India,Corporate,2022-07-22
CUST01370,Kevin Johnson,Other,24.0,Los Angeles,California,USA,Home Office,2023-05-25
CUST01371,Austin Schultz,Other,32.0,Jaipur,Rajasthan,India,Consumer,2025-01-25
CUST01372,Megan Hall MD,Other,55.0,Manchester,England,UK,Consumer,2026-02-24
CUST01373,Kelli Smith,,18.0,Delhi,Delhi,India,Corporate,2023-01-17
CUST01374,Danielle Davis,Other,15.0,London,England,UK,Home Office,24/10/2023
CUST01375,Samantha Jones,,52.0,Lucknow,Uttar Pradesh,India,Home Office,2025-11-25
CUST01376,Karen Gomez,Male,32.0,chicago,Illinois,USA,Home Office,2023-12-26
CUST01377,Debra Valentine,F,26.0,Lucknow,Uttar Pradesh,India,Corporate,2023-04-06
CUST01378,Susan Porter,Female,47.0,Mumbai,Maharashtra,India,Corporate,2023-05-18
CUST01379,Nicolas Salas,F,27.0,Ahmedabad,Gujarat,India,Consumer,2024-06-17
CUST01380,Dale Wright,Other,56.0,Chicago,Illinois,USA,Corporate,2026-03-10
CUST01381,Brittney Rodriguez,,43.0,Houston,Texas,USA,Home Office,2023-10-18
CUST01382,Megan Alvarado,F,29.0,Ahmedabad,Gujarat,India,Home Office,2026-05-26
CUST01383,Pamela Weaver,Other,60.0,Ahmedabad,Gujarat,India,Consumer,2025-02-08
CUST01384,John Oliver,,27.0,London,England,UK,Corporate,17/12/2022
CUST01385,William Prince PhD,Other,43.0,manchester,England,UK,Home Office,2022-05-14
CUST01386,William Moon IV,M,38.0,Mumbai,Maharashtra,India,Home Office,2022-10-01
CUST01387,Kenneth Brown,,50.0,Lucknow,Uttar Pradesh,India,Consumer,2024-04-13
CUST01388,Karen Fernandez,,53.0,Pune,Maharashtra,India,Consumer,2022-05-26
CUST01389,Jennifer Parks,,35.0,Ahmedabad,Gujarat,India,Consumer,07/01/2023
CUST01390,William Wolfe,M,25.0,Bengaluru,Karnataka,India,Corporate,2024-03-04
CUST01391,Michael Smith,Male,40.0,CHENNAI,Tamil Nadu,India,Corporate,2025-12-19
CUST01392,Kevin Nguyen,Other,26.0,Kolkata,West Bengal,India,Home Office,2023-11-27
CUST01393,Debbie Dunn,Male,,pune,Maharashtra,India,Corporate,12/12/2022
CUST01394,John Austin,Female,36.0,LUCKNOW,Uttar Pradesh,India,Home Office,2025-02-27
CUST01395,Jonathan Clark,F,30.0,Manchester,England,UK,Corporate,2025-10-31
CUST01396,Jacqueline Dickerson,Male,37.0,Chennai,Tamil Nadu,India,Corporate,
CUST01397,Christopher Anderson,M,18.0,LUCKNOW,Uttar Pradesh,India,Consumer,2025-04-23
CUST01398,Crystal Garcia,,23.0,New York,New York,USA,Corporate,2024-03-07
CUST01399,David Reynolds,Male,49.0,Ahmedabad,Gujarat,India,Corporate,2023-01-21
CUST01400,Charles Haley,F,27.0,bengaluru,Karnataka,India,Home Office,2024-12-15
CUST01401,Robert Thompson,M,22.0,kolkata,West Bengal,India,Corporate,2023-08-23
CUST01402,Dr. Samuel Holmes DDS,Other,41.0,Mumbai,Maharashtra,India,Home Office,2024-03-07
CUST01403,Elizabeth Hart,F,49.0,pune,Maharashtra,India,Home Office,2023-09-21
CUST01404,Jennifer Vaughn,F,43.0,New York,New York,USA,Home Office,2023-09-13
CUST01405,Robert Woods,Female,46.0,Houston,Texas,USA,Consumer,2024-01-30
CUST01406,Joanna Cook,Male,25.0,ahmedabad,Gujarat,India,Consumer,2023-02-28
CUST01407,Justin Frederick,Female,17.0,bengaluru,Karnataka,India,Consumer,2026-07-25
CUST01408,Alejandro Martinez,M,53.0,Los Angeles,California,USA,Home Office,2025-05-11
CUST01409,Tracey Gonzalez,M,31.0,Lucknow,Uttar Pradesh,India,Consumer,2023-07-13
CUST01410,Mariah Thompson,,31.0,manchester,England,UK,Consumer,2022-03-27
CUST01411,Heather Nunez,Female,50.0,BENGALURU,Karnataka,India,Corporate,2024-09-27
CUST01412,Dr. Steve James,Female,41.0,Chicago,Illinois,USA,Home Office,2023-06-20
CUST01413,Mark Thomas,M,40.0,Manchester,England,UK,Home Office,2024-09-07
CUST01414,Robert Rogers,,60.0,Delhi,Delhi,India,Consumer,2022-10-20
CUST01415,Laura Sweeney,Female,27.0,kolkata,West Bengal,India,Consumer,2022-11-09
CUST01416,Christopher Perez,Other,46.0,Pune,Maharashtra,India,Corporate,2022-05-11
CUST01417,Eddie Adams,F,35.0,mumbai,Maharashtra,India,Consumer,2024-12-18
CUST01418,Denise Wallace,Other,38.0,Bengaluru,Karnataka,India,Consumer,2025-06-20
CUST01419,Heidi Matthews,Female,4.0,bengaluru,Karnataka,India,Consumer,2026-07-25
CUST01420,Jennifer White,Other,41.0,DELHI,Delhi,India,Corporate,2024-09-02
CUST01421,Nicholas Stanley,M,41.0,London,England,UK,Consumer,2023-05-28
CUST01422,Mercedes Miller,M,47.0,London,England,UK,Consumer,2025-07-28
CUST01423,Brian Brown,F,30.0,Los Angeles,California,USA,Corporate,2022-03-29
CUST01424,Kimberly Johnson,M,24.0,Hyderabad,Telangana,India,Corporate,2024-05-12
CUST01425,Phillip Miller,,22.0,London,England,UK,Consumer,2026-01-21
CUST01426,Christopher Pena,M,11.0,Los Angeles,California,USA,Consumer,2024-04-16
CUST01427,Ellen Wright,Other,59.0,London,England,UK,Consumer,2025-07-01
CUST01428,Mark Anderson,,21.0,Chicago,Illinois,USA,Home Office,2022-02-18
CUST01429,Alyssa Alvarado,,32.0,Hyderabad,Telangana,India,Corporate,2022-11-05
CUST01430,Erika Alvarez,Male,31.0,New York,New York,USA,Consumer,2025-07-10
CUST01431,Kimberly Nelson,Female,38.0,pune,Maharashtra,India,Consumer,2024-01-01
CUST01432,Wayne Wolfe,Other,44.0,Los Angeles,California,USA,Home Office,2024-07-03
CUST01433,Kyle Welch,F,45.0,Chennai,Tamil Nadu,India,Corporate,2024-12-26
CUST01434,Kristy Mills,Male,28.0,Jaipur,Rajasthan,India,Consumer,2025-09-21
CUST01435,Emily Reed,M,32.0,Chicago,Illinois,USA,Consumer,2025-04-15
CUST01436,Regina Ramos,Male,38.0,London,England,UK,Consumer,2025-03-06
CUST01437,David Torres,,32.0,CHENNAI,Tamil Nadu,India,Home Office,2024-03-17
CUST01438,Robert Charles,Male,54.0,New York,New York,USA,Home Office,2023-12-28
CUST01439,John Smith,Male,40.0,Houston,Texas,USA,Consumer,2024-11-17
CUST01440,Theresa Woods,,43.0,Pune,Maharashtra,India,Consumer,2024-06-05
CUST01441,Jeffrey Carter,Other,42.0,new york,New York,USA,Corporate,02/07/2025
CUST01442,Adam Brooks,M,49.0,Chicago,Illinois,USA,Corporate,2024-02-08
CUST01443,Justin Foster,M,37.0,Hyderabad,Telangana,India,Consumer,2024-09-28
CUST01444,Omar Price,Male,19.0,New York,New York,USA,Consumer,2022-09-21
CUST01445,Dennis Henderson,Other,39.0,Hyderabad,Telangana,India,Home Office,04/06/2022
CUST01446,Phillip Kent,,27.0,Delhi,Delhi,India,Consumer,2024-08-01
CUST01447,Melinda Mitchell,Male,,Pune,Maharashtra,India,Home Office,2022-06-16
CUST01448,Rhonda Gutierrez,Female,42.0,Ahmedabad,Gujarat,India,Corporate,2025-07-04
CUST01449,Catherine Roberts,Male,49.0,Chennai,Tamil Nadu,India,Consumer,2022-05-06
CUST01450,Lisa Nelson,Male,35.0,JAIPUR,Rajasthan,India,Corporate,2023-01-23
CUST01451,Chelsea Smith,Female,38.0,Ahmedabad,Gujarat,India,Corporate,2025-05-16
CUST01452,Joseph Lopez,Male,55.0,Ahmedabad,Gujarat,India,Corporate,2023-05-31
CUST01453,Derrick Espinoza,,37.0,Pune,Maharashtra,India,Corporate,2026-04-15
CUST01454,Crystal Hernandez,M,66.0,Los Angeles,California,USA,Corporate,2025-03-11
CUST01455,Glenn Collins DDS,Male,41.0,Los Angeles,California,USA,Corporate,2026-03-06
CUST01456,Mrs. Raven Rivera DVM,M,13.0,London,England,UK,Home Office,2024-04-05
CUST01457,Amy Rowe,Female,44.0,chicago,Illinois,USA,Consumer,2023-10-11
CUST01458,John Lee,Male,39.0,Houston,Texas,USA,Consumer,2025-04-29
CUST01459,Ruth Clayton,Other,50.0,jaipur,Rajasthan,India,Corporate,2023-09-14
CUST01460,Randy Wright,Male,43.0,Manchester,England,UK,Home Office,2025-09-25
CUST01461,Jessica Rojas,Male,33.0,manchester,England,UK,Home Office,2024-10-09
CUST01462,Joel Wise,Other,20.0,Chennai,Tamil Nadu,India,Corporate,2025-06-06
CUST01463,Vickie Kennedy,Other,32.0,Hyderabad,Telangana,India,Corporate,2024-07-04
CUST01464,Emily Morris,Other,24.0,Manchester,England,UK,Home Office,2023-11-10
CUST01465,Amanda Pineda,Male,28.0,Ahmedabad,Gujarat,India,Consumer,2023-05-26
CUST01466,Dawn Little,,42.0,Chicago,Illinois,USA,Corporate,2024-10-02
CUST01467,Stephen Boyer,M,55.0,Chicago,Illinois,USA,Home Office,2022-10-21
CUST01468,Brian Chen,M,39.0,Mumbai,Maharashtra,India,Home Office,2022-10-27
CUST01469,Christopher Hill,Male,20.0,Kolkata,West Bengal,India,Consumer,2025-05-08
CUST01470,Richard Smith,Other,40.0,Lucknow,Uttar Pradesh,India,Home Office,2022-01-23
CUST01471,Richard Alvarez,Female,49.0,HOUSTON,Texas,USA,Corporate,2022-10-30
CUST01472,Jacqueline Davis,Female,27.0,Bengaluru,Karnataka,India,Consumer,2025-05-27
CUST01473,Brandon Montgomery,,33.0,BENGALURU,Karnataka,India,Consumer,2024-09-04
CUST01474,Yolanda Garrett,F,35.0,Houston,Texas,USA,Consumer,
CUST01475,Matthew Miles,Female,25.0,Pune,Maharashtra,India,Consumer,2022-05-20
CUST01476,Beth Hall,M,42.0,Delhi,Delhi,India,Home Office,2024-04-25
CUST01477,Dr. Nicole Trujillo,Male,33.0,Houston,Texas,USA,Corporate,2022-07-03
CUST01478,Corey Norris,M,40.0,Ahmedabad,Gujarat,India,Consumer,2022-04-18
CUST01479,Chad Roach,,24.0,Ahmedabad,Gujarat,India,Home Office,2023-10-17
CUST01480,Mr. Edward Terry,Male,29.0,Lucknow,Uttar Pradesh,India,Home Office,2025-01-31
CUST01481,Cody Bailey,Female,43.0,MANCHESTER,England,UK,Consumer,2025-04-06
CUST01482,Denise Guerra,Female,30.0,Mumbai,Maharashtra,India,Corporate,2025-02-13
CUST01483,Kristen Jones,F,55.0,New York,New York,USA,Home Office,2025-08-25
CUST01484,Edward Baker,Female,30.0,chicago,Illinois,USA,Home Office,2022-08-07
CUST01485,Aaron Little,,37.0,Lucknow,Uttar Pradesh,India,Corporate,2023-09-14
CUST01486,Cody Smith,,46.0,Kolkata,West Bengal,India,Corporate,2023-01-06
CUST01487,Patty Allen,,17.0,London,England,UK,Consumer,2024-10-03
CUST01488,Mary Ryan,Other,13.0,Delhi,Delhi,India,Corporate,2025-06-22
CUST01489,Joseph Jimenez,M,16.0,London,England,UK,Corporate,2022-04-20
CUST01490,Lisa Morris,Other,50.0,Delhi,Delhi,India,Consumer,2022-03-13
CUST01491,Ashley Mills,Female,,Bengaluru,Karnataka,India,Consumer,2022-03-04
CUST01492,Russell Anderson,M,65.0,Ahmedabad,Gujarat,India,Home Office,2023-07-14
CUST01493,Christina Washington,M,28.0,Hyderabad,Telangana,India,Consumer,2022-03-18
CUST01494,Kenneth Huff,Other,37.0,Pune,Maharashtra,India,Corporate,2025-12-24
CUST01495,Kelly Miles,,4.0,Kolkata,West Bengal,India,Consumer,2025-02-27
CUST01496,Jacob Obrien,Other,59.0,pune,Maharashtra,India,Home Office,2024-08-25
CUST01497,Timothy Clark,Other,59.0,Hyderabad,Telangana,India,Consumer,2025-04-03
CUST01498,Steve Miller PhD,Other,49.0,Manchester,England,UK,Home Office,2022-06-27
CUST01499,Justin Hurley,,47.0,London,England,UK,Corporate,2022-03-29
CUST01500,Jacob Erickson,Male,42.0,Chennai,Tamil Nadu,India,Consumer,2026-06-11
CUST01501,Deborah Williams,Female,44.0,Pune,Maharashtra,India,Corporate,2025-02-01
CUST01502,Eric Blackburn,F,28.0,MANCHESTER,England,UK,Corporate,2026-06-21
CUST01503,Anne Hardy,Female,25.0,Ahmedabad,Gujarat,India,Consumer,2022-08-06
CUST01504,Chelsey Fox,Other,34.0,Mumbai,Maharashtra,India,Corporate,2024-10-11
CUST01505,Mario White,Other,32.0,Lucknow,Uttar Pradesh,India,Consumer,2026-07-27
CUST01506,Jennifer Garcia,M,,DELHI,Delhi,India,Home Office,2022-09-01
CUST01507,Heather Ellis,F,43.0,Lucknow,Uttar Pradesh,India,Home Office,2025-06-22
CUST01508,Sonya Jackson,M,46.0,Manchester,England,UK,Consumer,2023-06-08
CUST01509,James Morgan,Male,36.0,Houston,Texas,USA,Consumer,2025-11-03
CUST01510,Zachary Ramos,M,52.0,manchester,England,UK,Consumer,2026-01-05
CUST01511,Ethan Frey,F,21.0,MANCHESTER,England,UK,Consumer,2026-05-11
CUST01512,Jacob Duran,M,32.0,Hyderabad,Telangana,India,Home Office,2024-11-02
CUST01513,Nicholas Franklin,M,26.0,Chicago,Illinois,USA,Corporate,2023-06-03
CUST01514,Cindy Cannon,Male,12.0,lucknow,Uttar Pradesh,India,Corporate,2024-05-23
CUST01515,Dawn Nixon,M,34.0,AHMEDABAD,Gujarat,India,Consumer,2026-07-11
CUST01516,James Barber,Male,33.0,Ahmedabad,Gujarat,India,Consumer,2023-04-14
CUST01517,Ms. Kelly Holder,M,53.0,Hyderabad,Telangana,India,Home Office,2024-06-16
CUST01518,Eric Walker,Male,42.0,los angeles,California,USA,Corporate,2023-07-26
CUST01519,Alison Short,F,22.0,Los Angeles,California,USA,Consumer,2022-10-09
CUST01520,Desiree Spencer,Female,57.0,London,England,UK,Consumer,2024-09-05
CUST01521,Tammy Moore,F,49.0,pune,Maharashtra,India,Consumer,2025-12-07
CUST01522,Henry Taylor,M,41.0,jaipur,Rajasthan,India,Consumer,2022-10-08
CUST01523,Kevin Hall,Male,32.0,Manchester,England,UK,Consumer,2025-02-06
CUST01524,Anna Ross,M,23.0,hyderabad,Telangana,India,Corporate,2022-05-29
CUST01525,Morgan Cummings,Male,30.0,Ahmedabad,Gujarat,India,Home Office,2022-03-29
CUST01526,Carrie Petersen,F,48.0,Los Angeles,California,USA,Home Office,2026-03-14
CUST01527,Laura Velez,Male,57.0,Chennai,Tamil Nadu,India,Home Office,2022-06-03
CUST01528,Elizabeth Cross,Other,53.0,hyderabad,Telangana,India,Home Office,2023-07-30
CUST01529,Angela Brown,,29.0,New York,New York,USA,Home Office,2024-09-25
CUST01530,Hannah Montoya,Male,21.0,hyderabad,Telangana,India,Corporate,2023-12-03
CUST01531,Sean Kane,Other,36.0,Jaipur,Rajasthan,India,Consumer,2023-10-26
CUST01532,Matthew Guzman,F,13.0,New York,New York,USA,Consumer,2024-05-18
CUST01533,Richard Reyes,F,38.0,Lucknow,Uttar Pradesh,India,Consumer,2025-02-06
CUST01534,Andrew Fernandez,M,33.0,Lucknow,Uttar Pradesh,India,Corporate,2023-11-22
CUST01535,Jonathan Walker,Other,29.0,Manchester,England,UK,Corporate,2023-12-01
CUST01536,Nicholas Long,F,15.0,CHICAGO,Illinois,USA,Corporate,2023-06-06
CUST01537,Kurt Wagner,M,41.0,houston,Texas,USA,Consumer,2024-09-29
CUST01538,Dylan Foster,Male,28.0,CHENNAI,Tamil Nadu,India,Corporate,
CUST01539,Bradley Duncan,Male,,Hyderabad,Telangana,India,Corporate,
CUST01540,James Miller,F,0.0,Jaipur,Rajasthan,India,Consumer,2025-05-21
CUST01541,Patricia Anderson,M,34.0,HYDERABAD,Telangana,India,Home Office,2026-04-11
CUST01542,Justin Freeman,Female,56.0,mumbai,Maharashtra,India,Consumer,2023-07-07
CUST01543,,,54.0,Ahmedabad,Gujarat,India,Home Office,2023-03-28
CUST01544,Christina Gilbert,,29.0,Chicago,Illinois,USA,Home Office,2024-04-16
CUST01545,Danielle Jones,F,27.0,CHICAGO,Illinois,USA,Consumer,2023-02-25
CUST01546,Erica Glass,F,40.0,Manchester,England,UK,Home Office,2023-02-25
CUST01547,Michael Henderson,Other,23.0,Chicago,Illinois,USA,Corporate,2023-12-25
CUST01548,Frank Wheeler,Male,38.0,Manchester,England,UK,Corporate,2025-08-14
CUST01549,Eric Huerta,Female,44.0,Los Angeles,California,USA,Corporate,2024-05-18
CUST01550,Wanda Ramos,Male,49.0,Manchester,England,UK,Corporate,2024-11-25
CUST01551,Andrew Meyers,Other,33.0,pune,Maharashtra,India,Corporate,2022-07-09
CUST01552,James Todd,Female,32.0,LONDON,England,UK,Consumer,2024-06-11
CUST01553,Ashley Brown,,24.0,delhi,Delhi,India,Home Office,2025-09-02
CUST01554,Tammy Melton,Male,25.0,Manchester,England,UK,Consumer,2026-07-13
CUST01555,Alexis Benson,Female,32.0,Jaipur,Rajasthan,India,Consumer,2024-08-05
CUST01556,Jerry Johnson,F,39.0,Ahmedabad,Gujarat,India,Corporate,2023-07-12
CUST01557,Joshua Harris,F,45.0,Hyderabad,Telangana,India,Corporate,2023-05-11
CUST01558,Deanna Webb,Male,25.0,Ahmedabad,Gujarat,India,Consumer,2022-11-28
CUST01559,Brenda Hale,M,52.0,Mumbai,Maharashtra,India,Corporate,2026-03-25
CUST01560,Kevin Alvarado,M,31.0,Los Angeles,California,USA,Corporate,2024-04-09
CUST01561,Christopher Campbell,M,34.0,Hyderabad,Telangana,India,Corporate,2024-01-23
CUST01562,Lisa Brown,,26.0,LOS ANGELES,California,USA,Corporate,17/03/2026
CUST01563,Alejandra Price,Other,5.0,Hyderabad,Telangana,India,Corporate,2022-02-03
CUST01564,Samuel Keller,,45.0,London,England,UK,Corporate,2022-04-16
CUST01565,Alicia Dillon,Male,43.0,LOS ANGELES,California,USA,Corporate,2024-03-02
CUST01566,Crystal James,Other,31.0,MANCHESTER,England,UK,Consumer,2024-09-08
CUST01567,Ariana Stewart,,35.0,mumbai,Maharashtra,India,Consumer,2023-07-07
CUST01568,Kim Lopez,F,41.0,London,England,UK,Corporate,2025-06-27
CUST01569,Judith House,Male,16.0,Manchester,England,UK,Consumer,2025-01-27
CUST01570,David Moreno,Female,28.0,Chicago,Illinois,USA,Corporate,2025-07-24
CUST01571,James Moore,M,44.0,jaipur,Rajasthan,India,Consumer,2022-09-30
CUST01572,Harold Garrett,Male,19.0,Houston,Texas,USA,Corporate,2022-01-02
CUST01573,William Mason,M,38.0,Delhi,Delhi,India,Corporate,2025-10-09
CUST01574,Lori Johns,,18.0,Los Angeles,California,USA,Home Office,2025-02-17
CUST01575,Robin Johnson,F,40.0,New York,New York,USA,Consumer,2025-04-22
CUST01576,Diana Hernandez,M,34.0,Ahmedabad,Gujarat,India,Home Office,2024-11-08
CUST01577,Mary Miller,Female,15.0,Lucknow,Uttar Pradesh,India,Consumer,2025-02-10
CUST01578,Tyler Salazar,Male,48.0,Bengaluru,Karnataka,India,Home Office,2024-03-29
CUST01579,Crystal Allen,Female,26.0,Manchester,England,UK,Consumer,2022-04-27
CUST01580,Wesley Browning,Female,25.0,new york,New York,USA,Consumer,2024-10-04
CUST01581,Joshua Clark,Male,37.0,Lucknow,Uttar Pradesh,India,Consumer,2025-05-09
CUST01582,Joshua Mcbride,Male,,Mumbai,Maharashtra,India,Consumer,2026-06-14
CUST01583,Ellen Thornton,,22.0,PUNE,Maharashtra,India,Home Office,2024-01-22
CUST01584,Brandy Forbes,Male,35.0,DELHI,Delhi,India,Home Office,2023-11-08
CUST01585,Brianna Fitzpatrick,Other,40.0,Mumbai,Maharashtra,India,Home Office,2024-03-11
CUST01586,Emily Grant,,43.0,Delhi,Delhi,India,Corporate,2025-05-26
CUST01587,Bailey Stewart,M,37.0,ahmedabad,Gujarat,India,Home Office,2025-09-23
CUST01588,Monica Cannon,Other,30.0,Lucknow,Uttar Pradesh,India,Consumer,2026-07-11
CUST01589,Jennifer Jenkins,Male,25.0,Ahmedabad,Gujarat,India,Consumer,2022-05-01
CUST01590,Timothy Shannon,M,36.0,Hyderabad,Telangana,India,Home Office,2023-10-18
CUST01591,Denise Maxwell,Other,22.0,Lucknow,Uttar Pradesh,India,Consumer,2022-03-11
CUST01592,Cody Farmer,M,0.0,Jaipur,Rajasthan,India,Corporate,2024-03-25
CUST01593,Debra Bradley,Female,40.0,Houston,Texas,USA,Corporate,2025-12-04
CUST01594,David Mcdaniel,Other,45.0,Delhi,Delhi,India,Home Office,2022-10-15
CUST01595,Michael Woods,Other,,Chennai,Tamil Nadu,India,Corporate,2025-12-27
CUST01596,Lisa Joseph,M,22.0,Kolkata,West Bengal,India,Home Office,2026-02-17
CUST01597,Samuel Henry,Other,42.0,Kolkata,West Bengal,India,Corporate,2024-07-20
CUST01598,Corey Johnson,M,59.0,pune,Maharashtra,India,Home Office,2026-06-10
CUST01599,Alexis Nelson,Male,35.0,Ahmedabad,Gujarat,India,Home Office,2023-06-27
CUST01600,Patrick Mcneil,M,,jaipur,Rajasthan,India,Consumer,2023-03-31
CUST01601,Andrea Ho,,32.0,Delhi,Delhi,India,Home Office,2025-01-24
CUST01602,Dr. Katherine Nguyen,Other,51.0,Lucknow,Uttar Pradesh,India,Consumer,2025-04-03
CUST01603,David Sullivan,Other,27.0,Chicago,Illinois,USA,Corporate,15/02/2023
CUST01604,Nicolas James,,25.0,MUMBAI,Maharashtra,India,Consumer,2026-02-06
CUST01605,Logan Newton,F,29.0,Houston,Texas,USA,Consumer,2023-08-15
CUST01606,Kelly Liu,Other,8.0,Hyderabad,Telangana,India,Consumer,2022-05-16
CUST01607,Kelly Hayes,,36.0,London,England,UK,Consumer,2024-12-30
CUST01608,Amanda Forbes,Male,54.0,Los Angeles,California,USA,Home Office,2023-01-23
CUST01609,Jennifer Moss,M,38.0,Delhi,Delhi,India,Home Office,2024-12-05
CUST01610,Kelli Mccoy,F,31.0,LOS ANGELES,California,USA,Corporate,2026-06-12
CUST01611,Eddie Sanders,,31.0,Kolkata,West Bengal,India,Home Office,2025-04-15
CUST01612,Ronald Murray,M,16.0,Manchester,England,UK,Home Office,2024-01-26
CUST01613,Louis Brown,Male,45.0,LOS ANGELES,California,USA,Corporate,2024-02-02
CUST01614,Brenda Gallegos,Female,34.0,DELHI,Delhi,India,Home Office,2024-12-02
CUST01615,Nathan Wilson,Other,32.0,NEW YORK,New York,USA,Corporate,2026-05-30
CUST01616,Teresa Horton,,73.0,LUCKNOW,Uttar Pradesh,India,Corporate,2023-09-07
CUST01617,Jason Hayes,,38.0,Hyderabad,Telangana,India,Consumer,2024-12-23
CUST01618,Kevin Marquez,Male,25.0,Mumbai,Maharashtra,India,Consumer,2022-10-09
CUST01619,Jesse Wright,Female,29.0,Jaipur,Rajasthan,India,Corporate,2025-03-26
CUST01620,Susan Hogan,,48.0,Delhi,Delhi,India,Corporate,2025-11-15
CUST01621,Becky Wilson,Male,36.0,Pune,Maharashtra,India,Home Office,2023-11-14
CUST01622,Jack Mills,Male,17.0,MUMBAI,Maharashtra,India,Home Office,2024-08-18
CUST01623,Richard Hunt,Male,46.0,AHMEDABAD,Gujarat,India,Consumer,2025-08-21
CUST01624,Jamie James,Male,26.0,Manchester,England,UK,Corporate,2025-10-29
CUST01625,Susan Cunningham,F,57.0,Kolkata,West Bengal,India,Consumer,2025-06-09
CUST01626,Brittany Melton,Male,47.0,Chicago,Illinois,USA,Corporate,2023-07-06
CUST01627,Michael Barnes,Female,29.0,MANCHESTER,England,UK,Home Office,2025-04-24
CUST01628,Randy Griffin,,50.0,Bengaluru,Karnataka,India,Corporate,2023-04-18
CUST01629,Autumn Anderson,,,Hyderabad,Telangana,India,Consumer,2022-01-06
CUST01630,Marcus King,M,45.0,new york,New York,USA,Home Office,2026-05-28
CUST01631,Scott Stephens,,40.0,Jaipur,Rajasthan,India,Home Office,2023-02-28
CUST01632,Stephen Young,Male,24.0,Ahmedabad,Gujarat,India,Consumer,01/06/2023
CUST01633,Karen Ortiz,M,27.0,London,England,UK,Corporate,2023-08-12
CUST01634,Kyle Sanchez,M,47.0,Delhi,Delhi,India,Corporate,2024-07-09
CUST01635,Lisa Grant,Female,30.0,Chennai,Tamil Nadu,India,Home Office,2026-05-19
CUST01636,Amber Hernandez,,30.0,HYDERABAD,Telangana,India,Corporate,2024-12-05
CUST01637,Amanda Nash,Female,23.0,CHICAGO,Illinois,USA,Home Office,2022-08-08
CUST01638,Sara Evans,M,4.0,Chennai,Tamil Nadu,India,Consumer,2023-11-02
CUST01639,Amber Butler,Other,59.0,manchester,England,UK,Home Office,2026-04-15
CUST01640,Michael Carr,Female,22.0,Chicago,Illinois,USA,Corporate,2024-01-01
CUST01641,Linda Cobb,F,,Pune,Maharashtra,India,Consumer,2024-12-26
CUST01642,Jesse Riley,,51.0,bengaluru,Karnataka,India,Home Office,2022-03-31
CUST01643,Anna Evans,F,34.0,London,England,UK,Corporate,2024-01-30
CUST01644,James Jones,F,40.0,london,England,UK,Home Office,2025-06-06
CUST01645,Joshua Carter,,,AHMEDABAD,Gujarat,India,Corporate,2025-01-13
CUST01646,Michael Hill,Other,,Kolkata,West Bengal,India,Home Office,2024-10-28
CUST01647,Kelly Dominguez,,32.0,Los Angeles,California,USA,Home Office,03/12/2022
CUST01648,Ashley Blair,Female,46.0,Jaipur,Rajasthan,India,Corporate,2022-04-03
CUST01649,Victoria Webb,,49.0,LONDON,England,UK,Home Office,2025-06-20
CUST01650,,Other,66.0,Lucknow,Uttar Pradesh,India,Consumer,2022-11-22
CUST01651,Taylor Andersen,M,41.0,HOUSTON,Texas,USA,Consumer,2023-03-10
CUST01652,Lee Stewart,F,38.0,Jaipur,Rajasthan,India,Corporate,2024-12-23
CUST01653,Whitney Gomez,F,37.0,Chennai,Tamil Nadu,India,Corporate,2023-03-18
CUST01654,Justin Stone,M,30.0,Jaipur,Rajasthan,India,Home Office,2026-06-23
CUST01655,Katherine White,,39.0,London,England,UK,Consumer,2025-11-23
CUST01656,Michelle Krause,F,31.0,Manchester,England,UK,Consumer,2026-07-31
CUST01657,Alexander Garrett,Other,37.0,Ahmedabad,Gujarat,India,Consumer,2022-06-01
CUST01658,Ryan Marsh,Female,50.0,Jaipur,Rajasthan,India,Consumer,2022-04-01
CUST01659,Mrs. Felicia Castro DDS,Other,22.0,Delhi,Delhi,India,Home Office,2026-01-16
CUST01660,Curtis Campbell,,48.0,Jaipur,Rajasthan,India,Home Office,2022-01-24
CUST01661,Elizabeth Hunter,Male,50.0,MUMBAI,Maharashtra,India,Corporate,2026-03-01
CUST01662,Aaron Jennings,F,33.0,Bengaluru,Karnataka,India,Consumer,2022-04-28
CUST01663,Nathaniel Gilbert,Other,9.0,Los Angeles,California,USA,Home Office,2024-10-29
CUST01664,Christopher Rivera,Female,27.0,Hyderabad,Telangana,India,Corporate,2024-10-02
CUST01665,Michael Hendricks,Male,50.0,Pune,Maharashtra,India,Consumer,15/08/2024
CUST01666,Maria Olson,M,34.0,Chicago,Illinois,USA,Consumer,2024-11-22
CUST01667,Stephanie Herrera,Male,23.0,HOUSTON,Texas,USA,Consumer,2023-04-12
CUST01668,Richard Gutierrez,M,28.0,Chicago,Illinois,USA,Home Office,2024-08-20
CUST01669,Sandy Evans,F,45.0,London,England,UK,Consumer,2025-07-02
CUST01670,Emily Herrera,F,41.0,pune,Maharashtra,India,Home Office,2024-03-13
CUST01671,Michael Marsh,M,32.0,Mumbai,Maharashtra,India,Consumer,2025-08-11
CUST01672,Heather Montes,,30.0,Kolkata,West Bengal,India,Home Office,2022-05-12
CUST01673,Andre Terrell,Other,30.0,Chicago,Illinois,USA,Consumer,2025-03-16
CUST01674,Sarah Duncan,M,23.0,Mumbai,Maharashtra,India,Corporate,2024-01-25
CUST01675,Kurt Hancock,M,54.0,JAIPUR,Rajasthan,India,Corporate,2024-03-10
CUST01676,Michele Edwards,F,31.0,lucknow,Uttar Pradesh,India,Corporate,2023-04-15
CUST01677,Jason Crawford,Other,49.0,Kolkata,West Bengal,India,Home Office,2022-06-23
CUST01678,Jesse Sampson,Other,53.0,Mumbai,Maharashtra,India,Consumer,2025-02-12
CUST01679,Eric Rodriguez,Male,46.0,London,England,UK,Corporate,
CUST01680,Paula Gentry,F,29.0,Ahmedabad,Gujarat,India,Home Office,2023-12-29
CUST01681,Alexander Webb,M,39.0,Bengaluru,Karnataka,India,Home Office,2022-07-29
CUST01682,Cheryl Mclean,M,34.0,Bengaluru,Karnataka,India,Corporate,2025-04-30
CUST01683,Kelly Rowe,F,24.0,new york,New York,USA,Corporate,2022-03-13
CUST01684,Shane Short,F,38.0,new york,New York,USA,Consumer,2024-04-13
CUST01685,Megan Anderson,Male,20.0,chennai,Tamil Nadu,India,Home Office,2025-04-15
CUST01686,Julia Reeves,F,49.0,Mumbai,Maharashtra,India,Home Office,2025-12-10
CUST01687,April Randolph,Female,29.0,Houston,Texas,USA,Consumer,2024-03-13
CUST01688,Linda Miller,F,37.0,Lucknow,Uttar Pradesh,India,Consumer,2025-08-02
CUST01689,Angel Meyer,Female,38.0,Chicago,Illinois,USA,Consumer,2022-10-13
CUST01690,Emily Lane,Male,31.0,Kolkata,West Bengal,India,Consumer,2024-07-13
CUST01691,Steven Flores,Male,42.0,LUCKNOW,Uttar Pradesh,India,Corporate,
CUST01692,Donald Flores,Male,29.0,Ahmedabad,Gujarat,India,Consumer,2026-06-08
CUST01693,Bruce Hernandez,Female,45.0,houston,Texas,USA,Corporate,2023-01-31
CUST01694,Adrian Dean,,18.0,Delhi,Delhi,India,Consumer,2025-11-03
CUST01695,Christine Bell,F,36.0,Kolkata,West Bengal,India,Home Office,2024-05-30
CUST01696,Charles Bush,Other,58.0,Manchester,England,UK,Consumer,2025-06-26
CUST01697,David Jones,Female,-5.0,Bengaluru,Karnataka,India,Home Office,2024-07-05
CUST01698,Gina Wallace,,26.0,Hyderabad,Telangana,India,Home Office,2025-06-12
CUST01699,John Lowe,Other,41.0,mumbai,Maharashtra,India,Consumer,2025-03-02
CUST01700,Anthony Simmons,,37.0,Mumbai,Maharashtra,India,Home Office,2026-07-12
CUST01701,Kyle Watkins,,39.0,Houston,Texas,USA,Home Office,2026-05-18
CUST01702,Melissa Jensen,M,40.0,LONDON,England,UK,Home Office,2022-10-25
CUST01703,Robert Marquez,Other,42.0,AHMEDABAD,Gujarat,India,Consumer,26/08/2023
CUST01704,Kim Beltran,Female,48.0,chennai,Tamil Nadu,India,Corporate,2026-07-11
CUST01705,Julie Anderson,M,39.0,Chicago,Illinois,USA,Home Office,2025-06-28
CUST01706,Tamara Mcdonald,Other,32.0,Bengaluru,Karnataka,India,Home Office,2025-08-07
CUST01707,Michael Mckinney,F,43.0,Ahmedabad,Gujarat,India,Home Office,2025-05-18
CUST01708,David Walker,Male,57.0,Mumbai,Maharashtra,India,Home Office,2023-12-07
CUST01709,Lisa Durham,F,33.0,Houston,Texas,USA,Corporate,2022-10-29
CUST01710,Michael Ortega,Male,23.0,JAIPUR,Rajasthan,India,Consumer,2025-03-19
CUST01711,Sonya Chavez,F,48.0,Mumbai,Maharashtra,India,Corporate,2025-11-05
CUST01712,John Bell,Other,33.0,Bengaluru,Karnataka,India,Corporate,2025-01-13
CUST01713,,F,8.0,Pune,Maharashtra,India,Corporate,2026-03-21
CUST01714,Christopher Tate,Male,45.0,CHICAGO,Illinois,USA,Home Office,2026-04-13
CUST01715,Bethany Garcia,,28.0,New York,New York,USA,Corporate,2022-05-16
CUST01716,Rebecca Nguyen,Female,33.0,Delhi,Delhi,India,Corporate,2026-05-04
CUST01717,Rebecca Patel,M,38.0,houston,Texas,USA,Home Office,2025-07-29
CUST01718,Jason Oliver,M,37.0,lucknow,Uttar Pradesh,India,Home Office,2022-10-14
CUST01719,Valerie Reyes,M,43.0,Hyderabad,Telangana,India,Consumer,2024-10-04
CUST01720,Robert Garza,Female,29.0,Delhi,Delhi,India,Corporate,2024-12-09
CUST01721,Jessica Cobb,Female,41.0,AHMEDABAD,Gujarat,India,Corporate,2023-10-06
CUST01722,Cynthia Bates,Female,31.0,Bengaluru,Karnataka,India,Consumer,2023-02-24
CUST01723,Timothy Andrews,,43.0,CHENNAI,Tamil Nadu,India,Corporate,2026-03-17
CUST01724,Mr. Joel Peters,,42.0,Manchester,England,UK,Corporate,2023-01-25
CUST01725,Casey Blanchard,M,23.0,Jaipur,Rajasthan,India,Consumer,2025-03-31
CUST01726,Brian Cervantes,Male,48.0,Bengaluru,Karnataka,India,Home Office,2024-07-14
CUST01727,Jamie Snyder,Female,28.0,Bengaluru,Karnataka,India,Consumer,2024-10-20
CUST01728,Ann Montoya,F,44.0,Delhi,Delhi,India,Corporate,2023-01-09
CUST01729,Stephanie Fields,Female,39.0,Chennai,Tamil Nadu,India,Consumer,2026-05-26
CUST01730,Charles Hernandez,Other,57.0,Ahmedabad,Gujarat,India,Corporate,2025-10-27
CUST01731,Jean Lane,Male,32.0,Mumbai,Maharashtra,India,Home Office,2025-07-27
CUST01732,Michael Stewart,Male,30.0,Pune,Maharashtra,India,Consumer,2024-04-09
CUST01733,Susan Torres,,34.0,chicago,Illinois,USA,Corporate,2023-01-05
CUST01734,Jessica Haas,M,31.0,LOS ANGELES,California,USA,Home Office,2024-07-05
CUST01735,Brandon Smith,M,44.0,Delhi,Delhi,India,Consumer,2025-03-14
CUST01736,Mrs. Bethany Phillips,Female,15.0,Jaipur,Rajasthan,India,Consumer,2026-05-24
CUST01737,Joshua Brown,,22.0,New York,New York,USA,Home Office,2023-04-16
CUST01738,Samantha Howard,F,22.0,Jaipur,Rajasthan,India,Consumer,2025-05-25
CUST01739,Sharon Young,Male,46.0,Delhi,Delhi,India,Corporate,2024-07-26
CUST01740,Jennifer Flores,F,55.0,Delhi,Delhi,India,Home Office,2024-04-02
CUST01741,James Gardner,F,33.0,CHENNAI,Tamil Nadu,India,Home Office,2023-07-17
CUST01742,Karen Lopez,M,32.0,London,England,UK,Home Office,2022-11-04
CUST01743,Tim Larsen,,35.0,hyderabad,Telangana,India,Home Office,2023-02-06
CUST01744,Zachary Santiago,Male,48.0,Mumbai,Maharashtra,India,Corporate,2023-05-02
CUST01745,Benjamin Smith,Female,23.0,Chicago,Illinois,USA,Home Office,
CUST01746,Katelyn Kim,M,37.0,Chennai,Tamil Nadu,India,Consumer,2023-05-30
CUST01747,Angela May MD,,46.0,Hyderabad,Telangana,India,Home Office,2025-07-31
CUST01748,Richard Munoz,F,41.0,Jaipur,Rajasthan,India,Corporate,2023-02-03
CUST01749,Christopher Hicks,,37.0,chicago,Illinois,USA,Corporate,2023-11-03
CUST01750,Joanna Kelly,Female,47.0,Chennai,Tamil Nadu,India,Consumer,2025-03-24
CUST01751,Larry Lane,Male,2.0,New York,New York,USA,Corporate,2023-04-03
CUST01752,Cynthia Shaw,F,43.0,Los Angeles,California,USA,Home Office,2023-06-23
CUST01753,Joshua Richardson,,27.0,New York,New York,USA,Home Office,2023-06-20
CUST01754,Laura Bush,,13.0,delhi,Delhi,India,Consumer,2024-09-18
CUST01755,John Vaughn,M,41.0,jaipur,Rajasthan,India,Corporate,2024-03-18
CUST01756,Nicholas Terrell,M,51.0,KOLKATA,West Bengal,India,Home Office,2024-01-20
CUST01757,Dr. Julie Miller,Female,33.0,Bengaluru,Karnataka,India,Home Office,04/04/2022
CUST01758,Ann Kennedy,F,46.0,Bengaluru,Karnataka,India,Consumer,2026-05-09
CUST01759,Toni Miller,Female,54.0,Manchester,England,UK,Home Office,2026-04-01
CUST01760,Rebecca Edwards,M,50.0,Los Angeles,California,USA,Corporate,2025-02-15
CUST01761,Greg Osborne,,54.0,Houston,Texas,USA,Corporate,2023-09-04
CUST01762,Jose Harrison,,43.0,Jaipur,Rajasthan,India,Corporate,2024-01-15
CUST01763,Jennifer Yu,M,35.0,Chennai,Tamil Nadu,India,Consumer,2022-09-01
CUST01764,Donna Johnson,Female,15.0,hyderabad,Telangana,India,Consumer,2022-11-16
CUST01765,Nicole Acosta,Male,32.0,delhi,Delhi,India,Corporate,2022-08-26
CUST01766,Amy Kennedy,Male,24.0,New York,New York,USA,Corporate,2024-05-21
CUST01767,Anthony Mooney,Female,61.0,Chicago,Illinois,USA,Home Office,2022-10-23
CUST01768,Lori Mitchell,F,32.0,London,England,UK,Home Office,10/03/2026
CUST01769,Jonathan York,Female,36.0,Chennai,Tamil Nadu,India,Consumer,2022-05-23
CUST01770,Casey Campbell,,41.0,hyderabad,Telangana,India,Consumer,2022-10-21
CUST01771,Alexis Rodriguez,Female,35.0,pune,Maharashtra,India,Corporate,2023-05-17
CUST01772,Kevin Hernandez,,55.0,LOS ANGELES,California,USA,Consumer,2024-08-23
CUST01773,Robert Green,Female,27.0,Los Angeles,California,USA,Home Office,2024-01-14
CUST01774,Kari Lloyd,M,37.0,Pune,Maharashtra,India,Home Office,2026-05-08
CUST01775,Grace Miller,,26.0,Ahmedabad,Gujarat,India,Consumer,2023-01-08
CUST01776,Timothy Moore,F,19.0,London,England,UK,Consumer,2026-01-31
CUST01777,Wyatt Townsend II,Female,27.0,New York,New York,USA,Home Office,2025-06-13
CUST01778,Mark Clark,Female,34.0,Houston,Texas,USA,Consumer,2025-08-04
CUST01779,Haley May,Other,29.0,New York,New York,USA,Corporate,2025-03-28
CUST01780,Audrey Jackson,Female,26.0,Jaipur,Rajasthan,India,Corporate,2026-02-18
CUST01781,Eric Reese,M,18.0,Ahmedabad,Gujarat,India,Home Office,2023-06-04
CUST01782,Kim James,Female,34.0,Bengaluru,Karnataka,India,Consumer,2025-04-07
CUST01783,Karen Thomas,Male,16.0,Pune,Maharashtra,India,Home Office,2026-04-05
CUST01784,Alexandra Ho,,44.0,NEW YORK,New York,USA,Consumer,2024-11-28
CUST01785,Michael Nixon,Male,35.0,Hyderabad,Telangana,India,Home Office,2022-04-22
CUST01786,Amanda Hardin,M,17.0,Manchester,England,UK,Consumer,2024-11-28
CUST01787,Tina Reynolds,Male,31.0,Los Angeles,California,USA,Corporate,2024-12-31
CUST01788,Shannon Rogers,Male,25.0,Lucknow,Uttar Pradesh,India,Corporate,2025-03-18
CUST01789,Brett Pena,F,38.0,Chennai,Tamil Nadu,India,Home Office,11/07/2022
CUST01790,Raymond Curry,Female,51.0,los angeles,California,USA,Consumer,2023-07-22
CUST01791,Leah Lee,Male,12.0,Mumbai,Maharashtra,India,Consumer,2025-11-07
CUST01792,Michael White,M,36.0,hyderabad,Telangana,India,Home Office,2025-11-07
CUST01793,Megan Decker,M,33.0,HYDERABAD,Telangana,India,Consumer,2026-03-08
CUST01794,Brent Garcia,,43.0,CHENNAI,Tamil Nadu,India,Home Office,2022-03-07
CUST01795,Daniel Campbell,Female,37.0,London,England,UK,Corporate,2026-02-03
CUST01796,Alexander Davis,Male,25.0,Kolkata,West Bengal,India,Corporate,2025-09-24
CUST01797,Mary Houston,F,31.0,CHENNAI,Tamil Nadu,India,Corporate,2026-06-06
CUST01798,Margaret Erickson,F,25.0,Mumbai,Maharashtra,India,Corporate,2025-05-06
CUST01799,,Female,47.0,Los Angeles,California,USA,Home Office,2026-02-28
CUST01800,Scott Anderson,Female,35.0,LOS ANGELES,California,USA,Consumer,2024-10-13
CUST01801,Stephanie Knight,Female,57.0,Hyderabad,Telangana,India,Consumer,2023-10-31
CUST01802,Stephanie Dominguez,Male,34.0,Jaipur,Rajasthan,India,Corporate,2022-02-22
CUST01803,John Mayer,,26.0,Chennai,Tamil Nadu,India,Consumer,2022-12-07
CUST01804,Tammy Hill,,16.0,Houston,Texas,USA,Consumer,2022-09-24
CUST01805,,,13.0,New York,New York,USA,Corporate,2025-11-02
CUST01806,Steven Carrillo,,15.0,pune,Maharashtra,India,Corporate,2024-04-10
CUST01807,Christopher Jones,M,38.0,Lucknow,Uttar Pradesh,India,Consumer,2026-05-14
CUST01808,,Male,41.0,jaipur,Rajasthan,India,Consumer,2023-05-30
CUST01809,Janet Cook,Male,16.0,BENGALURU,Karnataka,India,Corporate,2026-02-17
CUST01810,Tyler Baker,,45.0,Delhi,Delhi,India,Consumer,2022-01-27
CUST01811,John Mcfarland,Female,29.0,Hyderabad,Telangana,India,Corporate,2023-12-03
CUST01812,Cassandra Vasquez,Male,36.0,LONDON,England,UK,Corporate,2025-12-30
CUST01813,Randy Robinson,,54.0,Los Angeles,California,USA,Consumer,2023-02-13
CUST01814,Susan Baldwin,F,45.0,Houston,Texas,USA,Consumer,2023-12-29
CUST01815,Benjamin Duncan,F,8.0,KOLKATA,West Bengal,India,Corporate,2025-10-06
CUST01816,Jeremy Mosley,F,24.0,Jaipur,Rajasthan,India,Consumer,2022-11-01
CUST01817,Martin Fitzpatrick,Other,9.0,MANCHESTER,England,UK,Home Office,2023-06-29
CUST01818,Deborah Graves,Other,26.0,Mumbai,Maharashtra,India,Home Office,2025-04-20
CUST01819,Laura Robertson,,32.0,Jaipur,Rajasthan,India,Home Office,2022-05-20
CUST01820,Katherine Graham,Male,23.0,Jaipur,Rajasthan,India,Home Office,2025-12-20
CUST01821,Priscilla Floyd,F,33.0,Pune,Maharashtra,India,Corporate,2024-10-14
CUST01822,April Finley,F,35.0,Ahmedabad,Gujarat,India,Corporate,2025-11-04
CUST01823,Karen Bradley,M,32.0,Bengaluru,Karnataka,India,Corporate,2023-03-19
CUST01824,Heather Maldonado,F,27.0,Ahmedabad,Gujarat,India,Home Office,2023-01-10
CUST01825,Mark Benjamin,Other,37.0,Lucknow,Uttar Pradesh,India,Corporate,2024-07-02
CUST01826,Joseph Woodward,Female,40.0,HYDERABAD,Telangana,India,Corporate,2024-11-21
CUST01827,Joe Miranda,Male,21.0,Pune,Maharashtra,India,Home Office,2025-07-15
CUST01828,Cassandra Williams,F,51.0,Delhi,Delhi,India,Consumer,2025-03-16
CUST01829,Connor Dominguez,,33.0,BENGALURU,Karnataka,India,Corporate,2022-02-15
CUST01830,Lydia Howard,Female,35.0,Mumbai,Maharashtra,India,Consumer,2024-03-28
CUST01831,Mark Moss,M,43.0,London,England,UK,Corporate,2026-02-19
CUST01832,Corey Cortez,M,37.0,London,England,UK,Home Office,2022-02-22
CUST01833,Katherine Brown,Male,46.0,Delhi,Delhi,India,Home Office,2025-02-27
CUST01834,Elizabeth Ferguson,F,38.0,Delhi,Delhi,India,Home Office,2026-08-01
CUST01835,Joann Forbes,,27.0,Hyderabad,Telangana,India,Consumer,2025-10-04
CUST01836,Anthony French,Other,39.0,los angeles,California,USA,Corporate,2022-07-01
CUST01837,Bruce Roman,,21.0,Ahmedabad,Gujarat,India,Consumer,2025-11-16
CUST01838,Judy Gregory,Male,36.0,London,England,UK,Corporate,2025-08-06
CUST01839,Brittany Riley,Male,34.0,Lucknow,Uttar Pradesh,India,Home Office,2026-01-15
CUST01840,Amanda Thomas,Other,32.0,Lucknow,Uttar Pradesh,India,Consumer,2023-11-24
CUST01841,Kaitlin Hardin,M,-5.0,Houston,Texas,USA,Home Office,2026-06-05
CUST01842,Michael Anderson,F,12.0,Ahmedabad,Gujarat,India,Home Office,2023-06-14
CUST01843,Anthony Parker,Male,28.0,Delhi,Delhi,India,Home Office,2023-09-07
CUST01844,Joy Jackson,Female,36.0,Ahmedabad,Gujarat,India,Consumer,2026-07-27
CUST01845,Sabrina Rodriguez,Other,36.0,Ahmedabad,Gujarat,India,Home Office,2023-12-01
CUST01846,Robert Walker PhD,Other,22.0,Bengaluru,Karnataka,India,Corporate,2022-12-06
CUST01847,Robert Hendrix,F,50.0,Bengaluru,Karnataka,India,Consumer,2023-01-31
CUST01848,Erika Daugherty,,24.0,Manchester,England,UK,Home Office,2026-03-11
CUST01849,Brenda Copeland,Male,46.0,Pune,Maharashtra,India,Corporate,2024-03-31
CUST01850,Pamela Watkins,M,40.0,Jaipur,Rajasthan,India,Corporate,2023-04-09
CUST01851,Bryan Thomas,,27.0,Houston,Texas,USA,Corporate,2023-05-25
CUST01852,Michael Tran,Other,56.0,Lucknow,Uttar Pradesh,India,Consumer,2022-07-04
CUST01853,Timothy Williams,,20.0,BENGALURU,Karnataka,India,Corporate,2025-05-11
CUST01854,Ryan Salazar,M,46.0,Ahmedabad,Gujarat,India,Consumer,2023-12-21
CUST01855,Alexis Tucker,Female,47.0,Ahmedabad,Gujarat,India,Home Office,2026-07-12
CUST01856,Christopher Davis,M,,HYDERABAD,Telangana,India,Consumer,2023-11-03
CUST01857,Stacie Butler,M,51.0,Lucknow,Uttar Pradesh,India,Home Office,2023-05-28
CUST01858,Patricia Schwartz,Other,31.0,Jaipur,Rajasthan,India,Corporate,2024-06-09
CUST01859,Mark Mills,M,38.0,CHENNAI,Tamil Nadu,India,Corporate,2023-09-29
CUST01860,Todd Bishop,F,38.0,Mumbai,Maharashtra,India,Consumer,2023-10-16
CUST01861,Christopher Porter,M,33.0,HOUSTON,Texas,USA,Home Office,2024-01-27
CUST01862,Lori Patton,F,44.0,Chennai,Tamil Nadu,India,Consumer,2022-08-11
CUST01863,Aaron Young,Female,44.0,Mumbai,Maharashtra,India,Corporate,2023-01-18
CUST01864,Joseph Davis,F,14.0,Houston,Texas,USA,Consumer,2023-09-29
CUST01865,Philip Fernandez,F,50.0,BENGALURU,Karnataka,India,Corporate,2022-07-24
CUST01866,Randy Hopkins,F,15.0,chicago,Illinois,USA,Corporate,04/01/2025
CUST01867,Cory Hogan,Other,47.0,manchester,England,UK,Consumer,2022-12-21
CUST01868,Tracy Wells,M,48.0,Jaipur,Rajasthan,India,Home Office,2023-06-23
CUST01869,Michael Williams,Other,21.0,bengaluru,Karnataka,India,Corporate,2023-04-14
CUST01870,Dominique Hamilton,Other,30.0,Chicago,Illinois,USA,Home Office,2023-12-19
CUST01871,Robert Chang,Other,21.0,chennai,Tamil Nadu,India,Corporate,2026-03-19
CUST01872,Patrick Buckley,,32.0,PUNE,Maharashtra,India,Home Office,2023-06-06
CUST01873,Richard Washington,,31.0,Hyderabad,Telangana,India,Corporate,2022-10-14
CUST01874,Steven Griffith,M,44.0,Manchester,England,UK,Consumer,2022-06-23
CUST01875,Erika Gonzalez,F,50.0,Lucknow,Uttar Pradesh,India,Home Office,
CUST01876,Erika Maxwell,Male,51.0,Chennai,Tamil Nadu,India,Corporate,2022-01-26
CUST01877,Brent Rojas,Female,28.0,Ahmedabad,Gujarat,India,Home Office,
CUST01878,Jaime Walker,,32.0,Hyderabad,Telangana,India,Home Office,2023-04-16
CUST01879,John Zamora,Male,14.0,Bengaluru,Karnataka,India,Corporate,2024-08-29
CUST01880,Timothy Gibson,F,25.0,Chennai,Tamil Nadu,India,Home Office,2024-01-07
CUST01881,Chad Cortez,Male,46.0,Los Angeles,California,USA,Home Office,2024-07-11
CUST01882,Vanessa Harris,Other,54.0,New York,New York,USA,Home Office,2024-07-23
CUST01883,Michael Brown,,20.0,Chicago,Illinois,USA,Corporate,2025-04-15
CUST01884,Samuel Ellis,Female,27.0,New York,New York,USA,Consumer,2022-08-03
CUST01885,Greg Tanner,Other,34.0,Pune,Maharashtra,India,Consumer,2025-01-11
CUST01886,Rachel Little,Male,38.0,Kolkata,West Bengal,India,Consumer,2022-11-30
CUST01887,Carolyn Cordova,Female,25.0,MANCHESTER,England,UK,Home Office,2022-11-18
CUST01888,Angelica Vincent,Male,40.0,Pune,Maharashtra,India,Consumer,2022-10-26
CUST01889,Zachary Vargas PhD,Male,29.0,MUMBAI,Maharashtra,India,Home Office,2024-03-01
CUST01890,Nicholas Fitzgerald,Male,34.0,manchester,England,UK,Home Office,2023-08-29
CUST01891,Garrett Riley,F,41.0,Ahmedabad,Gujarat,India,Corporate,2023-05-15
CUST01892,Leslie Hernandez,M,35.0,Jaipur,Rajasthan,India,Home Office,2025-08-06
CUST01893,Abigail Baird,M,29.0,New York,New York,USA,Corporate,2023-02-11
CUST01894,John Mack,F,33.0,CHENNAI,Tamil Nadu,India,Consumer,2023-07-26
CUST01895,Joseph Mendoza,M,33.0,NEW YORK,New York,USA,Consumer,2024-06-11
CUST01896,Samantha Chavez,Male,30.0,DELHI,Delhi,India,Consumer,2024-01-30
CUST01897,Justin Smith,F,31.0,LUCKNOW,Uttar Pradesh,India,Home Office,2023-10-26
CUST01898,Tiffany Anderson,M,54.0,MANCHESTER,England,UK,Consumer,2024-01-23
CUST01899,Matthew Davis,F,41.0,Lucknow,Uttar Pradesh,India,Consumer,2025-03-02
CUST01900,Eric Warner,,31.0,Ahmedabad,Gujarat,India,Corporate,2025-07-25
CUST01901,Nicole Johnson,F,43.0,Delhi,Delhi,India,Corporate,2023-01-05
CUST01902,Raymond Sawyer,Other,30.0,Mumbai,Maharashtra,India,Home Office,2022-06-28
CUST01903,Richard Wood,F,49.0,Chennai,Tamil Nadu,India,Consumer,2022-01-12
CUST01904,Mark Dalton,,39.0,Delhi,Delhi,India,Home Office,2022-08-30
CUST01905,Steven Cook,,33.0,Hyderabad,Telangana,India,Corporate,2022-06-02
CUST01906,Jeffery Nelson,F,40.0,Delhi,Delhi,India,Corporate,2024-06-11
CUST01907,Kimberly Norton,Female,16.0,Delhi,Delhi,India,Home Office,2023-06-26
CUST01908,Angela Gilmore,Female,,Los Angeles,California,USA,Home Office,2022-04-03
CUST01909,Amy Dougherty,Male,20.0,HYDERABAD,Telangana,India,Consumer,2024-10-14
CUST01910,Stacy Rodriguez,M,36.0,Delhi,Delhi,India,Consumer,2023-12-02
CUST01911,Manuel Diaz,,55.0,Jaipur,Rajasthan,India,Corporate,2022-11-30
CUST01912,Justin Jones,Female,61.0,MUMBAI,Maharashtra,India,Corporate,2025-08-28
CUST01913,Christine Zavala,Other,,london,England,UK,Consumer,2024-03-08
CUST01914,Brian Mendoza,F,41.0,Pune,Maharashtra,India,Consumer,2026-03-23
CUST01915,Lauren Haley,M,13.0,Chennai,Tamil Nadu,India,Consumer,2026-07-30
CUST01916,Patrick Perez,Male,28.0,Los Angeles,California,USA,Consumer,2022-04-20
CUST01917,Derek Frazier,,112.0,Houston,Texas,USA,Home Office,2023-06-10
CUST01918,Arthur Reed,F,27.0,Lucknow,Uttar Pradesh,India,Home Office,2026-07-19
CUST01919,Mr. Bryan Mckinney,Male,32.0,Kolkata,West Bengal,India,Home Office,2023-06-11
CUST01920,Kim Carter,Other,29.0,Delhi,Delhi,India,Consumer,2022-10-17
CUST01921,Rebecca Dougherty,F,11.0,Kolkata,West Bengal,India,Corporate,2023-06-13
CUST01922,Teresa Jones,,43.0,ahmedabad,Gujarat,India,Corporate,2023-03-13
CUST01923,Judith Miller,F,22.0,Ahmedabad,Gujarat,India,Home Office,2022-05-04
CUST01924,Donna Frye,F,37.0,Houston,Texas,USA,Home Office,2026-01-09
CUST01925,Donald Terry,Other,59.0,Lucknow,Uttar Pradesh,India,Consumer,2026-06-22
CUST01926,Shaun Meyer DDS,M,23.0,pune,Maharashtra,India,Corporate,2023-07-21
CUST01927,,Male,4.0,Delhi,Delhi,India,Corporate,2023-01-10
CUST01928,Wayne Weaver,F,31.0,NEW YORK,New York,USA,Consumer,2025-12-04
CUST01929,Gregory Wallace,,,Bengaluru,Karnataka,India,Corporate,2024-11-05
CUST01930,Dorothy Brown,Male,58.0,Lucknow,Uttar Pradesh,India,Home Office,2025-11-07
CUST01931,Crystal Meza,Female,20.0,Los Angeles,California,USA,Consumer,2023-07-03
CUST01932,Jennifer Cooper,Male,40.0,Hyderabad,Telangana,India,Corporate,2025-03-04
CUST01933,Erin Watkins,Other,29.0,PUNE,Maharashtra,India,Home Office,2023-03-16
CUST01934,Sarah Wallace,M,33.0,Jaipur,Rajasthan,India,Corporate,2024-06-16
CUST01935,Carlos Clarke,Other,66.0,Kolkata,West Bengal,India,Consumer,2023-12-26
CUST01936,David Washington,Other,16.0,DELHI,Delhi,India,Consumer,2023-08-13
CUST01937,Patricia Williams,M,105.0,Kolkata,West Bengal,India,Home Office,2022-09-16
CUST01938,Jesus Jackson,Female,40.0,LUCKNOW,Uttar Pradesh,India,Corporate,2025-07-07
CUST01939,Michelle Mitchell,Other,48.0,Chennai,Tamil Nadu,India,Corporate,2023-05-14
CUST01940,Sara Schwartz,,,CHICAGO,Illinois,USA,Home Office,2024-09-24
CUST01941,Brittany Young,M,38.0,Houston,Texas,USA,Home Office,2022-05-31
CUST01942,Eugene Martinez,,30.0,Ahmedabad,Gujarat,India,Corporate,2022-09-14
CUST01943,Cody Hart,M,38.0,Lucknow,Uttar Pradesh,India,Consumer,06/04/2023
CUST01944,Evan Cooper,M,30.0,New York,New York,USA,Consumer,2022-01-23
CUST01945,Joshua Martin,,42.0,chicago,Illinois,USA,Home Office,2023-01-12
CUST01946,Thomas Sullivan,Male,30.0,Hyderabad,Telangana,India,Home Office,2022-07-15
CUST01947,Mr. Jimmy Flores Jr.,M,39.0,houston,Texas,USA,Consumer,2025-07-28
CUST01948,Vanessa Rivera,F,34.0,Mumbai,Maharashtra,India,Corporate,2024-03-15
CUST01949,Kara Roberts,F,48.0,New York,New York,USA,Home Office,2026-03-25
CUST01950,Veronica Berry,M,34.0,CHENNAI,Tamil Nadu,India,Consumer,2025-04-30
CUST01951,Keith Meadows,F,13.0,Houston,Texas,USA,Corporate,2025-11-22
CUST01952,Michael Dennis,Male,50.0,London,England,UK,Consumer,16/09/2022
CUST01953,Brenda Pierce,,24.0,Ahmedabad,Gujarat,India,Home Office,2024-06-02
CUST01954,James Randall,M,27.0,CHENNAI,Tamil Nadu,India,Home Office,2024-12-10
CUST01955,Brandon Brown,Other,27.0,Los Angeles,California,USA,Consumer,2024-10-27
CUST01956,Lauren Walker,F,51.0,New York,New York,USA,Home Office,2022-12-09
CUST01957,Diana Johnson,F,9.0,Pune,Maharashtra,India,Consumer,2024-09-07
CUST01958,Jill Powers,Other,72.0,Chicago,Illinois,USA,Corporate,2024-09-09
CUST01959,Jorge Lee,Male,47.0,Pune,Maharashtra,India,Consumer,2026-01-19
CUST01960,Larry Harding,Male,37.0,Lucknow,Uttar Pradesh,India,Corporate,2023-04-14
CUST01961,Heather Hernandez,,34.0,Jaipur,Rajasthan,India,Corporate,2022-09-27
CUST01962,Jaclyn Watson,Male,38.0,Los Angeles,California,USA,Home Office,2025-10-10
CUST01963,Gregory Madden,,41.0,Kolkata,West Bengal,India,Corporate,2022-11-02
CUST01964,Anita Luna,Female,42.0,hyderabad,Telangana,India,Corporate,
CUST01965,Willie Lara,Other,41.0,New York,New York,USA,Home Office,2022-01-06
CUST01966,Robert Waller,F,36.0,Ahmedabad,Gujarat,India,Consumer,2024-03-25
CUST01967,Steven Taylor,,32.0,Mumbai,Maharashtra,India,Corporate,2025-10-30
CUST01968,Angelica Clark,Male,33.0,chicago,Illinois,USA,Consumer,2025-04-07
CUST01969,Sean Hatfield,Female,32.0,Jaipur,Rajasthan,India,Consumer,2023-07-20
CUST01970,Tyler Avila,Other,48.0,Kolkata,West Bengal,India,Corporate,2022-04-25
CUST01971,Jason Rocha,Female,42.0,Chicago,Illinois,USA,Home Office,2024-02-24
CUST01972,Justin Page,,0.0,chicago,Illinois,USA,Corporate,2026-05-14
CUST01973,Breanna Lopez,Other,,Chicago,Illinois,USA,Home Office,2023-01-22
CUST01974,Julian Williams,Male,37.0,Chicago,Illinois,USA,Consumer,2024-02-29
CUST01975,Sandra Torres,,34.0,Jaipur,Rajasthan,India,Home Office,2026-02-22
CUST01976,Julie Johnson,F,30.0,HYDERABAD,Telangana,India,Home Office,2024-11-17
CUST01977,Dennis Blanchard,,48.0,Bengaluru,Karnataka,India,Home Office,2023-05-07
CUST01978,Kaitlyn Valdez,Other,46.0,Chicago,Illinois,USA,Consumer,2023-05-06
CUST01979,Jennifer Vasquez,Male,25.0,Los Angeles,California,USA,Consumer,2023-05-18
CUST01980,Danielle Wilson,Other,39.0,DELHI,Delhi,India,Corporate,2025-10-01
CUST01981,Zachary Jones,Other,23.0,Los Angeles,California,USA,Corporate,2025-11-13
CUST01982,Lauren Cunningham,Female,18.0,Jaipur,Rajasthan,India,Home Office,2023-11-19
CUST01983,Lori Alvarez,Male,27.0,Manchester,England,UK,Corporate,2026-01-31
CUST01984,Barbara Hunt,Male,45.0,HYDERABAD,Telangana,India,Home Office,28/01/2024
CUST01985,Sarah Martin,Other,46.0,Lucknow,Uttar Pradesh,India,Corporate,2024-03-28
CUST01986,Francisco Johns,Other,41.0,Lucknow,Uttar Pradesh,India,Corporate,06/05/2023
CUST01987,Christopher Nelson,Other,43.0,Bengaluru,Karnataka,India,Home Office,2023-08-09
CUST01988,Thomas Kelly,Other,41.0,Kolkata,West Bengal,India,Consumer,2026-07-31
CUST01989,Joseph Mayer,Male,27.0,London,England,UK,Home Office,2023-04-08
CUST01990,Pamela White,Other,40.0,Bengaluru,Karnataka,India,Corporate,2022-12-09
CUST01991,Paul Stephens,Other,44.0,Delhi,Delhi,India,Consumer,2023-03-05
CUST01992,Samantha Cohen,,44.0,Houston,Texas,USA,Consumer,2023-07-01
CUST01993,Michael Barker,M,49.0,Manchester,England,UK,Home Office,2026-07-29
CUST01994,Kevin Morrow,M,43.0,Hyderabad,Telangana,India,Corporate,2025-03-28
CUST01995,Joseph Watson,,39.0,MUMBAI,Maharashtra,India,Consumer,2025-08-15
CUST01996,Mr. Thomas Garcia,Male,47.0,london,England,UK,Consumer,2024-01-23
CUST01997,Daniel Lopez,Female,34.0,Manchester,England,UK,Consumer,2023-09-26
CUST01998,Lisa Guerra,F,24.0,Lucknow,Uttar Pradesh,India,Home Office,2026-04-25
CUST01999,Kim Arnold,Other,33.0,Delhi,Delhi,India,Home Office,2022-09-07
CUST02000,Ashley Stevens,M,26.0,Chicago,Illinois,USA,Corporate,2023-01-17
CUST00675,Michael Morrison,F,18.0,HOUSTON,Texas,USA,Consumer,2022-06-26
CUST01700,Anthony Simmons,,37.0,Mumbai,Maharashtra,India,Home Office,2026-07-12
CUST01283,Reginald Diaz,,43.0,Kolkata,West Bengal,India,Consumer,2023-02-28
CUST01316,Matthew Baker,Male,19.0,New York,New York,USA,Home Office,2022-08-16
CUST01211,Michele Holland,M,20.0,CHICAGO,Illinois,USA,Consumer,2024-11-30
CUST01637,Amanda Nash,Female,23.0,CHICAGO,Illinois,USA,Home Office,2022-08-08
CUST00614,Casey Chase,Other,21.0,Bengaluru,Karnataka,India,Corporate,2024-06-03
CUST00448,Holly Valentine,M,23.0,Jaipur,Rajasthan,India,Home Office,2026-01-09
CUST01132,Andrew Roberts,Female,40.0,Delhi,Delhi,India,Corporate,2026-01-31
CUST00809,Rodney Williams,M,50.0,CHENNAI,Tamil Nadu,India,Consumer,07/01/2023
CUST01497,Timothy Clark,Other,59.0,Hyderabad,Telangana,India,Consumer,2025-04-03
CUST01469,Christopher Hill,Male,20.0,Kolkata,West Bengal,India,Consumer,2025-05-08
CUST01683,Kelly Rowe,F,24.0,new york,New York,USA,Corporate,2022-03-13
CUST01150,Vanessa Santiago,Male,24.0,HYDERABAD,Telangana,India,Consumer,2024-06-20
CUST00443,Rhonda Martin,Other,10.0,Chennai,Tamil Nadu,India,Corporate,2022-10-27
CUST01814,Susan Baldwin,F,45.0,Houston,Texas,USA,Consumer,2023-12-29
CUST00655,Alexis Harris,Male,65.0,Delhi,Delhi,India,Corporate,2024-11-20
CUST01265,Julia Dunn MD,,37.0,LONDON,England,UK,Consumer,2022-03-20
CUST00859,Donald Miller,F,28.0,Hyderabad,Telangana,India,Home Office,2023-03-06
CUST01483,Kristen Jones,F,55.0,New York,New York,USA,Home Office,2025-08-25
CUST00232,Susan Serrano,Female,37.0,HOUSTON,Texas,USA,Home Office,2026-03-26
CUST01822,April Finley,F,35.0,Ahmedabad,Gujarat,India,Corporate,2025-11-04
CUST01927,,Male,4.0,Delhi,Delhi,India,Corporate,2023-01-10
CUST00882,Michael Miles,Female,28.0,chennai,Tamil Nadu,India,Home Office,2026-07-29
CUST00632,Laura Hernandez,,53.0,Mumbai,Maharashtra,India,Corporate,2025-12-07
