Order_ID,Customer_ID,Order_Date,Product_ID,Quantity,Discount,Shipping_Cost,Sales_Channel,Payment_Method,Order_Status,Region
ORD000001,CUST00877,2025-10-10,PROD0101,4,0.0,14.24,In-Store,UPI,Returned,North
ORD000002,CUST00646,2026-02-10,PROD0032,2,0.15,6.49,Mobile App,Credit Card,Delivered,East
ORD000003,CUST01672,2025-10-16,PROD0063,2,0.3,10.92,Online,Debit Card,Delivered,East
ORD000004,CUST00140,2026-07-02,PROD0122,2,0.3,14.84,Mobile App,Wallet,Cancelled,North
ORD000005,CUST01805,2025-08-16,PROD0048,2,0.0,1.83,Online,COD,Cancelled,West
ORD000006,CUST00976,2025-11-10,PROD0083,5,0.0,15.56,Mobile App,Wallet,Delivered,East
ORD000007,CUST00103,2026-01-28,PROD0050,5,0.0,24.53,In-Store,Wallet,Delivered,West
ORD000008,CUST01907,2025-09-17,PROD0009,4,0.15,4.75,Online,Debit Card,Delivered,North
ORD000009,CUST00522,2026-04-26,PROD0118,3,0.3,19.81,Mobile App,Wallet,Delivered,South
ORD000010,CUST00205,2026-03-06,PROD0017,2,0.0,22.7,Online,Credit Card,Pending,North
ORD000011,CUST01133,2026-03-29,PROD0054,5,0.15,23.59,Mobile App,Net Banking,Delivered,North
ORD000012,CUST01910,2026-02-18,PROD0029,4,0.0,24.0,Mobile App,Debit Card,Delivered,East
ORD000013,CUST00354,2026-06-21,PROD0023,5,0.0,13.04,Online,COD,Pending,East
ORD000014,CUST00593,2025-11-05,PROD0020,4,0.0,24.43,Online,Credit Card,Delivered,West
ORD000015,CUST00394,2026-06-13,PROD0117,3,0.2,18.93,Online,Wallet,Delivered,South
ORD000016,CUST01722,2025-10-12,PROD0067,3,0.0,4.04,In-Store,Net Banking,Delivered,East
ORD000017,CUST01258,2025-07-07,PROD0088,1,0.0,11.92,In-Store,Net Banking,Delivered,North
ORD000018,CUST01278,2026-05-10,PROD0090,3,0.25,17.96,Online,COD,Delivered,South
ORD000019,CUST00379,2025-09-20,PROD0058,5,0.2,6.18,In-Store,COD,Delivered,South
ORD000020,CUST00818,2025-09-20,PROD0045,5,0.2,16.02,Mobile App,Credit Card,Delivered,South
ORD000021,CUST00586,2025-07-15,PROD0015,5,0.0,16.67,Online,UPI,Returned,West
ORD000022,CUST00501,2025-10-20,PROD0060,5,0.2,4.07,Mobile App,Wallet,Cancelled,West
ORD000023,CUST00773,2025-09-27,PROD0010,6,0.0,14.13,In-Store,Wallet,Delivered,North
ORD000024,CUST00457,2026-05-27,PROD0084,3,0.05,19.29,Mobile App,Credit Card,Delivered,South
ORD000025,CUST00311,2026-06-26,PROD0013,1,0.0,12.47,Online,Credit Card,Delivered,East
ORD000026,CUST00892,2026-03-19,PROD0070,1,0.3,0.3,In-Store,Net Banking,Delivered,West
ORD000027,CUST00537,2025-11-30,PROD0072,1,0.0,0.23,Mobile App,Credit Card,Delivered,East
ORD000028,CUST01030,2026-07-20,PROD0118,-1,0.0,8.93,In-Store,COD,Delivered,West
ORD000029,CUST00578,2025-11-03,PROD0122,5,0.2,23.15,In-Store,Wallet,Delivered,North
ORD000030,CUST00289,2026-05-02,PROD0092,2,0.0,5.72,In-Store,Debit Card,Delivered,South
ORD000031,CUST00519,10-02-2025,PROD0069,6,0.1,15.86,Online,Credit Card,Delivered,West
ORD000032,CUST01767,2026-03-19,PROD0079,5,0.0,5.55,In-Store,Debit Card,Cancelled,West
ORD000033,CUST00330,2026-04-28,PROD0066,5,0.3,8.04,Mobile App,Debit Card,Delivered,North
ORD000034,CUST01527,2025-07-30,PROD0022,4,0.0,21.2,Mobile App,Credit Card,Delivered,East
ORD000035,CUST01788,2025-10-09,PROD0013,5,0.3,18.22,Online,UPI,Delivered,East
ORD000036,CUST01916,2025-09-30,PROD0046,5,0.3,2.38,Mobile App,Wallet,Delivered,West
ORD000037,CUST00816,2026-05-12,PROD0069,5,0.0,10.72,Mobile App,COD,Delivered,West
ORD000038,CUST01822,2026-07-23,PROD0027,2,0.0,0.73,Mobile App,Net Banking,Returned,South
ORD000039,CUST01301,2025-10-18,PROD0015,4,0.0,12.02,Mobile App,Net Banking,Returned,West
ORD000040,CUST01592,2025-09-29,PROD0014,1,0.3,16.56,Online,Credit Card,Delivered,South
ORD000041,CUST01740,2025-10-11,PROD0066,6,0.0,2.96,Mobile App,Debit Card,Delivered,South
ORD000042,CUST01451,2026-02-22,PROD0121,6,0.3,7.22,Mobile App,Wallet,Delivered,West
ORD000043,CUST00343,2026-03-10,PROD0001,6,0.15,9.95,Mobile App,Net Banking,Delivered,East
ORD000044,CUST00240,2025-11-04,PROD0059,5,0.25,22.99,Mobile App,Wallet,Delivered,West
ORD000045,CUST01019,2026-04-23,PROD0023,6,0.1,24.83,Mobile App,Wallet,Delivered,South
ORD000046,CUST01565,2026-06-25,PROD0022,3,0.2,1.12,Mobile App,UPI,Delivered,North
ORD000047,CUST01825,2025-09-09,PROD0122,2,0.3,19.03,Online,UPI,Delivered,East
ORD000048,CUST01187,2026-06-09,PROD0111,-1,0.1,9.29,Mobile App,Credit Card,Delivered,West
ORD000049,CUST00897,2025-09-12,PROD0074,4,0.1,9.81,Mobile App,COD,Delivered,North
ORD000050,CUST00721,2026-04-10,PROD0088,4,0.25,18.86,Mobile App,Net Banking,Delivered,East
ORD000051,CUST00231,2025-08-08,PROD0053,2,0.3,22.96,In-Store,Debit Card,Delivered,West
ORD000052,CUST00219,2026-03-23,PROD0049,3,0.3,23.77,In-Store,Net Banking,Delivered,East
ORD000053,CUST01794,2025-11-26,PROD0002,5,0.3,14.43,In-Store,Debit Card,Delivered,North
ORD000054,CUST01233,2025-09-22,PROD0116,4,0.2,8.93,Online,Credit Card,Cancelled,South
ORD000055,CUST00002,2025-11-16,PROD0072,3,0.0,19.69,Mobile App,Net Banking,Delivered,North
ORD000056,CUST01219,2025-12-16,PROD0095,6,0.3,6.28,In-Store,UPI,Cancelled,North
ORD000057,CUST01875,2026-04-10,PROD0002,2,0.25,14.1,Online,Credit Card,Delivered,East
ORD000058,CUST00036,2026-07-04,PROD0117,6,0.15,8.96,In-Store,COD,Delivered,East
ORD000059,CUST01167,2026-07-28,PROD0007,4,0.1,16.42,Mobile App,COD,Returned,North
ORD000060,CUST01293,2026-05-31,PROD0097,4,0.0,6.01,Online,COD,Delivered,North
ORD000061,CUST01220,2025-07-25,PROD0121,3,0.1,4.79,Online,COD,Delivered,East
ORD000062,CUST01926,2026-02-02,PROD0005,4,0.15,22.96,In-Store,Debit Card,Cancelled,South
ORD000063,CUST00281,2025-08-29,PROD0041,3,0.2,2.55,In-Store,Debit Card,Delivered,South
ORD000064,CUST00061,2025-09-02,PROD0034,3,0.1,12.65,In-Store,UPI,Delivered,West
ORD000065,CUST01231,2025-12-03,PROD0056,6,0.15,5.52,In-Store,Debit Card,Delivered,South
ORD000066,CUST00589,2026-03-31,PROD0043,1,0.0,0.97,Mobile App,UPI,Delivered,South
ORD000067,CUST01349,2026-06-25,PROD0024,5,0.05,0.9,Online,Credit Card,Returned,West
ORD000068,CUST00872,2025-10-30,PROD0099,6,0.25,4.38,In-Store,Net Banking,Delivered,South
ORD000069,CUST00351,2026-05-13,PROD0024,3,0.15,21.67,Mobile App,Wallet,Delivered,East
ORD000070,CUST00672,2025-09-10,PROD0063,3,0.0,7.06,In-Store,Net Banking,Delivered,North
ORD000071,CUST01228,2025-07-29,PROD0012,1,0.0,23.76,In-Store,COD,Delivered,East
ORD000072,CUST00610,2026-02-27,PROD0057,3,0.15,14.54,Mobile App,Wallet,Delivered,East
ORD000073,CUST01170,2025-08-27,PROD0059,4,0.1,10.92,Online,UPI,Delivered,South
ORD000074,CUST00256,2025-07-19,PROD0068,4,0.0,14.5,Online,COD,Delivered,North
ORD000075,CUST00077,2026-06-18,PROD0066,6,0.0,12.92,In-Store,Net Banking,Delivered,South
ORD000076,CUST00585,2026-04-12,PROD0106,2,0.25,18.97,Mobile App,COD,Delivered,North
ORD000077,CUST01354,2025-12-08,PROD0028,4,0.2,7.06,In-Store,Wallet,Delivered,North
ORD000078,CUST00572,2025-08-21,PROD0112,1,0.25,8.83,In-Store,COD,Delivered,West
ORD000079,CUST00134,2026-02-12,PROD0040,2,0.2,22.35,Online,Debit Card,Cancelled,South
ORD000080,CUST01856,2026-04-27,PROD0044,3,0.2,23.66,Online,Net Banking,Delivered,North
ORD000081,CUST00467,2026-06-19,PROD0074,1,0.3,22.31,Online,Net Banking,Returned,East
ORD000082,CUST00595,2025-09-22,PROD0116,1,0.2,10.49,In-Store,Debit Card,Delivered,West
ORD000083,CUST01924,2025-11-19,PROD0116,5,0.1,19.51,Mobile App,Net Banking,Delivered,East
ORD000084,CUST01455,2026-02-10,PROD0074,3,0.25,11.91,In-Store,Net Banking,Delivered,North
ORD000085,CUST01248,2026-04-30,PROD0085,2,0.25,12.44,Mobile App,Wallet,Cancelled,South
ORD000086,CUST00947,2025-12-01,PROD0002,2,0.25,5.12,In-Store,Net Banking,Delivered,East
ORD000087,CUST01558,2025-12-16,PROD0112,3,0.05,14.78,Online,Net Banking,Pending,North
ORD000088,CUST00700,2025-08-12,PROD0097,2,0.05,4.65,In-Store,Net Banking,Delivered,North
ORD000089,CUST01877,2026-04-22,PROD0044,4,0.0,8.29,Mobile App,Credit Card,Returned,North
ORD000090,CUST00912,2026-07-13,PROD0060,6,0.0,21.38,Mobile App,Credit Card,Delivered,South
ORD000091,CUST00766,2026-04-13,PROD0012,4,0.05,5.18,Mobile App,Wallet,Delivered,North
ORD000092,CUST01379,2026-07-22,PROD0051,6,0.15,1.78,Online,Wallet,Delivered,North
ORD000093,CUST01091,2026-04-21,PROD0017,5,0.05,1.73,Mobile App,COD,Delivered,East
ORD000094,CUST00672,2025-12-26,PROD0106,6,0.0,23.52,Mobile App,Credit Card,Cancelled,North
ORD000095,CUST00945,2025-07-22,PROD0027,1,0.1,12.67,In-Store,Credit Card,Returned,West
ORD000096,CUST01414,2025-10-14,PROD0045,4,0.25,10.24,Mobile App,Wallet,Delivered,South
ORD000097,CUST01116,2025-10-16,PROD0042,5,0.0,20.27,In-Store,Credit Card,Delivered,East
ORD000098,CUST00491,2026-02-16,PROD0075,1,0.2,20.9,In-Store,Net Banking,Delivered,East
ORD000099,CUST01717,2025-08-29,PROD0066,3,0.0,8.3,Online,COD,Delivered,West
ORD000100,CUST00703,2025-07-15,PROD0118,5,0.2,17.34,Online,UPI,Delivered,North
ORD000101,CUST01830,2026-01-10,PROD0014,3,0.2,19.28,Mobile App,Wallet,Delivered,East
ORD000102,CUST00544,2026-05-21,PROD0006,3,0.1,16.37,In-Store,Credit Card,Delivered,North
ORD000103,CUST00865,2025-09-08,PROD0018,0,0.25,3.79,Mobile App,Credit Card,Delivered,East
ORD000104,CUST01627,2026-06-12,PROD0028,1,0.05,21.9,Online,Net Banking,Delivered,North
ORD000105,CUST00355,2026-01-31,PROD0065,3,0.0,13.48,Mobile App,UPI,Returned,West
ORD000106,CUST01448,2026-07-27,PROD0031,3,0.15,7.06,In-Store,Net Banking,Delivered,West
ORD000107,CUST01983,2025-09-08,PROD0055,1,0.05,,Mobile App,Net Banking,Pending,North
ORD000108,CUST01940,2026-07-23,PROD0027,3,0.0,0.94,Mobile App,Net Banking,Delivered,North
ORD000109,CUST00456,2026-03-17,PROD0094,5,0.15,3.2,Online,Debit Card,Delivered,West
ORD000110,CUST01276,02-16-2026,PROD0117,3,0.0,19.14,Online,UPI,Delivered,West
ORD000111,CUST00342,2025-07-12,PROD0006,2,0.15,0.0,In-Store,Credit Card,Delivered,South
ORD000112,CUST00275,2025-10-28,PROD0001,5,0.15,10.41,In-Store,UPI,Delivered,North
ORD000113,CUST00441,2026-06-28,PROD0021,6,0.1,13.06,In-Store,UPI,Pending,South
ORD000114,CUST01300,2026-04-09,PROD0119,1,0.1,1.37,Online,Debit Card,Delivered,West
ORD000115,CUST00524,2025-07-15,PROD0111,6,0.0,24.33,Mobile App,COD,Delivered,South
ORD000116,CUST00029,2026-01-08,PROD0034,4,0.0,5.65,Mobile App,Wallet,Delivered,South
ORD000117,CUST00626,2026-01-31,PROD0049,5,0.0,7.6,Mobile App,COD,Delivered,West
ORD000118,CUST01337,2025-10-19,PROD0022,1,0.2,7.6,Online,Debit Card,Delivered,North
ORD000119,CUST00144,2026-05-01,PROD0074,2,0.2,5.76,In-Store,Debit Card,Delivered,North
ORD000120,CUST01014,2025-07-06,PROD0032,4,0.0,0.04,Online,UPI,Pending,North
ORD000121,CUST01595,2025-07-14,PROD0005,2,0.0,18.23,Mobile App,COD,Delivered,North
ORD000122,CUST00155,2025-08-25,PROD0084,4,0.3,24.17,In-Store,COD,Delivered,North
ORD000123,CUST01623,2025-07-13,PROD0015,3,0.1,5.61,In-Store,Credit Card,Delivered,North
ORD000124,CUST00297,2026-02-28,PROD0106,4,0.05,16.58,Online,UPI,Delivered,South
ORD000125,CUST00371,2025-10-03,PROD0028,1,0.0,18.55,Mobile App,UPI,Delivered,South
ORD000126,CUST01687,2026-07-11,PROD0058,6,0.1,21.21,In-Store,Debit Card,Delivered,North
ORD000127,CUST00461,2025-10-15,PROD0119,4,0.15,10.57,Online,COD,Delivered,West
ORD000128,CUST00707,2026-05-05,PROD0106,6,0.0,7.57,Mobile App,UPI,Delivered,East
ORD000129,CUST01905,2025-08-27,PROD0069,2,0.0,8.13,Mobile App,Credit Card,Delivered,West
ORD000130,CUST00523,2026-04-03,PROD0062,6,0.3,17.82,Mobile App,COD,Cancelled,West
ORD000131,CUST00552,2025-09-03,PROD0040,4,0.0,20.42,In-Store,UPI,Delivered,South
ORD000132,CUST01005,2026-02-10,PROD0038,5,0.0,4.54,Mobile App,Net Banking,Delivered,West
ORD000133,CUST01574,2025-12-01,PROD0115,4,0.3,9.27,Online,COD,Delivered,South
ORD000134,CUST00554,2025-10-10,PROD0058,2,0.1,22.55,Online,Net Banking,Delivered,South
ORD000135,CUST01464,2026-04-20,PROD0110,4,0.2,20.17,Online,Debit Card,Delivered,South
ORD000136,CUST00736,2025-10-11,PROD0116,4,0.0,24.62,In-Store,Credit Card,Returned,South
ORD000137,CUST00598,2025-07-02,PROD0096,1,0.2,18.86,Mobile App,COD,Delivered,North
ORD000138,CUST00244,05-10-2026,PROD0052,5,0.0,9.83,Online,Credit Card,Delivered,North
ORD000139,CUST01013,2026-01-13,PROD0026,6,0.05,14.77,In-Store,Wallet,Cancelled,West
ORD000140,CUST00690,2026-07-14,PROD0039,1,0.3,16.53,Mobile App,Credit Card,Pending,West
ORD000141,CUST01223,2026-03-03,PROD0105,4,0.0,,Mobile App,Net Banking,Delivered,South
ORD000142,CUST00169,2025-11-05,PROD0119,1,0.05,13.61,Online,Net Banking,Returned,East
ORD000143,CUST00290,2025-08-17,PROD0098,5,0.1,17.73,Mobile App,UPI,Delivered,North
ORD000144,CUST01562,2025-10-05,PROD0031,6,0.15,4.18,In-Store,COD,Delivered,West
ORD000145,CUST01824,2025-12-12,PROD0091,5,0.1,19.52,In-Store,COD,Delivered,South
ORD000146,CUST01477,2026-07-02,PROD0003,1,0.1,14.59,Online,Wallet,Delivered,North
ORD000147,CUST01890,2026-06-18,PROD0099,2,0.3,23.81,In-Store,Credit Card,Delivered,West
ORD000148,CUST01411,2025-09-11,PROD0042,3,0.0,1.06,Online,COD,Delivered,East
ORD000149,CUST00931,2026-05-23,PROD0003,4,0.05,6.63,Online,UPI,Delivered,North
ORD000150,CUST00238,2026-07-31,PROD0088,2,0.15,15.04,In-Store,Credit Card,Delivered,East
ORD000151,CUST00065,2025-12-25,PROD0008,3,0.2,7.41,In-Store,Net Banking,Delivered,North
ORD000152,CUST01070,2025-11-13,PROD0019,1,0.0,17.86,In-Store,Credit Card,Delivered,South
ORD000153,CUST00184,2025-10-11,PROD0017,2,0.2,18.98,Online,Wallet,Returned,East
ORD000154,CUST01669,2025-07-06,PROD0099,4,0.15,2.56,Mobile App,UPI,Delivered,North
ORD000155,CUST01746,2025-12-04,PROD0082,2,0.2,12.85,In-Store,COD,Cancelled,North
ORD000156,CUST01523,2025-08-24,PROD0103,3,0.15,12.72,Mobile App,Debit Card,Pending,East
ORD000157,CUST00171,2026-03-09,PROD0063,3,0.3,9.23,In-Store,Net Banking,Delivered,East
ORD000158,CUST00376,2026-07-23,PROD0051,6,0.25,23.32,In-Store,Credit Card,Delivered,West
ORD000159,CUST01753,2026-06-26,PROD0017,3,0.2,20.69,In-Store,Credit Card,Pending,West
ORD000160,CUST00601,2026-01-26,PROD0061,4,0.1,17.43,In-Store,Credit Card,Delivered,North
ORD000161,CUST00622,2026-05-24,PROD0065,1,0.0,17.86,Mobile App,COD,Pending,South
ORD000162,CUST01487,2025-09-03,PROD0054,3,0.1,11.54,Mobile App,COD,Delivered,North
ORD000163,CUST01539,2025-09-16,PROD0046,6,0.1,23.02,Online,UPI,Delivered,South
ORD000164,CUST00181,2025-07-09,PROD0099,6,0.1,17.36,Online,Credit Card,Delivered,West
ORD000165,CUST01756,2025-10-09,PROD0086,1,0.25,18.22,In-Store,Debit Card,Delivered,East
ORD000166,CUST01483,2026-06-12,PROD0009,3,0.3,21.54,Mobile App,Net Banking,Delivered,West
ORD000167,CUST00202,0000-00-00,PROD0105,4,0.0,6.85,Online,Credit Card,Delivered,South
ORD000168,CUST00382,2026-01-06,PROD0032,6,0.0,20.18,Online,Credit Card,Delivered,North
ORD000169,CUST00206,2025-12-07,PROD0092,5,0.05,4.88,Mobile App,Wallet,Returned,West
ORD000170,CUST00915,2025-07-28,PROD0071,2,0.05,8.63,Mobile App,Net Banking,Delivered,North
ORD000171,CUST01883,2025-08-11,PROD0120,3,0.0,8.39,In-Store,Credit Card,Delivered,West
ORD000172,CUST01599,2026-07-18,PROD0096,4,0.3,24.46,Online,Wallet,Delivered,South
ORD000173,CUST00530,2026-07-25,PROD0013,3,0.0,21.41,Mobile App,Wallet,Delivered,West
ORD000174,CUST01963,2026-03-26,PROD0057,3,0.0,17.53,In-Store,Debit Card,Delivered,South
ORD000175,CUST01777,2026-06-27,PROD0108,4,0.3,18.18,In-Store,Net Banking,Delivered,West
ORD000176,CUST01937,2025-09-09,PROD0054,5,0.05,14.05,Online,COD,Delivered,North
ORD000177,CUST01801,2026-05-12,PROD0098,2,0.05,23.68,Mobile App,Wallet,Pending,East
ORD000178,CUST00465,2026-03-04,PROD0006,1,0.25,12.41,In-Store,COD,Delivered,North
ORD000179,CUST00721,2025-07-04,PROD0060,3,0.3,9.51,Mobile App,Credit Card,Delivered,East
ORD000180,CUST00810,2026-06-08,PROD0024,2,0.0,4.08,Online,Credit Card,Delivered,North
ORD000181,CUST01365,2026-01-13,PROD0061,4,0.25,19.66,Online,COD,Cancelled,East
ORD000182,CUST01925,2025-08-03,PROD0113,6,0.15,18.36,Online,Credit Card,Delivered,North
ORD000183,CUST00020,2026-01-25,PROD0028,2,0.0,9.61,Online,UPI,Delivered,East
ORD000184,CUST01773,2025-09-19,PROD0029,2,0.0,0.63,Mobile App,Debit Card,Delivered,East
ORD000185,CUST01231,2026-03-15,PROD0104,1,0.0,20.97,Online,Credit Card,Delivered,South
ORD000186,CUST00747,2025-07-24,PROD0098,3,0.2,0.29,Mobile App,Net Banking,Pending,East
ORD000187,CUST01127,2026-01-23,PROD0012,2,0.15,17.59,Online,Credit Card,Delivered,North
ORD000188,CUST01680,2026-07-25,PROD0104,4,0.0,24.26,Mobile App,COD,Cancelled,North
ORD000189,CUST01578,2025-12-11,PROD0010,5,0.0,10.94,In-Store,COD,Delivered,North
ORD000190,CUST00700,2025-09-07,PROD0047,3,0.25,5.87,In-Store,Debit Card,Delivered,North
ORD000191,CUST00039,2026-07-26,PROD0020,5,0.05,17.62,In-Store,UPI,Delivered,East
ORD000192,CUST00905,2026-07-31,PROD0014,4,0.0,20.43,Online,COD,Delivered,West
ORD000193,CUST01314,2025-09-01,PROD0097,3,0.25,13.66,Online,COD,Delivered,North
ORD000194,CUST01590,2025-10-19,PROD0024,3,0.05,24.18,In-Store,UPI,Cancelled,East
ORD000195,CUST00332,2026-03-15,PROD0073,6,0.0,1.29,Online,UPI,Delivered,West
ORD000196,CUST01708,2026-06-16,PROD0039,2,0.0,12.62,Online,COD,Delivered,East
ORD000197,CUST01937,09-08-2025,PROD0009,6,0.05,17.96,Mobile App,Debit Card,Pending,South
ORD000198,CUST00257,2026-07-08,PROD0028,4,0.0,21.57,Mobile App,COD,Delivered,West
ORD000199,CUST01918,2026-05-07,PROD0067,6,0.1,4.48,In-Store,Net Banking,Delivered,South
ORD000200,CUST01615,2025-07-30,PROD0004,3,0.1,,Mobile App,Net Banking,Pending,South
ORD000201,CUST00921,2026-02-28,PROD0055,4,0.15,13.82,In-Store,Credit Card,Delivered,East
ORD000202,CUST00695,2026-01-27,PROD0045,6,0.25,9.91,In-Store,Debit Card,Delivered,North
ORD000203,CUST01731,2026-04-27,PROD0024,1,0.3,3.29,In-Store,Debit Card,Returned,South
ORD000204,CUST01318,2026-02-19,PROD0019,2,0.0,21.63,In-Store,Credit Card,Delivered,North
ORD000205,CUST01984,2026-02-23,PROD0063,6,0.2,3.93,Online,COD,Delivered,East
ORD000206,CUST01132,2025-09-19,PROD0052,5,0.1,7.74,Mobile App,Net Banking,Delivered,East
ORD000207,CUST01755,2025-09-28,PROD0104,4,0.0,7.25,Online,Debit Card,Delivered,South
ORD000208,CUST01824,2026-07-18,PROD0035,5,0.0,21.79,Online,Wallet,Delivered,West
ORD000209,CUST01810,2025-08-09,PROD0114,5,0.0,16.82,Online,Debit Card,Cancelled,North
ORD000210,CUST01404,2026-01-21,PROD0002,4,0.0,19.92,Online,UPI,Delivered,South
ORD000211,CUST00459,2025-10-03,PROD0110,4,0.1,6.26,Online,COD,Delivered,East
ORD000212,CUST01962,2026-02-13,PROD0073,2,0.0,15.62,Online,Wallet,Delivered,East
ORD000213,CUST01432,2025-11-11,PROD0078,3,0.3,14.29,Online,Wallet,Delivered,South
ORD000214,CUST01173,2026-02-22,PROD0016,4,0.0,20.82,In-Store,Debit Card,Delivered,North
ORD000215,CUST00882,2025-11-30,PROD0092,5,0.0,22.65,In-Store,COD,Delivered,East
ORD000216,CUST00421,2025-09-26,PROD0076,2,0.1,0.3,In-Store,UPI,Delivered,East
ORD000217,CUST01672,2025-07-12,PROD0001,1,0.3,16.85,In-Store,Wallet,Delivered,East
ORD000218,CUST01465,2026-07-21,PROD0119,1,0.3,,Online,Net Banking,Pending,South
ORD000219,CUST01935,2026-05-01,PROD0039,2,0.15,13.72,Online,Net Banking,Delivered,East
ORD000220,CUST00714,2026-04-04,PROD0025,1,0.0,7.19,Online,Debit Card,Delivered,South
ORD000221,CUST01650,2025-11-03,PROD0043,1,0.15,7.67,In-Store,Credit Card,Delivered,South
ORD000222,CUST00830,2025-12-20,PROD0075,6,0.0,8.82,Mobile App,Net Banking,Cancelled,East
ORD000223,CUST00333,2026-06-21,PROD0038,5,0.05,15.53,Online,COD,Returned,West
ORD000224,CUST00473,09-06-2025,PROD0016,5,0.3,8.35,Online,UPI,Delivered,North
ORD000225,CUST00805,2025-09-21,PROD0041,1,0.15,18.32,Mobile App,Net Banking,Delivered,North
ORD000226,CUST00633,2025-08-30,PROD0076,4,0.0,10.11,In-Store,UPI,Delivered,North
ORD000227,CUST00701,2026-01-13,PROD0080,3,0.05,1.71,Online,Net Banking,Delivered,West
ORD000228,CUST00821,2026-02-14,PROD0017,2,0.15,19.59,In-Store,UPI,Delivered,South
ORD000229,CUST01838,2026-06-07,PROD0116,6,0.1,7.14,Online,Wallet,Delivered,West
ORD000230,CUST01801,2025-08-31,PROD0069,2,0.0,10.82,In-Store,UPI,Returned,East
ORD000231,CUST01762,2025-08-01,PROD0043,6,0.15,17.14,In-Store,Credit Card,Delivered,East
ORD000232,CUST01365,2025-10-16,PROD0108,2,0.0,8.31,Online,Net Banking,Cancelled,West
ORD000233,CUST01519,2026-04-29,PROD0033,2,0.0,1.41,Online,Debit Card,Pending,South
ORD000234,CUST01106,2026-06-28,PROD0102,6,0.15,9.35,Online,Net Banking,Delivered,North
ORD000235,CUST00783,2025-12-02,PROD0107,4,0.2,23.61,Mobile App,Debit Card,Pending,South
ORD000236,CUST00734,2026-07-23,PROD0112,5,0.2,16.04,Mobile App,Credit Card,Delivered,West
ORD000237,CUST01065,2026-07-02,PROD0043,3,0.1,16.79,Mobile App,Net Banking,Cancelled,East
ORD000238,CUST01587,2026-07-12,PROD0042,2,0.3,15.81,Mobile App,COD,Delivered,West
ORD000239,CUST00988,2025-09-08,PROD0017,2,0.3,4.97,Mobile App,Net Banking,Delivered,East
ORD000240,CUST01200,2025-12-04,PROD0051,6,0.15,10.46,Online,Net Banking,Delivered,South
ORD000241,CUST01360,12-27-2025,PROD0120,1,0.15,18.77,Mobile App,COD,Delivered,East
ORD000242,CUST01324,2026-02-14,PROD0002,4,0.1,2.53,Online,Debit Card,Cancelled,South
ORD000243,CUST01241,2025-11-18,PROD0090,5,0.0,6.95,Mobile App,COD,Delivered,West
ORD000244,CUST00740,2025-07-21,PROD0056,-1,0.0,6.91,Online,Debit Card,Delivered,East
ORD000245,CUST01558,2026-05-28,PROD0011,6,0.0,10.8,Mobile App,Debit Card,Delivered,South
ORD000246,CUST01945,2026-04-02,PROD0076,2,0.25,24.51,Online,COD,Cancelled,North
ORD000247,CUST00657,2026-01-31,PROD0052,5,0.25,1.69,In-Store,COD,Delivered,West
ORD000248,CUST01452,2025-07-29,PROD0068,4,0.2,12.97,Mobile App,UPI,Delivered,East
ORD000249,CUST00872,2025-10-25,PROD0085,2,0.0,4.48,Online,Debit Card,Delivered,South
ORD000250,CUST00191,2025-10-10,PROD0056,1,0.1,24.27,In-Store,Debit Card,Returned,North
ORD000251,CUST00951,2026-01-16,PROD0061,3,0.05,2.83,Mobile App,COD,Delivered,West
ORD000252,CUST01238,2026-02-01,PROD0038,1,0.05,10.09,Online,Net Banking,Pending,East
ORD000253,CUST01128,2026-02-05,PROD0057,4,0.15,18.45,Online,Credit Card,Cancelled,West
ORD000254,CUST00346,2026-05-14,PROD0037,2,0.0,17.61,Mobile App,Debit Card,Delivered,East
ORD000255,CUST01600,2026-07-31,PROD0043,4,0.1,10.57,Online,Net Banking,Cancelled,East
ORD000256,CUST00758,2026-02-15,PROD0096,1,0.1,8.66,Online,COD,Cancelled,South
ORD000257,CUST01057,2026-01-31,PROD0056,1,0.25,9.94,Mobile App,Wallet,Delivered,North
ORD000258,CUST00641,2025-07-02,PROD0062,2,0.15,6.61,Mobile App,UPI,Delivered,West
ORD000259,CUST00067,2026-07-07,PROD0075,3,0.0,5.13,Online,COD,Delivered,East
ORD000260,CUST00602,2026-06-10,PROD0029,3,0.2,12.08,In-Store,Net Banking,Pending,East
ORD000261,CUST01542,2025-11-19,PROD0058,1,0.2,6.71,Mobile App,UPI,Returned,East
ORD000262,CUST00828,2026-01-29,PROD0071,2,0.2,7.19,Online,UPI,Delivered,North
ORD000263,CUST00306,2026-03-23,PROD0058,5,0.0,16.42,In-Store,Wallet,Delivered,North
ORD000264,CUST01716,2025-07-06,PROD0072,3,0.25,24.21,In-Store,Credit Card,Delivered,South
ORD000265,CUST00508,2026-01-03,PROD0057,4,0.0,15.09,In-Store,COD,Delivered,South
ORD000266,CUST00829,0000-00-00,PROD0061,4,0.05,,Mobile App,Credit Card,Delivered,South
ORD000267,CUST01316,2025-10-02,PROD0036,4,0.25,1.89,Online,Net Banking,Delivered,West
ORD000268,CUST01385,2026-03-18,PROD0077,4,0.3,23.79,Online,COD,Delivered,South
ORD000269,CUST01421,2026-04-20,PROD0080,3,0.0,7.43,Mobile App,COD,Pending,North
ORD000270,CUST01305,2026-07-15,PROD0039,6,0.0,2.3,Mobile App,Debit Card,Delivered,North
ORD000271,CUST01434,2026-06-21,PROD0098,3,0.3,14.98,Online,Net Banking,Returned,West
ORD000272,CUST00824,2025-07-16,PROD0098,2,0.0,15.59,Online,Net Banking,Returned,North
ORD000273,CUST00165,2026-02-28,PROD0087,5,0.3,16.21,Mobile App,Net Banking,Returned,West
ORD000274,CUST00478,2025-08-31,PROD0060,4,0.05,6.69,Online,COD,Delivered,North
ORD000275,CUST00598,2026-03-31,PROD0021,3,0.0,0.38,Online,Debit Card,Delivered,South
ORD000276,CUST01311,2025-08-14,PROD0077,2,0.1,24.13,Mobile App,Credit Card,Delivered,East
ORD000277,CUST00131,2026-04-16,PROD0079,4,0.2,6.27,In-Store,Net Banking,Delivered,North
ORD000278,CUST01869,2026-01-05,PROD0066,5,0.1,16.9,Mobile App,UPI,Delivered,South
ORD000279,CUST01104,2025-07-28,PROD0015,6,0.0,17.67,In-Store,COD,Delivered,North
ORD000280,CUST00704,2026-01-14,PROD0114,6,0.05,15.25,Mobile App,Net Banking,Delivered,North
ORD000281,CUST01340,2025-08-22,PROD0066,3,0.0,7.82,Online,UPI,Delivered,West
ORD000282,CUST00612,2025-07-24,PROD0006,1,0.0,6.78,In-Store,Credit Card,Delivered,North
ORD000283,CUST00340,2026-03-23,PROD0077,1,0.2,14.94,In-Store,Net Banking,Delivered,East
ORD000284,CUST00040,2025-12-01,PROD0059,3,0.0,21.65,Online,Net Banking,Delivered,East
ORD000285,CUST00859,2026-04-16,PROD0070,6,0.1,23.67,Online,COD,Returned,North
ORD000286,CUST00832,2026-07-04,PROD0051,4,0.0,2.65,Online,Credit Card,Delivered,South
ORD000287,CUST00863,2025-07-09,PROD0025,1,0.0,3.87,Mobile App,UPI,Delivered,South
ORD000288,CUST00685,2025-12-14,PROD0067,4,0.0,23.62,Mobile App,COD,Returned,North
ORD000289,CUST01347,09-30-2025,PROD0113,6,0.0,18.41,In-Store,Debit Card,Delivered,North
ORD000290,CUST00019,2026-04-26,PROD0024,2,0.25,22.07,Mobile App,UPI,Delivered,West
ORD000291,CUST01881,2026-06-26,PROD0097,5,0.25,,In-Store,Debit Card,Delivered,South
ORD000292,CUST01565,2026-07-27,PROD0055,3,0.15,14.69,In-Store,Net Banking,Delivered,West
ORD000293,CUST01694,2026-01-05,PROD0090,3,0.05,17.53,In-Store,Net Banking,Delivered,North
ORD000294,CUST00757,2025-12-28,PROD0036,5,0.25,17.0,Mobile App,COD,Delivered,South
ORD000295,CUST01280,2025-09-04,PROD0068,1,0.25,10.2,In-Store,UPI,Delivered,South
ORD000296,CUST00104,2026-01-07,PROD0122,5,0.0,0.38,In-Store,Debit Card,Delivered,West
ORD000297,CUST00854,2025-10-03,PROD0051,4,0.0,,Online,COD,Pending,West
ORD000298,CUST01510,2025-09-29,PROD0078,3,0.0,6.33,Mobile App,Net Banking,Delivered,East
ORD000299,CUST00951,2026-07-20,PROD0091,4,0.2,11.26,In-Store,COD,Delivered,East
ORD000300,CUST01072,02-08-2026,PROD0122,1,0.3,23.94,In-Store,Net Banking,Cancelled,North
ORD000301,CUST00259,2025-12-15,PROD0052,5,0.0,9.98,Online,Credit Card,Delivered,North
ORD000302,CUST00301,2025-11-26,PROD0108,6,0.25,21.0,Mobile App,Wallet,Delivered,North
ORD000303,CUST01498,2025-12-04,PROD0120,6,0.0,4.71,Mobile App,Credit Card,Delivered,North
ORD000304,CUST01728,2025-07-09,PROD0070,5,0.0,16.81,In-Store,Debit Card,Delivered,West
ORD000305,CUST01367,2026-05-26,PROD0121,6,0.0,24.43,Mobile App,Debit Card,Delivered,North
ORD000306,CUST00479,2025-12-16,PROD0044,6,0.0,2.55,Online,Credit Card,Delivered,West
ORD000307,CUST01271,2026-02-04,PROD0052,1,0.1,0.21,Online,Net Banking,Pending,North
ORD000308,CUST00175,2026-05-29,PROD0061,3,0.0,10.84,Mobile App,UPI,Delivered,North
ORD000309,CUST00683,2026-02-15,PROD0062,4,0.3,2.32,Online,Wallet,Returned,East
ORD000310,CUST00652,2025-07-04,PROD0029,3,0.0,18.71,Online,Wallet,Delivered,East
ORD000311,CUST00348,2026-01-24,PROD0010,1,0.25,22.86,In-Store,UPI,Delivered,West
ORD000312,CUST00684,2025-08-14,PROD0107,6,0.0,10.85,Mobile App,Wallet,Cancelled,North
ORD000313,CUST00611,2026-04-29,PROD0094,4,0.25,6.47,Online,UPI,Cancelled,East
ORD000314,CUST01011,2025-11-18,PROD0056,3,0.0,10.86,Online,COD,Delivered,West
ORD000315,CUST00964,2025-09-04,PROD0053,3,0.0,18.09,In-Store,Credit Card,Delivered,North
ORD000316,CUST01424,2026-02-27,PROD0031,6,0.15,0.23,Mobile App,Debit Card,Returned,East
ORD000317,CUST01667,2025-08-10,PROD0010,4,0.1,14.74,Mobile App,UPI,Delivered,East
ORD000318,CUST01711,2025-12-25,PROD0058,1,0.0,15.33,In-Store,UPI,Delivered,West
ORD000319,CUST01008,2026-06-08,PROD0106,5,0.2,15.94,In-Store,Credit Card,Delivered,North
ORD000320,CUST00241,2026-04-27,PROD0070,1,0.15,6.05,In-Store,Credit Card,Pending,South
ORD000321,CUST01106,2026-05-06,PROD0004,6,0.0,17.85,Mobile App,Debit Card,Delivered,West
ORD000322,CUST01875,2026-07-29,PROD0106,6,0.05,2.28,Mobile App,Net Banking,Delivered,East
ORD000323,CUST00026,2026-05-18,PROD0020,6,0.25,4.98,In-Store,UPI,Delivered,East
ORD000324,CUST00424,2025-08-16,PROD0111,4,0.2,21.94,Online,Wallet,Delivered,West
ORD000325,CUST01741,2025-09-06,PROD0003,2,0.25,18.47,Mobile App,Net Banking,Returned,West
ORD000326,CUST01985,2026-03-07,PROD0006,6,0.3,0.34,Mobile App,Debit Card,Delivered,North
ORD000327,CUST00162,2026-05-03,PROD0012,1,0.1,6.21,Online,Wallet,Cancelled,South
ORD000328,CUST01149,2026-01-16,PROD0007,1,0.1,5.36,In-Store,Debit Card,Cancelled,South
ORD000329,CUST00932,2025-10-04,PROD0103,1,0.2,6.77,Mobile App,Wallet,Pending,South
ORD000330,CUST01950,2025-07-10,PROD0035,5,0.0,6.19,In-Store,Wallet,Delivered,West
ORD000331,CUST01834,2026-07-07,PROD0026,1,0.0,1.56,Online,COD,Delivered,East
ORD000332,CUST00863,2026-01-16,PROD0113,5,0.05,11.47,In-Store,COD,Pending,South
ORD000333,CUST00745,2026-01-25,PROD0030,3,0.2,18.32,Online,Debit Card,Delivered,North
ORD000334,CUST01858,2026-07-14,PROD0058,1,0.25,15.17,Online,Debit Card,Returned,West
ORD000335,CUST00489,2025-07-25,PROD0056,1,0.0,16.82,Online,UPI,Delivered,North
ORD000336,CUST00023,2026-05-28,PROD0111,3,0.3,2.03,Online,Net Banking,Delivered,North
ORD000337,CUST00278,2025-09-23,PROD0003,6,0.0,23.79,Mobile App,UPI,Delivered,South
ORD000338,CUST00230,2026-07-28,PROD0074,3,0.15,20.96,Mobile App,Debit Card,Pending,North
ORD000339,CUST00950,2025-07-26,PROD0045,5,0.0,20.13,In-Store,UPI,Delivered,East
ORD000340,CUST01531,2025-11-17,PROD0072,5,0.0,20.57,Mobile App,UPI,Delivered,East
ORD000341,CUST01123,2025-10-24,PROD0077,1,0.3,23.32,In-Store,UPI,Delivered,South
ORD000342,CUST00322,2025-11-23,PROD0111,3,0.2,13.61,Online,Net Banking,Cancelled,East
ORD000343,CUST00779,2025-09-15,PROD0002,5,0.15,5.01,Online,COD,Delivered,West
ORD000344,CUST01769,2025-09-10,PROD0082,4,0.0,15.42,Online,COD,Returned,West
ORD000345,CUST00748,2025-07-09,PROD0004,3,0.0,18.57,Online,UPI,Pending,North
ORD000346,CUST01657,2025-08-04,PROD0013,6,0.0,18.45,In-Store,COD,Delivered,West
ORD000347,CUST00503,2026-04-19,PROD0076,2,0.1,13.04,In-Store,UPI,Delivered,East
ORD000348,CUST01393,2025-07-29,PROD0104,3,0.15,1.71,In-Store,Wallet,Returned,West
ORD000349,CUST01910,2026-04-25,PROD0068,6,0.0,9.28,Mobile App,Net Banking,Delivered,West
ORD000350,CUST00796,2026-07-16,PROD0114,6,0.05,23.02,Online,Net Banking,Delivered,East
ORD000351,CUST01121,2026-07-01,PROD0001,3,0.3,14.61,In-Store,Wallet,Delivered,South
ORD000352,CUST00182,2025-11-02,PROD0070,6,0.25,13.46,In-Store,Debit Card,Cancelled,North
ORD000353,CUST00445,2026-04-15,PROD0025,1,0.2,6.72,Online,Wallet,Delivered,West
ORD000354,CUST00082,2025-10-17,PROD0024,2,0.2,9.21,Mobile App,Debit Card,Delivered,South
ORD000355,CUST00900,2026-01-19,PROD0061,4,0.0,22.38,Online,Net Banking,Returned,South
ORD000356,CUST01405,2025-10-23,PROD0024,3,0.0,16.66,Online,Net Banking,Delivered,North
ORD000357,CUST00601,2025-08-03,PROD0018,2,0.0,19.68,Online,UPI,Delivered,North
ORD000358,CUST00990,2026-05-06,PROD0043,2,0.0,11.36,In-Store,Credit Card,Delivered,East
ORD000359,CUST01165,2026-06-19,PROD0089,4,0.25,15.76,Mobile App,Net Banking,Delivered,South
ORD000360,CUST00438,0000-00-00,PROD0087,6,0.1,6.21,Online,Debit Card,Delivered,West
ORD000361,CUST00957,2026-05-17,PROD0028,2,0.25,17.64,Online,Credit Card,Delivered,North
ORD000362,CUST00908,2026-01-20,PROD0001,3,0.0,10.69,Online,Net Banking,Delivered,South
ORD000363,CUST01631,2026-01-10,PROD0039,3,0.0,11.06,Online,Wallet,Delivered,North
ORD000364,CUST01016,2026-05-24,PROD0035,6,0.0,16.23,Online,Wallet,Delivered,West
ORD000365,CUST00283,2026-02-28,PROD0048,3,0.2,23.41,Mobile App,Credit Card,Cancelled,West
ORD000366,CUST01042,09-20-2025,PROD0085,1,0.2,1.6,In-Store,Wallet,Cancelled,West
ORD000367,CUST01219,2025-11-12,PROD0063,6,0.25,20.62,Mobile App,Net Banking,Delivered,South
ORD000368,CUST01725,2026-04-27,PROD0077,5,0.3,7.31,Online,UPI,Delivered,West
ORD000369,CUST00578,2025-07-18,PROD0077,5,0.15,,Mobile App,Wallet,Delivered,West
ORD000370,CUST00527,2026-02-09,PROD0115,2,0.05,0.55,In-Store,Credit Card,Delivered,South
ORD000371,CUST00153,2026-07-03,PROD0085,6,0.3,7.53,Online,UPI,Delivered,East
ORD000372,CUST00895,2025-10-25,PROD0095,1,0.0,12.57,Mobile App,Debit Card,Delivered,South
ORD000373,CUST01694,2026-04-29,PROD0114,6,0.25,1.4,Mobile App,Debit Card,Delivered,West
ORD000374,CUST01078,2026-07-18,PROD0019,4,0.3,12.28,Online,Debit Card,Delivered,West
ORD000375,CUST01070,2025-07-30,PROD0007,5,0.1,23.18,In-Store,Wallet,Delivered,South
ORD000376,CUST01532,2026-06-23,PROD0074,5,0.2,2.63,Mobile App,Net Banking,Pending,East
ORD000377,CUST01277,0000-00-00,PROD0035,6,0.2,19.11,Mobile App,COD,Delivered,South
ORD000378,CUST00104,2025-07-02,PROD0108,4,0.2,10.24,Mobile App,Credit Card,Delivered,South
ORD000379,CUST00730,2026-01-30,PROD0116,4,0.0,16.38,In-Store,Wallet,Delivered,West
ORD000380,CUST01540,2025-11-20,PROD0098,6,0.2,6.51,In-Store,COD,Delivered,South
ORD000381,CUST00692,2025-11-08,PROD0067,0,0.2,3.99,In-Store,Net Banking,Cancelled,East
ORD000382,CUST00219,2026-06-15,PROD0020,1,0.15,4.01,Online,UPI,Returned,East
ORD000383,CUST01642,2025-08-05,PROD0109,5,0.1,,Online,Debit Card,Delivered,West
ORD000384,CUST01496,2025-07-09,PROD0009,2,0.25,4.64,In-Store,Credit Card,Pending,West
ORD000385,CUST00435,2025-10-08,PROD0066,5,0.1,16.61,Mobile App,COD,Delivered,North
ORD000386,CUST01247,2026-06-21,PROD0100,1,0.3,22.04,In-Store,Wallet,Delivered,East
ORD000387,CUST00975,2026-06-08,PROD0077,5,0.0,20.35,In-Store,Net Banking,Returned,South
ORD000388,CUST00798,2025-11-17,PROD0079,2,0.0,17.13,In-Store,Net Banking,Delivered,East
ORD000389,CUST01008,2025-07-22,PROD0039,3,0.2,2.76,Mobile App,Credit Card,Delivered,West
ORD000390,CUST01198,2026-05-24,PROD0107,2,0.0,7.23,Mobile App,Net Banking,Delivered,West
ORD000391,CUST01657,2025-07-01,PROD0110,5,0.0,7.75,Online,Debit Card,Pending,East
ORD000392,CUST01784,2026-03-29,PROD0003,2,0.1,6.25,In-Store,Debit Card,Cancelled,South
ORD000393,CUST01091,2025-07-21,PROD0056,5,0.25,12.88,In-Store,UPI,Delivered,North
ORD000394,CUST01407,2026-06-02,PROD0067,5,0.1,13.39,Mobile App,Debit Card,Delivered,South
ORD000395,CUST01651,2026-05-07,PROD0121,6,0.2,8.92,In-Store,Credit Card,Delivered,South
ORD000396,CUST01317,2025-11-03,PROD0047,2,0.2,8.84,Mobile App,Net Banking,Delivered,East
ORD000397,CUST01740,2025-09-23,PROD0057,4,0.3,20.71,Online,Wallet,Delivered,West
ORD000398,CUST01663,2025-10-02,PROD0068,2,0.0,19.73,Online,COD,Delivered,South
ORD000399,CUST00849,2025-11-28,PROD0080,4,0.15,7.69,Mobile App,Net Banking,Cancelled,West
ORD000400,CUST00244,2025-09-17,PROD0058,4,0.05,22.84,Mobile App,Net Banking,Pending,North
ORD000401,CUST01665,2025-09-16,PROD0102,2,0.0,23.82,In-Store,UPI,Cancelled,West
ORD000402,CUST01190,2025-07-29,PROD0042,5,0.25,8.17,Mobile App,UPI,Delivered,West
ORD000403,CUST01677,2026-02-01,PROD0113,3,0.3,8.86,Mobile App,Net Banking,Delivered,North
ORD000404,CUST00657,2026-02-17,PROD0064,4,0.15,12.64,Mobile App,Credit Card,Delivered,East
ORD000405,CUST01694,2026-01-06,PROD0071,5,0.2,23.53,Online,Net Banking,Delivered,West
ORD000406,CUST00817,2026-01-27,PROD0011,1,0.0,21.91,Online,Debit Card,Delivered,North
ORD000407,CUST00684,2025-10-01,PROD0095,6,0.0,2.56,Online,Net Banking,Returned,North
ORD000408,CUST01736,2025-09-18,PROD0084,6,0.3,9.82,Online,Net Banking,Delivered,North
ORD000409,CUST01741,2026-05-29,PROD0077,1,0.2,13.83,Online,Credit Card,Delivered,South
ORD000410,CUST01243,2025-10-21,PROD0115,2,0.0,12.58,Online,Debit Card,Delivered,West
ORD000411,CUST00091,2026-06-04,PROD0054,4,0.05,4.85,In-Store,UPI,Delivered,West
ORD000412,CUST01415,2026-03-23,PROD0058,2,0.05,21.47,Online,COD,Delivered,North
ORD000413,CUST00675,2026-07-28,PROD0044,6,0.05,16.92,Mobile App,Credit Card,Delivered,East
ORD000414,CUST01266,2026-02-11,PROD0078,1,0.0,20.95,Mobile App,Wallet,Delivered,East
ORD000415,CUST01101,2026-06-29,PROD0027,3,0.15,21.47,Online,Credit Card,Delivered,East
ORD000416,CUST01918,2026-03-05,PROD0030,6,0.0,18.71,Mobile App,UPI,Cancelled,South
ORD000417,CUST01591,2026-01-22,PROD0069,4,0.2,10.98,Mobile App,Credit Card,Delivered,West
ORD000418,CUST01994,2026-02-16,PROD0039,5,0.0,15.26,Mobile App,UPI,Delivered,East
ORD000419,CUST01560,2025-11-12,PROD0030,4,0.1,,In-Store,Wallet,Cancelled,East
ORD000420,CUST01554,2025-07-12,PROD0064,2,0.15,16.84,Mobile App,Wallet,Delivered,North
ORD000421,CUST01441,2025-12-29,PROD0086,4,0.0,4.48,Online,Wallet,Delivered,North
ORD000422,CUST00280,2026-03-18,PROD0073,5,0.05,17.35,Online,UPI,Delivered,East
ORD000423,CUST01751,2026-05-25,PROD0095,2,0.1,5.74,In-Store,Credit Card,Delivered,East
ORD000424,CUST01865,2026-04-02,PROD0027,4,0.0,2.94,In-Store,UPI,Cancelled,West
ORD000425,CUST01173,2026-06-29,PROD0046,2,0.15,4.13,Mobile App,UPI,Delivered,West
ORD000426,CUST00690,2025-11-15,PROD0002,5,0.0,0.05,Online,Debit Card,Delivered,North
ORD000427,CUST00203,2026-01-24,PROD0030,1,0.1,17.97,In-Store,UPI,Delivered,West
ORD000428,CUST00998,2026-06-23,PROD0104,6,0.3,18.31,In-Store,UPI,Delivered,South
ORD000429,CUST00495,2026-04-29,PROD0026,2,0.1,12.87,Online,Debit Card,Delivered,East
ORD000430,CUST00384,0000-00-00,PROD0015,6,0.2,4.03,Mobile App,Debit Card,Delivered,West
ORD000431,CUST01951,2026-02-21,PROD0010,6,0.2,2.09,Online,Debit Card,Pending,West
ORD000432,CUST01432,2025-11-01,PROD0029,1,0.0,0.48,In-Store,Net Banking,Delivered,North
ORD000433,CUST01825,2025-08-07,PROD0054,2,0.2,4.14,In-Store,UPI,Delivered,North
ORD000434,CUST00624,2025-08-18,PROD0036,4,0.15,22.27,In-Store,Credit Card,Delivered,North
ORD000435,CUST00623,2026-05-12,PROD0109,2,0.15,6.04,In-Store,UPI,Delivered,East
ORD000436,CUST00505,2025-09-10,PROD0063,4,0.0,8.86,Online,COD,Delivered,East
ORD000437,CUST01553,2026-07-12,PROD0021,4,0.15,2.63,Mobile App,Debit Card,Delivered,West
ORD000438,CUST00054,2026-01-09,PROD0028,3,0.1,5.56,Mobile App,UPI,Delivered,South
ORD000439,CUST01602,2026-07-16,PROD0035,3,0.05,12.98,In-Store,Wallet,Delivered,West
ORD000440,CUST00616,2026-03-04,PROD0061,5,0.05,15.19,Online,Debit Card,Delivered,East
ORD000441,CUST00599,2025-11-19,PROD0075,6,0.15,6.13,Online,Debit Card,Delivered,North
ORD000442,CUST01688,2025-11-11,PROD0041,5,0.3,1.44,Online,Credit Card,Delivered,North
ORD000443,CUST00892,11-26-2025,PROD0055,3,0.25,9.78,Online,Net Banking,Delivered,East
ORD000444,CUST00499,2026-03-15,PROD0011,1,0.3,5.86,In-Store,Debit Card,Delivered,East
ORD000445,CUST00350,2025-08-17,PROD0081,3,0.25,5.49,Online,Credit Card,Delivered,North
ORD000446,CUST00656,2026-04-07,PROD0055,1,0.2,24.0,In-Store,Debit Card,Delivered,West
ORD000447,CUST00877,2025-07-28,PROD0106,5,0.0,15.41,Mobile App,Wallet,Delivered,North
ORD000448,CUST00069,2026-01-07,PROD0007,2,0.05,,Online,Debit Card,Delivered,West
ORD000449,CUST01875,2025-12-19,PROD0107,6,0.0,10.39,Online,Debit Card,Delivered,North
ORD000450,CUST00212,2025-08-19,PROD0041,2,0.2,10.72,Online,UPI,Delivered,South
ORD000451,CUST01516,2025-07-10,PROD0067,4,0.05,13.52,Online,Debit Card,Delivered,South
ORD000452,CUST00361,2025-11-20,PROD0007,3,0.0,17.41,In-Store,COD,Delivered,North
ORD000453,CUST00234,2025-08-18,PROD0098,6,0.0,17.55,Online,UPI,Delivered,South
ORD000454,CUST01059,2025-10-23,PROD0049,2,0.0,4.29,Online,Debit Card,Delivered,East
ORD000455,CUST00624,2025-12-19,PROD0024,4,0.15,12.5,Mobile App,COD,Delivered,East
ORD000456,CUST00396,2026-05-09,PROD0035,1,0.3,10.3,Online,Wallet,Delivered,East
ORD000457,CUST01776,2025-11-04,PROD0106,4,0.25,21.76,Online,UPI,Delivered,East
ORD000458,CUST00364,2025-09-29,PROD0050,2,0.0,15.79,In-Store,UPI,Cancelled,North
ORD000459,CUST01787,2025-11-14,PROD0082,4,0.15,13.31,Mobile App,Credit Card,Delivered,West
ORD000460,CUST00829,2026-01-30,PROD0109,3,0.15,2.88,Mobile App,Wallet,Delivered,East
ORD000461,CUST00651,2026-02-12,PROD0086,3,0.2,15.14,Online,UPI,Delivered,West
ORD000462,CUST00316,2025-09-04,PROD0038,5,0.15,2.93,Online,Wallet,Delivered,West
ORD000463,CUST00321,2026-03-10,PROD0083,2,0.15,8.43,In-Store,Wallet,Delivered,West
ORD000464,CUST01926,2025-10-09,PROD0085,5,0.15,3.57,In-Store,COD,Delivered,West
ORD000465,CUST01103,2025-11-04,PROD0019,1,0.0,17.3,In-Store,Net Banking,Delivered,South
ORD000466,CUST00726,2026-05-12,PROD0111,5,0.0,5.16,Online,Wallet,Pending,North
ORD000467,CUST00502,2025-08-21,PROD0003,5,0.25,9.8,In-Store,Debit Card,Delivered,West
ORD000468,CUST00561,2025-07-31,PROD0069,2,0.0,22.39,Mobile App,COD,Cancelled,North
ORD000469,CUST00251,2026-04-11,PROD0037,4,0.05,5.11,In-Store,Debit Card,Delivered,East
ORD000470,CUST01534,2026-07-31,PROD0075,2,0.1,12.7,Mobile App,Debit Card,Delivered,East
ORD000471,CUST00943,2025-12-24,PROD0018,2,0.05,10.48,Mobile App,Net Banking,Returned,East
ORD000472,CUST00225,2025-07-06,PROD0024,5,0.0,0.45,Mobile App,COD,Delivered,West
ORD000473,CUST01377,2026-07-03,PROD0004,4,0.2,19.82,In-Store,Wallet,Returned,South
ORD000474,CUST00221,2025-10-20,PROD0022,5,0.0,1.73,In-Store,Net Banking,Delivered,West
ORD000475,CUST00167,2026-07-03,PROD0025,5,0.0,11.86,Online,Debit Card,Delivered,East
ORD000476,CUST00421,2025-10-19,PROD0088,6,0.25,14.02,In-Store,Net Banking,Cancelled,East
ORD000477,CUST00128,2025-07-24,PROD0010,5,0.1,15.71,In-Store,COD,Delivered,North
ORD000478,CUST00580,2025-08-07,PROD0075,5,0.2,,Mobile App,Wallet,Delivered,North
ORD000479,CUST00080,0000-00-00,PROD0020,3,0.0,6.33,Mobile App,Net Banking,Cancelled,West
ORD000480,CUST00149,2026-01-30,PROD0113,4,0.0,0.25,Mobile App,Net Banking,Delivered,East
ORD000481,CUST00535,2025-09-12,PROD0114,2,0.15,18.09,Online,Credit Card,Delivered,South
ORD000482,CUST01924,2025-08-08,PROD0119,6,0.0,13.39,Mobile App,Credit Card,Delivered,West
ORD000483,CUST00238,2025-07-31,PROD0027,4,0.0,20.9,Online,Wallet,Delivered,East
ORD000484,CUST01911,2025-07-09,PROD0067,3,0.0,20.53,Mobile App,Wallet,Delivered,North
ORD000485,CUST01861,2025-08-31,PROD0063,5,0.1,21.08,Mobile App,Credit Card,Delivered,South
ORD000486,CUST00878,2026-02-09,PROD0025,5,0.2,12.13,Mobile App,Credit Card,Delivered,North
ORD000487,CUST00777,2025-07-20,PROD0016,4,0.0,8.34,Mobile App,UPI,Delivered,South
ORD000488,CUST00688,2025-08-30,PROD0028,1,0.05,19.79,In-Store,Credit Card,Delivered,West
ORD000489,CUST00691,2026-06-04,PROD0022,1,0.1,11.28,In-Store,Debit Card,Delivered,West
ORD000490,CUST01476,2026-07-14,PROD0104,-3,0.15,4.59,Online,Wallet,Delivered,East
ORD000491,CUST01945,2026-03-24,PROD0077,3,0.1,21.37,Online,Credit Card,Delivered,North
ORD000492,CUST01924,2026-04-29,PROD0085,6,0.2,22.06,In-Store,Debit Card,Delivered,East
ORD000493,CUST00799,2025-09-13,PROD0052,2,0.0,11.66,Online,Wallet,Delivered,East
ORD000494,CUST01760,2025-07-14,PROD0084,1,0.0,1.89,In-Store,Credit Card,Cancelled,North
ORD000495,CUST01435,2026-01-10,PROD0066,4,0.1,9.7,In-Store,Credit Card,Returned,North
ORD000496,CUST01991,2026-05-23,PROD0103,4,0.0,20.09,Online,COD,Delivered,South
ORD000497,CUST01783,2025-07-04,PROD0102,2,0.0,22.54,Mobile App,Debit Card,Delivered,South
ORD000498,CUST00569,2026-04-09,PROD0061,2,0.1,,In-Store,Debit Card,Delivered,East
ORD000499,CUST01488,2026-05-07,PROD0097,3,0.1,1.67,Mobile App,UPI,Delivered,North
ORD000500,CUST00061,2025-10-25,PROD0106,1,0.05,21.93,In-Store,Debit Card,Delivered,West
ORD000501,CUST00016,2025-09-13,PROD0102,6,0.0,9.74,In-Store,UPI,Delivered,East
ORD000502,CUST00060,2026-03-08,PROD0017,1,0.25,13.54,Mobile App,Credit Card,Cancelled,North
ORD000503,CUST00159,2025-12-01,PROD0079,3,0.15,24.2,In-Store,Debit Card,Cancelled,North
ORD000504,CUST01810,2026-06-01,PROD0081,4,0.25,1.66,Online,Net Banking,Delivered,North
ORD000505,CUST00455,2026-05-25,PROD0097,5,0.05,,In-Store,COD,Pending,North
ORD000506,CUST00200,2026-06-10,PROD0029,4,0.0,1.85,Mobile App,Net Banking,Delivered,West
ORD000507,CUST00029,2025-11-06,PROD0041,2,0.2,9.39,In-Store,Net Banking,Delivered,East
ORD000508,CUST00570,2026-03-10,PROD0024,5,0.0,20.1,Mobile App,Wallet,Delivered,West
ORD000509,CUST00314,2026-05-05,PROD0067,5,0.1,10.84,Mobile App,Net Banking,Delivered,West
ORD000510,CUST00927,2025-08-04,PROD0097,4,0.25,24.93,In-Store,UPI,Delivered,North
ORD000511,CUST00857,2025-08-12,PROD0085,2,0.0,13.98,Mobile App,Credit Card,Delivered,North
ORD000512,CUST01481,2025-09-10,PROD0052,6,0.1,8.03,Mobile App,Net Banking,Delivered,West
ORD000513,CUST00370,2025-11-29,PROD0042,4,0.25,5.5,Online,Net Banking,Delivered,South
ORD000514,CUST01571,2025-11-01,PROD0005,3,0.1,8.76,In-Store,Credit Card,Delivered,South
ORD000515,CUST00671,2025-12-05,PROD0069,3,0.2,9.31,In-Store,UPI,Delivered,North
ORD000516,CUST00569,2026-01-13,PROD0022,4,0.2,,In-Store,COD,Delivered,South
ORD000517,CUST01907,2025-10-22,PROD0029,5,0.1,9.24,Online,UPI,Delivered,South
ORD000518,CUST00804,2026-03-26,PROD0024,1,0.0,11.61,Mobile App,Net Banking,Delivered,West
ORD000519,CUST00055,2025-09-19,PROD0039,3,0.0,18.07,Online,COD,Delivered,South
ORD000520,CUST00430,2025-08-31,PROD0061,2,0.2,16.42,Online,COD,Delivered,South
ORD000521,CUST01025,2025-12-29,PROD0006,2,0.05,17.72,In-Store,Net Banking,Cancelled,East
ORD000522,CUST00491,2025-07-04,PROD0083,1,0.0,0.21,Online,Debit Card,Delivered,South
ORD000523,CUST00045,2026-03-08,PROD0024,1,0.0,5.44,Mobile App,Net Banking,Delivered,West
ORD000524,CUST01387,2025-08-20,PROD0036,2,0.2,16.54,Mobile App,COD,Delivered,East
ORD000525,CUST00586,2025-12-29,PROD0102,-1,0.0,12.1,In-Store,Wallet,Cancelled,South
ORD000526,CUST01602,2025-09-08,PROD0069,1,0.25,0.13,Online,UPI,Delivered,East
ORD000527,CUST01936,2026-02-11,PROD0097,2,0.0,20.11,In-Store,Debit Card,Delivered,North
ORD000528,CUST00697,2025-08-11,PROD0008,4,0.2,19.32,In-Store,Debit Card,Delivered,West
ORD000529,CUST01328,2025-08-04,PROD0042,5,0.0,13.71,In-Store,Net Banking,Delivered,North
ORD000530,CUST00801,2026-07-05,PROD0062,2,0.0,1.66,Mobile App,Net Banking,Delivered,West
ORD000531,CUST00278,2025-07-13,PROD0020,4,0.05,19.16,Online,Wallet,Delivered,East
ORD000532,CUST01326,2026-04-26,PROD0066,2,0.3,14.59,In-Store,COD,Delivered,West
ORD000533,CUST00060,2025-08-12,PROD0121,2,0.05,,Mobile App,Debit Card,Delivered,East
ORD000534,CUST01440,2026-07-31,PROD0090,5,0.0,18.79,Online,Debit Card,Delivered,West
ORD000535,CUST00428,2025-12-24,PROD0017,6,0.2,20.08,In-Store,Net Banking,Delivered,North
ORD000536,CUST01168,2026-03-09,PROD0010,2,0.25,12.95,In-Store,Debit Card,Returned,South
ORD000537,CUST01647,2025-07-22,PROD0046,3,0.0,3.51,Online,Wallet,Delivered,East
ORD000538,CUST00296,2025-10-03,PROD0063,2,0.15,16.78,Online,UPI,Delivered,East
ORD000539,CUST00644,2025-10-21,PROD0120,2,0.15,15.51,In-Store,Net Banking,Delivered,West
ORD000540,CUST00571,2025-11-11,PROD0105,5,0.2,18.56,Mobile App,UPI,Delivered,North
ORD000541,CUST01185,2025-07-12,PROD0017,6,0.0,4.25,Mobile App,COD,Delivered,East
ORD000542,CUST01538,2025-08-26,PROD0058,6,0.2,4.87,In-Store,Wallet,Delivered,South
ORD000543,CUST01797,2026-07-14,PROD0035,1,0.05,22.26,Online,Credit Card,Delivered,North
ORD000544,CUST01613,2025-12-02,PROD0026,6,0.0,18.75,In-Store,COD,Delivered,North
ORD000545,CUST00281,2025-11-24,PROD0048,4,0.25,22.71,Online,Net Banking,Delivered,North
ORD000546,CUST00600,0000-00-00,PROD0058,2,0.3,18.97,Mobile App,Wallet,Cancelled,South
ORD000547,CUST01898,2025-11-02,PROD0073,6,0.0,14.93,Mobile App,Wallet,Delivered,North
ORD000548,CUST00404,2026-07-03,PROD0053,4,0.25,,Mobile App,Debit Card,Delivered,West
ORD000549,CUST01944,10-11-2025,PROD0108,1,0.0,,Online,Wallet,Delivered,East
ORD000550,CUST01782,2026-03-15,PROD0070,2,0.1,14.47,Online,Debit Card,Pending,South
ORD000551,CUST01044,2026-02-02,PROD0022,6,0.0,15.81,Mobile App,Net Banking,Delivered,West
ORD000552,CUST00688,2026-07-06,PROD0082,1,0.2,,Mobile App,UPI,Delivered,East
ORD000553,CUST01879,2026-02-08,PROD0054,5,0.3,11.85,In-Store,Net Banking,Delivered,North
ORD000554,CUST00192,2025-08-28,PROD0117,2,0.15,17.91,Mobile App,Debit Card,Delivered,North
ORD000555,CUST01612,2025-08-09,PROD0116,3,0.0,6.77,Mobile App,Wallet,Delivered,North
ORD000556,CUST01552,2026-04-03,PROD0094,2,0.3,5.06,Mobile App,Credit Card,Delivered,North
ORD000557,CUST01831,2025-08-01,PROD0066,3,0.15,7.85,In-Store,Credit Card,Delivered,East
ORD000558,CUST00978,2025-10-06,PROD0040,6,0.3,6.04,In-Store,UPI,Delivered,North
ORD000559,CUST00651,2025-10-09,PROD0049,6,0.2,5.37,In-Store,COD,Delivered,West
ORD000560,CUST00948,2026-04-08,PROD0102,1,0.0,10.62,Mobile App,Credit Card,Delivered,South
ORD000561,CUST00798,2026-03-05,PROD0055,4,0.15,22.7,Mobile App,COD,Delivered,West
ORD000562,CUST00408,2026-01-14,PROD0021,5,0.3,12.68,In-Store,Credit Card,Delivered,North
ORD000563,CUST00389,2026-07-04,PROD0033,1,0.3,4.7,In-Store,Wallet,Delivered,East
ORD000564,CUST01950,2026-02-02,PROD0031,6,0.15,1.92,Online,Net Banking,Delivered,South
ORD000565,CUST01591,2025-11-22,PROD0090,4,0.0,17.4,In-Store,UPI,Delivered,North
ORD000566,CUST01239,2026-06-14,PROD0112,3,0.2,9.57,Online,Credit Card,Cancelled,South
ORD000567,CUST00947,2025-07-04,PROD0023,5,0.0,20.55,In-Store,COD,Delivered,South
ORD000568,CUST00258,2025-11-08,PROD0112,6,0.0,16.49,Mobile App,UPI,Pending,West
ORD000569,CUST01928,2025-08-24,PROD0118,1,0.25,19.91,Online,Net Banking,Returned,West
ORD000570,CUST01465,2025-09-03,PROD0109,1,0.05,6.8,Online,COD,Cancelled,West
ORD000571,CUST00654,2026-02-19,PROD0017,1,0.3,17.31,Mobile App,Wallet,Delivered,West
ORD000572,CUST00300,10-10-2025,PROD0010,5,0.25,6.6,Online,Debit Card,Delivered,East
ORD000573,CUST01975,2025-09-11,PROD0007,6,0.05,23.48,In-Store,Wallet,Delivered,West
ORD000574,CUST01389,2026-02-26,PROD0075,5,0.2,15.91,Mobile App,Wallet,Delivered,West
ORD000575,CUST00933,2026-01-03,PROD0053,4,0.2,8.11,In-Store,Credit Card,Delivered,West
ORD000576,CUST01260,2026-03-26,PROD0092,2,0.1,,In-Store,Debit Card,Delivered,East
ORD000577,CUST00940,2025-09-09,PROD0080,4,0.15,4.77,Online,Wallet,Delivered,North
ORD000578,CUST00742,2026-04-23,PROD0089,3,0.0,17.37,In-Store,COD,Delivered,West
ORD000579,CUST01935,2025-07-26,PROD0043,3,0.0,5.47,Online,Wallet,Delivered,North
ORD000580,CUST00276,2025-08-05,PROD0052,2,0.0,14.88,In-Store,Net Banking,Delivered,South
ORD000581,CUST01882,2026-06-08,PROD0110,4,0.25,6.62,Online,Debit Card,Delivered,South
ORD000582,CUST00826,2025-12-31,PROD0061,1,0.0,16.55,Mobile App,Credit Card,Cancelled,West
ORD000583,CUST00794,2025-11-02,PROD0110,6,0.2,20.37,In-Store,Wallet,Cancelled,South
ORD000584,CUST01674,2025-07-12,PROD0085,1,0.25,19.45,In-Store,COD,Delivered,South
ORD000585,CUST01021,2025-12-06,PROD0086,3,0.0,19.02,Online,UPI,Delivered,North
ORD000586,CUST01361,2026-06-18,PROD0007,6,0.0,4.69,Online,UPI,Delivered,West
ORD000587,CUST01688,2025-07-09,PROD0019,5,0.15,2.21,In-Store,Credit Card,Delivered,South
ORD000588,CUST00656,2026-07-09,PROD0116,6,0.05,17.47,In-Store,Wallet,Returned,West
ORD000589,CUST00117,2026-05-03,PROD0093,2,0.0,9.21,Online,Net Banking,Delivered,South
ORD000590,CUST00635,2025-08-03,PROD0110,5,0.0,10.81,Mobile App,Credit Card,Delivered,South
ORD000591,CUST01230,2025-12-19,PROD0097,3,0.3,0.78,Online,Net Banking,Delivered,South
ORD000592,CUST00182,2025-07-26,PROD0032,6,0.25,6.49,In-Store,COD,Delivered,North
ORD000593,CUST00879,2026-03-20,PROD0067,1,0.0,0.84,Online,UPI,Cancelled,East
ORD000594,CUST01867,2026-02-20,PROD0092,3,0.0,21.98,Online,Credit Card,Pending,North
ORD000595,CUST01519,2025-07-19,PROD0032,6,0.05,6.08,Online,Net Banking,Delivered,South
ORD000596,CUST01198,2026-05-06,PROD0016,5,0.0,13.93,Mobile App,UPI,Delivered,West
ORD000597,CUST01552,2026-05-07,PROD0094,4,0.15,0.97,Online,COD,Cancelled,West
ORD000598,CUST01839,2026-03-03,PROD0017,1,0.25,16.67,Mobile App,Net Banking,Delivered,South
ORD000599,CUST01493,2026-01-26,PROD0084,4,0.15,,In-Store,Wallet,Delivered,West
ORD000600,CUST01702,2025-09-27,PROD0089,2,0.2,22.45,Mobile App,Credit Card,Delivered,South
ORD000601,CUST01128,2026-02-15,PROD0118,1,0.15,22.2,Mobile App,Net Banking,Delivered,North
ORD000602,CUST00218,2026-02-23,PROD0018,5,0.15,8.13,In-Store,UPI,Delivered,West
ORD000603,CUST00052,2026-02-24,PROD0071,3,0.25,22.52,Online,Net Banking,Delivered,North
ORD000604,CUST00903,0000-00-00,PROD0014,1,0.1,24.9,In-Store,UPI,Delivered,South
ORD000605,CUST00719,2026-04-19,PROD0103,2,0.15,20.64,Online,Net Banking,Delivered,North
ORD000606,CUST01335,2026-05-28,PROD0047,3,0.0,21.12,Online,Credit Card,Delivered,South
ORD000607,CUST01150,2025-11-12,PROD0107,6,0.3,6.23,In-Store,UPI,Delivered,North
ORD000608,CUST00209,2026-05-17,PROD0094,1,0.05,,Online,UPI,Delivered,North
ORD000609,CUST01545,2026-05-26,PROD0003,6,0.1,1.68,In-Store,Wallet,Delivered,East
ORD000610,CUST00432,2025-09-15,PROD0106,2,0.05,2.37,Online,Wallet,Delivered,West
ORD000611,CUST00041,2025-09-25,PROD0121,1,0.25,24.97,Online,UPI,Cancelled,West
ORD000612,CUST00962,2026-05-30,PROD0121,2,0.25,8.17,Mobile App,Wallet,Delivered,North
ORD000613,CUST01562,2026-06-23,PROD0036,4,0.0,18.7,In-Store,COD,Pending,East
ORD000614,CUST01010,2026-01-25,PROD0101,4,0.2,20.17,Online,UPI,Delivered,East
ORD000615,CUST00879,2026-01-07,PROD0115,3,0.1,21.45,Mobile App,Net Banking,Delivered,West
ORD000616,CUST01611,2025-12-29,PROD0038,5,0.1,24.94,Mobile App,Wallet,Cancelled,East
ORD000617,CUST00443,2026-06-01,PROD0056,4,0.2,6.04,In-Store,UPI,Delivered,South
ORD000618,CUST00965,0000-00-00,PROD0001,6,0.25,1.01,Mobile App,Net Banking,Delivered,South
ORD000619,CUST01699,2026-07-31,PROD0084,4,0.3,10.28,In-Store,UPI,Delivered,West
ORD000620,CUST01619,2026-05-02,PROD0040,5,0.0,3.25,In-Store,Credit Card,Delivered,North
ORD000621,CUST00017,2026-05-02,PROD0007,3,0.0,0.56,In-Store,Debit Card,Delivered,South
ORD000622,CUST01730,2026-04-17,PROD0076,4,0.25,9.01,In-Store,UPI,Delivered,East
ORD000623,CUST00283,2026-06-07,PROD0043,-3,0.0,19.59,Mobile App,UPI,Delivered,North
ORD000624,CUST00048,2026-06-12,PROD0085,6,0.1,14.15,Online,Net Banking,Delivered,South
ORD000625,CUST01581,2025-12-23,PROD0088,1,0.25,7.82,Mobile App,Wallet,Delivered,South
ORD000626,CUST00490,2026-07-20,PROD0085,3,0.0,16.36,In-Store,Net Banking,Delivered,South
ORD000627,CUST01722,2026-01-22,PROD0087,4,0.0,5.8,In-Store,Debit Card,Cancelled,East
ORD000628,CUST01135,2025-08-26,PROD0092,5,0.05,0.36,Mobile App,UPI,Delivered,East
ORD000629,CUST00664,2025-08-11,PROD0013,4,0.0,19.11,Online,COD,Delivered,East
ORD000630,CUST01431,2025-12-24,PROD0005,3,0.05,15.59,In-Store,Debit Card,Delivered,North
ORD000631,CUST01728,2026-01-29,PROD0018,2,0.2,19.06,Online,Wallet,Delivered,West
ORD000632,CUST00528,2026-01-08,PROD0114,6,0.0,0.97,Online,Debit Card,Delivered,North
ORD000633,CUST00029,2026-03-21,PROD0076,1,0.25,20.93,Mobile App,Credit Card,Delivered,South
ORD000634,CUST01225,2025-08-12,PROD0044,4,0.05,15.49,Online,COD,Delivered,North
ORD000635,CUST01682,2025-12-07,PROD0017,6,0.3,14.08,Mobile App,Wallet,Delivered,West
ORD000636,CUST00470,2025-10-25,PROD0106,1,0.05,15.62,Mobile App,Net Banking,Delivered,North
ORD000637,CUST00757,2025-12-05,PROD0078,1,0.0,21.61,Online,COD,Delivered,North
ORD000638,CUST00523,2026-06-13,PROD0017,2,0.05,14.67,In-Store,UPI,Delivered,West
ORD000639,CUST00600,2026-01-10,PROD0076,5,0.0,14.52,Online,Wallet,Delivered,East
ORD000640,CUST00510,2025-10-08,PROD0056,5,0.05,24.77,Mobile App,UPI,Delivered,North
ORD000641,CUST01389,2025-07-20,PROD0083,2,0.25,18.92,Online,UPI,Delivered,South
ORD000642,CUST01603,2026-06-15,PROD0044,6,0.0,11.06,Online,COD,Delivered,South
ORD000643,CUST01498,2026-03-18,PROD0065,4,0.0,17.68,In-Store,Debit Card,Cancelled,South
ORD000644,CUST00907,2025-09-19,PROD0028,5,0.0,9.73,Mobile App,COD,Delivered,West
ORD000645,CUST00999,2025-08-28,PROD0001,3,0.3,5.72,In-Store,Wallet,Delivered,North
ORD000646,CUST01657,2026-01-08,PROD0023,1,0.15,14.92,Online,Debit Card,Delivered,West
ORD000647,CUST01817,2026-07-16,PROD0028,2,0.3,23.2,Mobile App,UPI,Delivered,North
ORD000648,CUST01329,2025-09-26,PROD0100,5,0.2,23.23,Online,UPI,Delivered,South
ORD000649,CUST00141,2025-11-17,PROD0069,6,0.15,8.55,Mobile App,Wallet,Delivered,West
ORD000650,CUST01362,2026-04-04,PROD0017,1,0.05,13.19,In-Store,Debit Card,Delivered,East
ORD000651,CUST00328,2025-08-21,PROD0020,3,0.0,5.29,Online,Credit Card,Delivered,South
ORD000652,CUST01404,2026-01-02,PROD0094,2,0.3,24.89,Online,Wallet,Delivered,North
ORD000653,CUST01158,2026-07-06,PROD0087,4,0.0,24.53,Mobile App,Wallet,Delivered,West
ORD000654,CUST00628,2025-11-03,PROD0083,5,0.3,16.24,In-Store,COD,Delivered,North
ORD000655,CUST01980,0000-00-00,PROD0061,2,0.0,20.11,Online,COD,Delivered,South
ORD000656,CUST00657,2025-11-15,PROD0014,1,0.3,17.88,Online,Debit Card,Delivered,East
ORD000657,CUST00623,2025-08-11,PROD0047,5,0.1,14.83,In-Store,UPI,Delivered,West
ORD000658,CUST00929,2025-09-11,PROD0055,3,0.0,1.33,In-Store,Credit Card,Delivered,West
ORD000659,CUST01537,2026-07-11,PROD0019,1,0.3,11.37,In-Store,Debit Card,Delivered,West
ORD000660,CUST00903,2025-08-24,PROD0070,4,0.2,16.87,Online,Credit Card,Delivered,West
ORD000661,CUST00587,2025-10-15,PROD0106,2,0.3,16.94,Online,Debit Card,Delivered,South
ORD000662,CUST01969,2026-06-17,PROD0009,6,0.1,9.33,In-Store,UPI,Cancelled,West
ORD000663,CUST01393,2025-09-29,PROD0015,2,0.0,23.54,Online,COD,Delivered,North
ORD000664,CUST01048,2026-06-16,PROD0030,6,0.15,4.18,Online,Net Banking,Delivered,West
ORD000665,CUST00796,2025-10-15,PROD0041,4,0.0,12.51,In-Store,Net Banking,Pending,West
ORD000666,CUST01145,2026-04-30,PROD0100,4,0.05,17.27,Online,Credit Card,Delivered,South
ORD000667,CUST00162,2026-03-07,PROD0098,6,0.05,17.43,In-Store,Net Banking,Pending,South
ORD000668,CUST00119,2026-06-27,PROD0050,5,0.0,16.22,In-Store,Net Banking,Delivered,North
ORD000669,CUST00168,2025-07-23,PROD0070,1,0.0,6.88,In-Store,Debit Card,Delivered,South
ORD000670,CUST00915,2025-11-21,PROD0090,5,0.0,3.91,Mobile App,COD,Delivered,West
ORD000671,CUST01706,2025-12-19,PROD0074,5,0.3,15.9,In-Store,UPI,Delivered,West
ORD000672,CUST00255,2026-05-16,PROD0015,3,0.0,14.98,In-Store,Net Banking,Cancelled,East
ORD000673,CUST01927,2026-01-30,PROD0115,6,0.3,4.48,Online,COD,Delivered,South
ORD000674,CUST00836,2026-05-20,PROD0026,6,0.05,17.63,Online,Debit Card,Delivered,East
ORD000675,CUST01223,2025-12-28,PROD0040,2,0.2,11.38,Mobile App,COD,Delivered,North
ORD000676,CUST01942,2025-08-15,PROD0022,2,0.0,16.69,Mobile App,Credit Card,Delivered,South
ORD000677,CUST01629,2026-05-26,PROD0088,4,0.25,20.93,Mobile App,Debit Card,Delivered,South
ORD000678,CUST01258,2026-06-19,PROD0111,1,0.05,4.24,Mobile App,UPI,Delivered,North
ORD000679,CUST01378,2026-07-22,PROD0021,3,0.0,0.48,Mobile App,UPI,Delivered,East
ORD000680,CUST01681,2026-03-22,PROD0112,5,0.2,19.48,Online,Wallet,Delivered,North
ORD000681,CUST00316,2025-09-17,PROD0019,3,0.05,15.24,In-Store,UPI,Delivered,East
ORD000682,CUST01799,2025-08-05,PROD0009,6,0.15,17.49,Mobile App,Wallet,Cancelled,East
ORD000683,CUST00374,2026-03-10,PROD0091,2,0.0,20.95,Online,COD,Cancelled,North
ORD000684,CUST00201,2026-06-22,PROD0106,2,0.1,20.07,Online,Wallet,Delivered,East
ORD000685,CUST00018,2025-12-10,PROD0115,3,0.0,24.02,In-Store,Net Banking,Delivered,East
ORD000686,CUST01615,2026-05-15,PROD0075,5,0.1,13.4,Mobile App,COD,Delivered,East
ORD000687,CUST00944,2026-07-09,PROD0062,6,0.0,12.21,Mobile App,Debit Card,Delivered,North
ORD000688,CUST01274,2026-01-31,PROD0061,1,0.05,10.05,Online,COD,Delivered,West
ORD000689,CUST01447,2026-06-20,PROD0118,4,0.1,3.84,Online,UPI,Delivered,South
ORD000690,CUST01720,2026-05-27,PROD0093,3,0.3,14.32,Online,Credit Card,Delivered,South
ORD000691,CUST01115,2025-10-03,PROD0013,4,0.0,6.93,Mobile App,UPI,Delivered,South
ORD000692,CUST01369,2025-11-29,PROD0004,5,0.1,23.03,Online,Wallet,Delivered,East
ORD000693,CUST01921,2025-07-04,PROD0012,3,0.15,14.58,Online,Wallet,Delivered,West
ORD000694,CUST01644,2026-06-02,PROD0074,3,0.1,,In-Store,Credit Card,Delivered,East
ORD000695,CUST00656,2025-10-07,PROD0040,5,0.05,8.87,Mobile App,Debit Card,Delivered,East
ORD000696,CUST00156,2025-08-17,PROD0086,5,0.0,1.3,Online,Credit Card,Delivered,East
ORD000697,CUST01960,2026-01-13,PROD0023,3,0.0,0.79,Online,COD,Delivered,West
ORD000698,CUST00479,2026-02-07,PROD0030,4,0.0,10.58,Mobile App,COD,Delivered,East
ORD000699,CUST00034,2025-08-17,PROD0107,6,0.05,2.11,Mobile App,Debit Card,Cancelled,East
ORD000700,CUST00870,2025-09-03,PROD0087,6,0.1,,Online,Net Banking,Delivered,East
ORD000701,CUST01951,2026-01-26,PROD0031,3,0.3,22.02,In-Store,Debit Card,Delivered,North
ORD000702,CUST01040,2026-07-13,PROD0056,4,0.1,22.07,In-Store,UPI,Delivered,South
ORD000703,CUST00704,2026-07-08,PROD0003,4,0.0,16.48,In-Store,UPI,Delivered,North
ORD000704,CUST01917,2026-04-22,PROD0067,2,0.3,5.28,Mobile App,UPI,Delivered,West
ORD000705,CUST00430,2026-05-20,PROD0042,2,0.2,21.57,Mobile App,Credit Card,Cancelled,West
ORD000706,CUST00010,2026-01-24,PROD0005,3,0.3,22.15,Mobile App,Net Banking,Delivered,South
ORD000707,CUST01515,2026-04-08,PROD0094,4,0.1,4.92,Mobile App,Wallet,Delivered,West
ORD000708,CUST00529,2026-03-22,PROD0059,4,0.3,18.44,Online,COD,Delivered,West
ORD000709,CUST00175,2026-06-24,PROD0109,6,0.2,7.16,In-Store,Net Banking,Delivered,North
ORD000710,CUST01948,0000-00-00,PROD0092,2,0.1,20.07,In-Store,Credit Card,Delivered,West
ORD000711,CUST01491,2025-12-31,PROD0065,6,0.15,24.93,In-Store,Credit Card,Delivered,West
ORD000712,CUST01422,2026-03-09,PROD0027,3,0.0,0.75,In-Store,Net Banking,Returned,West
ORD000713,CUST01863,2026-04-21,PROD0003,1,0.1,22.43,Mobile App,UPI,Cancelled,West
ORD000714,CUST01690,2026-06-28,PROD0092,2,0.1,15.57,Mobile App,UPI,Returned,West
ORD000715,CUST01642,2025-08-06,PROD0058,6,0.0,24.33,Online,UPI,Pending,South
ORD000716,CUST01446,2025-12-17,PROD0063,6,0.3,11.63,In-Store,Wallet,Delivered,West
ORD000717,CUST00589,2025-12-02,PROD0074,1,0.05,21.18,Online,Wallet,Delivered,North
ORD000718,CUST01721,2026-06-09,PROD0011,3,0.05,,Online,Credit Card,Cancelled,South
ORD000719,CUST01251,2026-02-10,PROD0084,4,0.0,8.38,Online,Credit Card,Delivered,East
ORD000720,CUST01555,2025-09-14,PROD0061,6,0.15,1.68,Online,Debit Card,Delivered,West
ORD000721,CUST01393,2025-09-14,PROD0037,2,0.05,24.38,Online,Wallet,Delivered,West
ORD000722,CUST01101,2026-03-18,PROD0010,4,0.05,20.42,Mobile App,Debit Card,Delivered,East
ORD000723,CUST00451,2026-02-11,PROD0108,1,0.0,21.31,Online,COD,Delivered,East
ORD000724,CUST00795,2026-02-22,PROD0032,4,0.2,23.45,In-Store,COD,Delivered,North
ORD000725,CUST00543,2026-03-18,PROD0101,5,0.25,2.13,In-Store,UPI,Delivered,East
ORD000726,CUST00726,2026-05-29,PROD0109,3,0.15,9.64,Online,COD,Delivered,East
ORD000727,CUST00974,2025-07-15,PROD0037,2,0.25,1.78,Online,UPI,Returned,North
ORD000728,CUST00611,2026-03-03,PROD0012,3,0.25,5.27,Online,UPI,Delivered,South
ORD000729,CUST01318,2026-05-30,PROD0092,1,0.0,5.73,Online,Net Banking,Cancelled,North
ORD000730,CUST00595,2026-01-26,PROD0093,3,0.0,11.73,In-Store,UPI,Delivered,East
ORD000731,CUST01772,2026-06-01,PROD0087,3,0.0,6.71,Online,COD,Delivered,North
ORD000732,CUST00060,2026-05-20,PROD0110,6,0.0,2.52,Mobile App,Wallet,Delivered,North
ORD000733,CUST00160,2026-07-12,PROD0011,3,0.15,4.19,Mobile App,Wallet,Delivered,West
ORD000734,CUST01534,2025-12-08,PROD0058,1,0.15,3.68,In-Store,COD,Delivered,East
ORD000735,CUST01565,2026-07-09,PROD0083,4,0.0,24.33,In-Store,Net Banking,Delivered,North
ORD000736,CUST01759,2025-11-21,PROD0101,6,0.2,18.98,In-Store,Net Banking,Returned,North
ORD000737,CUST01201,2026-07-15,PROD0048,2,0.15,24.19,Online,Net Banking,Delivered,North
ORD000738,CUST00370,2025-11-19,PROD0074,6,0.05,,Mobile App,Debit Card,Delivered,East
ORD000739,CUST01874,2025-07-09,PROD0020,4,0.3,6.96,Online,UPI,Delivered,North
ORD000740,CUST00630,2025-10-19,PROD0058,5,0.0,19.96,Online,Debit Card,Delivered,North
ORD000741,CUST00613,2025-11-07,PROD0111,6,0.0,8.16,In-Store,Debit Card,Delivered,East
ORD000742,CUST00463,2026-05-07,PROD0101,1,0.0,7.48,Mobile App,COD,Delivered,East
ORD000743,CUST01896,2025-08-12,PROD0111,6,0.2,5.81,In-Store,COD,Delivered,South
ORD000744,CUST00728,2025-08-16,PROD0066,3,0.05,,In-Store,Debit Card,Delivered,West
ORD000745,CUST00747,2026-07-31,PROD0082,1,0.3,6.41,Online,Wallet,Delivered,East
ORD000746,CUST01815,2025-12-23,PROD0087,5,0.3,8.88,Online,Debit Card,Pending,West
ORD000747,CUST00707,2025-12-17,PROD0098,5,0.0,16.85,Mobile App,Debit Card,Delivered,South
ORD000748,CUST01468,2025-08-19,PROD0098,3,0.0,1.56,Online,Wallet,Delivered,South
ORD000749,CUST01441,2026-03-30,PROD0078,3,0.05,5.26,Online,UPI,Returned,North
ORD000750,CUST01735,2026-06-18,PROD0007,3,0.05,20.23,Mobile App,Wallet,Returned,South
ORD000751,CUST00179,2025-08-02,PROD0038,2,0.05,3.67,Mobile App,COD,Delivered,South
ORD000752,CUST01951,2025-08-12,PROD0009,6,0.05,8.57,In-Store,Debit Card,Delivered,North
ORD000753,CUST00205,2025-12-05,PROD0115,4,0.0,21.62,Online,Net Banking,Pending,West
ORD000754,CUST00834,2026-01-01,PROD0095,3,0.15,3.87,Mobile App,COD,Delivered,East
ORD000755,CUST00377,2025-12-14,PROD0077,3,0.3,2.07,Mobile App,Credit Card,Delivered,East
ORD000756,CUST01879,2025-12-22,PROD0094,4,0.0,12.11,Online,Credit Card,Delivered,North
ORD000757,CUST01834,2026-06-21,PROD0097,6,0.0,,Mobile App,Wallet,Delivered,South
ORD000758,CUST00290,2025-09-20,PROD0054,2,0.0,14.09,Mobile App,Debit Card,Delivered,North
ORD000759,CUST01602,2026-05-21,PROD0049,3,0.2,20.1,Mobile App,Net Banking,Delivered,South
ORD000760,CUST00023,2025-07-16,PROD0045,6,0.0,3.43,Mobile App,Debit Card,Delivered,East
ORD000761,CUST00413,2026-03-10,PROD0021,2,0.25,14.52,Online,Credit Card,Delivered,West
ORD000762,CUST00392,2025-11-14,PROD0072,5,0.0,12.64,In-Store,Credit Card,Delivered,East
ORD000763,CUST01049,2025-08-15,PROD0114,2,0.0,3.6,Mobile App,Credit Card,Delivered,South
ORD000764,CUST01132,2026-05-20,PROD0004,4,0.2,15.6,Online,Debit Card,Delivered,West
ORD000765,CUST01244,2025-12-31,PROD0044,4,0.2,6.84,Online,Wallet,Delivered,East
ORD000766,CUST01973,2025-08-12,PROD0089,6,0.15,12.2,In-Store,Debit Card,Delivered,West
ORD000767,CUST01145,2025-12-16,PROD0063,3,0.0,2.06,Mobile App,Net Banking,Returned,West
ORD000768,CUST00798,2026-07-08,PROD0085,3,0.05,11.49,Online,COD,Delivered,South
ORD000769,CUST00019,0000-00-00,PROD0119,1,0.05,7.66,In-Store,COD,Cancelled,East
ORD000770,CUST00035,2026-06-06,PROD0027,1,0.0,20.56,In-Store,Credit Card,Delivered,East
ORD000771,CUST01471,2026-03-24,PROD0073,3,0.3,1.42,In-Store,UPI,Delivered,North
ORD000772,CUST00903,2025-11-10,PROD0017,5,0.15,10.47,Mobile App,Debit Card,Delivered,North
ORD000773,CUST00259,2026-07-12,PROD0085,2,0.15,11.46,Mobile App,COD,Delivered,East
ORD000774,CUST00848,2026-03-19,PROD0107,4,0.3,18.13,In-Store,COD,Delivered,South
ORD000775,CUST01788,2026-04-30,PROD0114,3,0.3,14.36,Online,Net Banking,Returned,North
ORD000776,CUST00086,2026-07-25,PROD0056,5,0.05,16.68,Mobile App,Net Banking,Delivered,East
ORD000777,CUST01029,2026-06-14,PROD0003,4,0.2,19.43,Mobile App,COD,Delivered,South
ORD000778,CUST00973,2026-03-03,PROD0043,6,0.15,21.56,Online,Credit Card,Delivered,South
ORD000779,CUST00325,2025-08-11,PROD0119,3,0.15,7.85,Mobile App,Wallet,Delivered,East
ORD000780,CUST00597,2026-04-02,PROD0068,3,0.0,13.45,In-Store,Wallet,Returned,South
ORD000781,CUST01268,2026-02-05,PROD0064,1,0.0,21.0,In-Store,UPI,Delivered,East
ORD000782,CUST00893,2026-05-10,PROD0040,3,0.15,24.74,Online,Net Banking,Delivered,West
ORD000783,CUST00424,2025-10-30,PROD0045,1,0.0,22.24,Mobile App,Net Banking,Cancelled,North
ORD000784,CUST00671,2025-08-26,PROD0074,2,0.0,9.29,In-Store,Wallet,Delivered,South
ORD000785,CUST00441,2025-11-21,PROD0040,5,0.3,4.88,Mobile App,Net Banking,Delivered,West
ORD000786,CUST01422,2026-01-27,PROD0007,5,0.1,12.23,Online,Wallet,Returned,North
ORD000787,CUST00148,11-18-2025,PROD0108,2,0.1,18.54,In-Store,Debit Card,Delivered,South
ORD000788,CUST00709,2026-01-08,PROD0042,5,0.25,12.31,In-Store,UPI,Delivered,North
ORD000789,CUST00896,2025-12-24,PROD0063,2,0.0,12.08,In-Store,Wallet,Cancelled,West
ORD000790,CUST00810,2026-05-21,PROD0119,4,0.15,20.96,Mobile App,UPI,Delivered,North
ORD000791,CUST01514,2025-08-24,PROD0081,2,0.15,9.04,Mobile App,Debit Card,Cancelled,East
ORD000792,CUST01480,2026-07-13,PROD0114,1,0.15,21.49,Mobile App,Wallet,Delivered,South
ORD000793,CUST00183,2025-07-11,PROD0118,4,0.15,10.17,Online,COD,Delivered,East
ORD000794,CUST01533,2025-10-20,PROD0051,3,0.3,8.21,Online,COD,Delivered,North
ORD000795,CUST00133,2026-03-04,PROD0059,1,0.0,11.35,In-Store,UPI,Delivered,South
ORD000796,CUST00339,2026-04-20,PROD0044,3,0.1,19.06,Online,Wallet,Delivered,East
ORD000797,CUST01320,2026-05-14,PROD0044,5,0.05,3.15,Mobile App,Net Banking,Delivered,West
ORD000798,CUST00741,2026-02-13,PROD0042,4,0.0,4.91,In-Store,Wallet,Delivered,South
ORD000799,CUST01347,2026-05-23,PROD0064,2,0.2,23.79,Online,UPI,Cancelled,South
ORD000800,CUST01939,2025-09-11,PROD0122,5,0.0,4.39,Mobile App,Debit Card,Delivered,North
ORD000801,CUST01360,2025-12-25,PROD0007,5,0.0,14.19,Online,Credit Card,Pending,East
ORD000802,CUST00147,2026-02-22,PROD0105,2,0.1,14.48,Mobile App,UPI,Delivered,West
ORD000803,CUST00522,2025-09-07,PROD0014,3,0.3,12.24,Online,UPI,Delivered,West
ORD000804,CUST01269,2025-12-06,PROD0086,5,0.15,16.12,In-Store,Debit Card,Delivered,South
ORD000805,CUST01381,2026-04-01,PROD0096,3,0.0,5.75,Mobile App,UPI,Delivered,East
ORD000806,CUST00319,2026-03-07,PROD0101,5,0.2,13.82,Mobile App,UPI,Delivered,North
ORD000807,CUST00616,2025-10-08,PROD0003,2,0.1,9.3,In-Store,Credit Card,Delivered,West
ORD000808,CUST01002,2026-05-21,PROD0093,3,0.25,16.54,Mobile App,Debit Card,Pending,North
ORD000809,CUST00444,2026-04-11,PROD0064,3,0.0,3.53,In-Store,UPI,Delivered,West
ORD000810,CUST00160,2025-07-19,PROD0059,1,0.2,14.27,In-Store,Net Banking,Delivered,North
ORD000811,CUST01620,2026-07-24,PROD0083,6,0.2,4.63,In-Store,Net Banking,Delivered,West
ORD000812,CUST01442,2026-06-24,PROD0020,5,0.0,6.97,Online,Wallet,Cancelled,South
ORD000813,CUST00723,2026-06-06,PROD0026,5,0.2,5.47,In-Store,COD,Pending,East
ORD000814,CUST00119,2026-06-10,PROD0059,6,0.2,4.57,Online,Debit Card,Delivered,South
ORD000815,CUST01543,2025-11-16,PROD0025,2,0.15,20.64,Mobile App,Credit Card,Delivered,South
ORD000816,CUST00465,2025-07-25,PROD0056,3,0.1,7.14,In-Store,Wallet,Returned,East
ORD000817,CUST01812,2026-03-03,PROD0009,6,0.25,23.18,Mobile App,UPI,Delivered,North
ORD000818,CUST01380,2025-10-09,PROD0093,6,0.0,24.25,Online,UPI,Delivered,West
ORD000819,CUST01996,2026-01-03,PROD0109,2,0.0,14.28,In-Store,Debit Card,Pending,West
ORD000820,CUST01639,2025-10-30,PROD0009,4,0.1,3.58,Online,Net Banking,Returned,West
ORD000821,CUST01960,2026-02-05,PROD0026,1,0.0,9.36,Online,Credit Card,Delivered,South
ORD000822,CUST01618,2025-12-13,PROD0083,4,0.0,19.94,Mobile App,Net Banking,Cancelled,South
ORD000823,CUST00541,2025-12-18,PROD0081,3,0.15,9.18,Mobile App,UPI,Delivered,East
ORD000824,CUST01894,2026-06-24,PROD0010,3,0.15,2.18,Online,Net Banking,Delivered,East
ORD000825,CUST00296,2025-08-13,PROD0008,4,0.0,13.92,Online,Net Banking,Cancelled,North
ORD000826,CUST01599,2026-06-19,PROD0013,4,0.2,21.13,Mobile App,UPI,Returned,North
ORD000827,CUST01070,2025-11-11,PROD0032,2,0.0,19.9,Online,Debit Card,Delivered,North
ORD000828,CUST00024,2025-08-19,PROD0026,4,0.05,4.38,Online,Net Banking,Delivered,West
ORD000829,CUST01355,2025-11-27,PROD0086,4,0.0,16.82,In-Store,COD,Delivered,South
ORD000830,CUST01340,2026-02-24,PROD0062,6,0.0,5.51,Mobile App,Credit Card,Delivered,South
ORD000831,CUST00809,2025-08-18,PROD0072,1,0.3,5.46,Online,Wallet,Delivered,West
ORD000832,CUST00610,2026-04-21,PROD0084,2,0.0,21.85,In-Store,COD,Delivered,West
ORD000833,CUST01471,2026-02-25,PROD0116,5,0.2,6.24,Mobile App,Debit Card,Delivered,North
ORD000834,CUST01474,2026-01-15,PROD0091,3,0.0,6.58,In-Store,Wallet,Delivered,East
ORD000835,CUST00253,2025-09-05,PROD0071,6,0.25,0.02,Online,Wallet,Returned,North
ORD000836,CUST00023,2025-10-05,PROD0060,5,0.2,21.77,In-Store,Debit Card,Delivered,East
ORD000837,CUST01600,2025-11-04,PROD0112,2,0.2,19.81,In-Store,Debit Card,Delivered,North
ORD000838,CUST01045,2025-09-10,PROD0059,4,0.0,15.68,In-Store,UPI,Delivered,South
ORD000839,CUST00394,2026-05-05,PROD0088,3,0.3,18.76,Mobile App,Wallet,Delivered,West
ORD000840,CUST01881,2026-01-02,PROD0033,3,0.25,3.8,In-Store,Net Banking,Delivered,East
ORD000841,CUST01655,0000-00-00,PROD0098,2,0.1,11.46,Online,Debit Card,Returned,South
ORD000842,CUST00025,2025-10-05,PROD0120,3,0.25,8.78,Online,UPI,Cancelled,West
ORD000843,CUST00394,2025-08-21,PROD0005,4,0.25,2.34,In-Store,COD,Delivered,North
ORD000844,CUST00191,2026-04-20,PROD0051,2,0.2,,In-Store,Net Banking,Cancelled,East
ORD000845,CUST00929,2025-10-15,PROD0098,4,0.0,23.02,In-Store,COD,Delivered,West
ORD000846,CUST01344,08-01-2025,PROD0108,3,0.15,1.0,Mobile App,Net Banking,Cancelled,West
ORD000847,CUST00092,2026-06-12,PROD0030,2,0.25,7.29,Online,Debit Card,Delivered,West
ORD000848,CUST00541,2026-07-19,PROD0112,6,0.25,5.19,In-Store,Credit Card,Delivered,East
ORD000849,CUST00899,2026-04-04,PROD0093,5,0.1,5.95,Online,Credit Card,Delivered,East
ORD000850,CUST00932,01-15-2026,PROD0077,3,0.0,22.71,Mobile App,UPI,Cancelled,East
ORD000851,CUST01180,2026-03-02,PROD0061,1,0.0,11.7,In-Store,UPI,Returned,East
ORD000852,CUST01158,2025-11-26,PROD0102,3,0.25,11.66,In-Store,Debit Card,Delivered,South
ORD000853,CUST01188,2025-11-29,PROD0002,3,0.0,19.01,Mobile App,Net Banking,Delivered,West
ORD000854,CUST01209,2026-03-28,PROD0094,6,0.2,3.86,Mobile App,Debit Card,Returned,West
ORD000855,CUST01280,2025-08-04,PROD0099,2,0.3,12.18,In-Store,COD,Returned,West
ORD000856,CUST01830,2026-05-02,PROD0106,1,0.05,10.75,In-Store,Debit Card,Delivered,West
ORD000857,CUST01609,2026-02-25,PROD0011,6,0.25,14.92,Online,COD,Delivered,East
ORD000858,CUST00067,2025-09-02,PROD0053,5,0.0,24.99,Mobile App,Wallet,Returned,East
ORD000859,CUST00294,2025-10-12,PROD0028,2,0.05,19.24,Mobile App,Net Banking,Returned,East
ORD000860,CUST01950,2025-11-21,PROD0122,4,0.0,9.95,In-Store,Net Banking,Pending,East
ORD000861,CUST00391,2026-06-28,PROD0044,1,0.15,20.69,In-Store,Net Banking,Returned,East
ORD000862,CUST01466,2025-09-10,PROD0107,1,0.15,4.27,Online,Credit Card,Cancelled,East
ORD000863,CUST01940,2025-11-07,PROD0044,5,0.3,0.76,Online,Credit Card,Delivered,North
ORD000864,CUST00014,2025-11-09,PROD0042,3,0.0,5.11,Online,COD,Delivered,East
ORD000865,CUST01306,2025-09-06,PROD0058,1,0.2,8.51,Mobile App,COD,Delivered,South
ORD000866,CUST01819,2025-07-22,PROD0010,5,0.0,12.76,In-Store,Credit Card,Returned,North
ORD000867,CUST01949,2026-05-15,PROD0076,3,0.2,15.38,Mobile App,Wallet,Delivered,West
ORD000868,CUST01693,2026-04-16,PROD0103,4,0.3,22.77,Mobile App,Credit Card,Delivered,South
ORD000869,CUST01366,2025-12-06,PROD0074,4,0.0,12.75,In-Store,UPI,Delivered,West
ORD000870,CUST00010,2025-07-05,PROD0003,2,0.3,,In-Store,Credit Card,Delivered,South
ORD000871,CUST00302,2026-03-27,PROD0088,3,0.0,1.26,Online,Wallet,Delivered,North
ORD000872,CUST00137,2025-08-12,PROD0051,4,0.15,0.87,In-Store,Net Banking,Delivered,South
ORD000873,CUST00270,2026-06-03,PROD0112,1,0.1,13.78,In-Store,UPI,Delivered,North
ORD000874,CUST00350,2025-08-20,PROD0106,4,0.25,10.95,Online,Debit Card,Returned,West
ORD000875,CUST01649,2025-07-29,PROD0025,3,0.3,20.98,Online,Credit Card,Delivered,East
ORD000876,CUST01096,2026-03-17,PROD0091,2,0.3,4.02,Mobile App,Credit Card,Delivered,North
ORD000877,CUST00155,2025-11-10,PROD0035,5,0.0,0.62,Mobile App,Wallet,Delivered,North
ORD000878,CUST01159,2026-05-14,PROD0056,1,0.0,11.23,In-Store,Net Banking,Pending,West
ORD000879,CUST00095,2026-06-08,PROD0016,5,0.0,5.94,Mobile App,Debit Card,Delivered,East
ORD000880,CUST01703,2025-09-03,PROD0035,6,0.25,1.24,Mobile App,Wallet,Cancelled,West
ORD000881,CUST01976,2026-04-26,PROD0121,2,0.0,18.11,Mobile App,UPI,Returned,North
ORD000882,CUST01232,2025-08-09,PROD0022,2,0.25,2.79,Online,COD,Delivered,West
ORD000883,CUST00613,2025-12-02,PROD0072,1,0.1,15.21,In-Store,Debit Card,Delivered,South
ORD000884,CUST00144,2026-01-14,PROD0023,5,0.3,7.03,In-Store,Wallet,Delivered,West
ORD000885,CUST01807,2026-07-08,PROD0097,6,0.25,4.34,In-Store,UPI,Delivered,East
ORD000886,CUST00338,2025-10-10,PROD0078,3,0.25,9.49,In-Store,UPI,Delivered,East
ORD000887,CUST01327,2026-01-24,PROD0006,3,0.3,20.04,Online,Net Banking,Returned,North
ORD000888,CUST00257,2026-07-26,PROD0038,3,0.0,9.8,In-Store,Net Banking,Returned,North
ORD000889,CUST00859,2026-05-17,PROD0090,1,0.0,18.77,In-Store,COD,Delivered,West
ORD000890,CUST00536,2025-09-04,PROD0077,2,0.0,3.14,Online,Credit Card,Delivered,South
ORD000891,CUST01290,2025-07-28,PROD0008,1,0.1,19.32,Online,Wallet,Delivered,West
ORD000892,CUST00374,2025-11-01,PROD0051,6,0.25,5.92,In-Store,Credit Card,Delivered,East
ORD000893,CUST00258,2026-02-01,PROD0118,1,0.0,16.93,Mobile App,Debit Card,Delivered,East
ORD000894,CUST01179,2026-05-09,PROD0069,6,0.1,14.14,Mobile App,Debit Card,Cancelled,East
ORD000895,CUST01633,2026-05-12,PROD0120,4,0.25,23.23,Online,UPI,Delivered,North
ORD000896,CUST00484,2025-09-25,PROD0052,2,0.25,9.68,In-Store,Credit Card,Delivered,South
ORD000897,CUST01726,2025-09-12,PROD0059,1,0.0,1.65,In-Store,Credit Card,Returned,East
ORD000898,CUST01349,2025-12-02,PROD0121,5,0.15,0.48,Online,Wallet,Returned,South
ORD000899,CUST01536,2026-05-25,PROD0008,4,0.0,20.67,Mobile App,COD,Delivered,East
ORD000900,CUST01401,2025-11-15,PROD0074,2,0.1,13.12,In-Store,Net Banking,Delivered,East
ORD000901,CUST01411,2025-10-17,PROD0045,6,0.0,19.38,Online,Net Banking,Delivered,South
ORD000902,CUST00454,2025-12-19,PROD0032,2,0.3,5.86,Online,COD,Delivered,East
ORD000903,CUST00867,2025-11-05,PROD0040,6,0.0,8.63,Online,Debit Card,Delivered,West
ORD000904,CUST00940,0000-00-00,PROD0021,5,0.05,0.75,Online,Debit Card,Delivered,North
ORD000905,CUST00669,2025-12-13,PROD0013,4,0.05,24.04,Online,COD,Delivered,East
ORD000906,CUST01431,2025-12-30,PROD0007,4,0.1,16.7,In-Store,Debit Card,Delivered,East
ORD000907,CUST00763,2025-12-22,PROD0110,1,0.0,23.33,Online,Debit Card,Delivered,North
ORD000908,CUST01501,2026-03-06,PROD0114,1,0.05,6.64,In-Store,Credit Card,Delivered,South
ORD000909,CUST01791,2026-07-09,PROD0061,5,0.0,15.29,Online,UPI,Delivered,East
ORD000910,CUST00473,2025-12-31,PROD0023,1,0.2,16.96,Mobile App,Wallet,Delivered,East
ORD000911,CUST01746,2026-01-26,PROD0010,4,0.2,7.94,Mobile App,Wallet,Returned,East
ORD000912,CUST01925,2026-07-02,PROD0010,3,0.0,21.2,In-Store,Credit Card,Delivered,North
ORD000913,CUST00861,2025-12-08,PROD0077,6,0.15,23.68,In-Store,COD,Returned,East
ORD000914,CUST01035,2025-10-06,PROD0006,6,0.0,22.12,Mobile App,Net Banking,Delivered,North
ORD000915,CUST01229,2025-08-10,PROD0020,4,0.0,18.48,In-Store,Net Banking,Delivered,North
ORD000916,CUST00791,2026-04-02,PROD0121,1,0.2,6.94,Online,Net Banking,Delivered,West
ORD000917,CUST01403,2026-03-18,PROD0046,5,0.0,7.04,In-Store,Net Banking,Delivered,East
ORD000918,CUST01099,2026-05-18,PROD0098,5,0.2,24.08,Online,COD,Delivered,North
ORD000919,CUST01483,2025-07-07,PROD0082,2,0.0,0.26,Mobile App,Credit Card,Delivered,East
ORD000920,CUST00037,2026-02-15,PROD0060,2,0.15,17.9,Mobile App,Debit Card,Delivered,North
ORD000921,CUST01197,2026-03-31,PROD0081,4,0.3,17.66,Mobile App,UPI,Delivered,East
ORD000922,CUST00163,2025-12-25,PROD0034,5,0.2,15.57,In-Store,COD,Delivered,North
ORD000923,CUST01779,2026-02-08,PROD0072,5,0.25,24.75,In-Store,COD,Returned,North
ORD000924,CUST00425,2026-02-03,PROD0039,4,0.15,7.8,Online,Credit Card,Delivered,West
ORD000925,CUST01084,2025-10-16,PROD0107,2,0.0,8.5,In-Store,COD,Delivered,South
ORD000926,CUST00410,2025-10-31,PROD0013,6,0.05,,In-Store,COD,Delivered,West
ORD000927,CUST01122,2025-08-25,PROD0062,2,0.0,11.07,Mobile App,Debit Card,Delivered,North
ORD000928,CUST00595,2025-09-12,PROD0044,1,0.15,6.53,In-Store,Credit Card,Delivered,East
ORD000929,CUST01201,2025-11-29,PROD0118,1,0.0,8.58,Mobile App,Debit Card,Delivered,West
ORD000930,CUST00774,2026-01-22,PROD0013,2,0.25,20.86,In-Store,Debit Card,Delivered,East
ORD000931,CUST00597,2025-11-05,PROD0029,6,0.0,23.39,In-Store,Debit Card,Delivered,South
ORD000932,CUST01160,2025-07-10,PROD0083,6,0.25,4.64,In-Store,UPI,Pending,West
ORD000933,CUST01069,2026-07-22,PROD0078,5,0.05,9.31,In-Store,Debit Card,Delivered,South
ORD000934,CUST00512,2026-02-17,PROD0005,6,0.0,23.22,Online,Debit Card,Returned,East
ORD000935,CUST00162,2025-07-20,PROD0085,6,0.0,1.55,In-Store,Net Banking,Delivered,North
ORD000936,CUST01039,2025-11-12,PROD0113,5,0.0,2.31,Online,UPI,Delivered,West
ORD000937,CUST00261,2026-02-06,PROD0063,5,0.0,4.07,Mobile App,Net Banking,Delivered,East
ORD000938,CUST00853,2026-03-06,PROD0011,1,0.2,14.88,In-Store,Debit Card,Delivered,East
ORD000939,CUST00328,2026-04-09,PROD0103,3,0.0,,In-Store,Wallet,Delivered,East
ORD000940,CUST00946,2026-04-01,PROD0031,4,0.0,24.2,In-Store,Credit Card,Delivered,North
ORD000941,CUST00779,2025-10-24,PROD0087,1,0.0,11.17,In-Store,Wallet,Delivered,North
ORD000942,CUST00175,2025-11-12,PROD0004,5,0.2,,In-Store,COD,Returned,North
ORD000943,CUST01648,2026-03-14,PROD0103,6,0.0,6.17,Mobile App,Debit Card,Delivered,West
ORD000944,CUST01131,2026-06-02,PROD0086,2,0.25,11.77,Online,UPI,Delivered,North
ORD000945,CUST00228,2025-10-21,PROD0121,3,0.0,16.55,Mobile App,Wallet,Delivered,North
ORD000946,CUST00238,2025-12-23,PROD0057,6,0.0,18.78,Mobile App,Wallet,Delivered,East
ORD000947,CUST01653,2026-02-16,PROD0116,3,0.1,18.85,In-Store,COD,Delivered,West
ORD000948,CUST00725,2026-03-27,PROD0098,1,0.1,14.45,In-Store,UPI,Delivered,South
ORD000949,CUST01620,2026-07-27,PROD0007,3,0.25,22.61,In-Store,Wallet,Delivered,South
ORD000950,CUST01238,2025-10-18,PROD0121,4,0.3,20.44,Online,Debit Card,Delivered,South
ORD000951,CUST00829,2026-01-18,PROD0039,5,0.0,18.93,Online,Credit Card,Cancelled,North
ORD000952,CUST01140,2025-10-23,PROD0006,4,0.0,1.39,In-Store,COD,Returned,West
ORD000953,CUST01319,2025-11-01,PROD0043,1,0.3,0.17,In-Store,COD,Cancelled,South
ORD000954,CUST00576,2025-12-12,PROD0057,1,0.1,,In-Store,Net Banking,Delivered,East
ORD000955,CUST01042,2026-04-14,PROD0033,6,0.3,16.59,Mobile App,Credit Card,Delivered,South
ORD000956,CUST00009,2026-01-24,PROD0097,1,0.25,10.28,Online,COD,Delivered,South
ORD000957,CUST01671,2026-05-31,PROD0120,5,0.05,10.06,Online,COD,Delivered,North
ORD000958,CUST00075,2025-08-07,PROD0036,5,0.2,22.11,Mobile App,Credit Card,Delivered,North
ORD000959,CUST01213,2025-11-15,PROD0055,1,0.15,22.39,In-Store,UPI,Delivered,South
ORD000960,CUST01896,2026-06-06,PROD0044,3,0.2,22.73,In-Store,Debit Card,Delivered,North
ORD000961,CUST01858,2026-03-03,PROD0001,1,0.05,7.85,Online,UPI,Delivered,South
ORD000962,CUST01961,2026-01-13,PROD0095,3,0.2,17.28,Mobile App,COD,Delivered,West
ORD000963,CUST01423,2025-10-29,PROD0117,4,0.1,6.79,Online,UPI,Delivered,South
ORD000964,CUST00675,2025-10-09,PROD0085,5,0.3,4.77,Online,Net Banking,Delivered,West
ORD000965,CUST00161,2026-06-03,PROD0119,5,0.0,4.62,Online,UPI,Delivered,North
ORD000966,CUST00749,2026-07-27,PROD0047,5,0.0,8.55,Mobile App,Wallet,Delivered,South
ORD000967,CUST00695,2025-12-11,PROD0004,2,0.0,10.75,In-Store,Wallet,Cancelled,South
ORD000968,CUST01096,2026-01-06,PROD0089,4,0.05,20.77,Mobile App,COD,Delivered,East
ORD000969,CUST01790,2026-06-05,PROD0030,6,0.25,,Mobile App,Wallet,Delivered,South
ORD000970,CUST01531,2026-03-01,PROD0075,1,0.2,18.37,Online,UPI,Delivered,North
ORD000971,CUST01366,0000-00-00,PROD0011,2,0.0,,Online,Wallet,Delivered,North
ORD000972,CUST00942,2025-08-12,PROD0025,4,0.0,7.2,Mobile App,UPI,Cancelled,North
ORD000973,CUST01342,2025-09-10,PROD0098,-3,0.3,12.32,Online,Net Banking,Cancelled,West
ORD000974,CUST00980,2026-04-20,PROD0017,6,0.3,7.5,Online,Wallet,Returned,North
ORD000975,CUST01934,2025-08-01,PROD0060,3,0.25,14.9,Mobile App,Debit Card,Delivered,West
ORD000976,CUST00148,2026-01-02,PROD0099,6,0.0,10.85,Mobile App,Net Banking,Delivered,South
ORD000977,CUST00249,2025-07-11,PROD0062,1,0.2,4.11,In-Store,Credit Card,Delivered,South
ORD000978,CUST00894,2025-07-15,PROD0078,4,0.0,2.91,Online,COD,Delivered,East
ORD000979,CUST00031,2026-05-17,PROD0108,1,0.25,13.67,Online,Debit Card,Delivered,North
ORD000980,CUST01843,2026-07-01,PROD0069,2,0.15,22.56,Online,Wallet,Cancelled,West
ORD000981,CUST01280,2025-08-22,PROD0073,5,0.1,8.6,In-Store,Debit Card,Returned,East
ORD000982,CUST01066,2025-10-03,PROD0036,4,0.1,18.33,Online,Wallet,Delivered,West
ORD000983,CUST00873,2026-03-17,PROD0033,1,0.05,16.47,Online,Net Banking,Delivered,North
ORD000984,CUST00713,2025-12-12,PROD0077,4,0.15,23.29,Mobile App,Wallet,Cancelled,North
ORD000985,CUST01087,2026-07-30,PROD0062,4,0.0,20.52,Mobile App,Credit Card,Delivered,East
ORD000986,CUST01954,2026-04-22,PROD0031,2,0.1,14.17,In-Store,Debit Card,Delivered,South
ORD000987,CUST00664,2026-07-06,PROD0066,4,0.05,16.43,In-Store,Credit Card,Delivered,North
ORD000988,CUST00466,2025-09-28,PROD0093,3,0.25,22.46,In-Store,Net Banking,Delivered,East
ORD000989,CUST01318,2026-03-08,PROD0105,3,0.0,9.99,Online,UPI,Delivered,East
ORD000990,CUST01973,2026-06-15,PROD0119,1,0.05,8.17,In-Store,Credit Card,Delivered,West
ORD000991,CUST00214,2025-09-14,PROD0014,4,0.25,0.27,Online,UPI,Pending,East
ORD000992,CUST00741,2026-07-09,PROD0051,2,0.0,20.66,Online,Credit Card,Delivered,South
ORD000993,CUST00956,2026-04-22,PROD0029,6,0.3,20.02,Online,Credit Card,Delivered,West
ORD000994,CUST00471,2026-06-15,PROD0092,5,0.0,2.61,In-Store,UPI,Delivered,East
ORD000995,CUST00920,2026-04-05,PROD0109,0,0.0,14.42,Online,Net Banking,Delivered,West
ORD000996,CUST01430,2025-11-07,PROD0056,1,0.0,11.6,Online,Wallet,Delivered,North
ORD000997,CUST01453,2025-09-19,PROD0003,6,0.15,2.97,Online,UPI,Returned,North
ORD000998,CUST00264,2026-03-20,PROD0055,3,0.1,24.51,Online,Debit Card,Delivered,North
ORD000999,CUST00315,2025-10-16,PROD0096,4,0.05,5.37,Mobile App,Net Banking,Delivered,South
ORD001000,CUST00936,2026-06-08,PROD0043,2,0.1,1.68,Online,Net Banking,Delivered,West
ORD001001,CUST01453,2026-07-28,PROD0051,5,0.0,14.87,Online,Credit Card,Delivered,West
ORD001002,CUST00423,2026-05-10,PROD0110,5,0.1,,Online,UPI,Delivered,East
ORD001003,CUST00951,2025-08-02,PROD0001,4,0.2,0.81,Online,Wallet,Delivered,East
ORD001004,CUST00614,2026-07-12,PROD0019,1,0.0,16.47,Mobile App,COD,Cancelled,South
ORD001005,CUST00651,03-22-2026,PROD0105,2,0.0,13.31,Online,Wallet,Delivered,West
ORD001006,CUST01714,2026-05-12,PROD0021,6,0.05,2.58,Mobile App,UPI,Delivered,South
ORD001007,CUST00665,2026-06-22,PROD0065,6,0.3,4.31,Mobile App,Debit Card,Pending,West
ORD001008,CUST01743,2026-05-22,PROD0092,3,0.0,14.2,In-Store,COD,Pending,South
ORD001009,CUST00219,2025-12-22,PROD0012,6,0.15,7.41,Online,UPI,Delivered,East
ORD001010,CUST01113,2025-12-11,PROD0071,4,0.25,23.46,Mobile App,Debit Card,Delivered,South
ORD001011,CUST00041,2025-08-12,PROD0033,3,0.0,20.47,In-Store,Net Banking,Returned,North
ORD001012,CUST01637,2026-06-27,PROD0114,4,0.3,24.59,In-Store,Debit Card,Delivered,South
ORD001013,CUST00747,2026-01-05,PROD0077,3,0.1,6.49,Online,Credit Card,Delivered,East
ORD001014,CUST00386,2026-04-15,PROD0101,3,0.0,24.24,In-Store,Net Banking,Cancelled,South
ORD001015,CUST00513,2025-07-10,PROD0042,3,0.0,10.78,Mobile App,Credit Card,Delivered,West
ORD001016,CUST00080,2025-07-01,PROD0103,3,0.25,8.69,Online,UPI,Delivered,South
ORD001017,CUST00770,2025-10-01,PROD0008,2,0.3,1.26,Online,Net Banking,Delivered,West
ORD001018,CUST01819,2026-02-07,PROD0067,1,0.3,1.32,Mobile App,Net Banking,Delivered,North
ORD001019,CUST01532,2026-06-17,PROD0032,4,0.0,17.3,Mobile App,Net Banking,Delivered,West
ORD001020,CUST01903,2026-04-22,PROD0043,5,0.0,11.45,Mobile App,COD,Returned,South
ORD001021,CUST01808,2025-10-17,PROD0107,4,0.3,5.66,Online,Net Banking,Delivered,West
ORD001022,CUST01985,2026-03-20,PROD0074,5,0.1,15.35,In-Store,COD,Delivered,North
ORD001023,CUST01203,2026-06-30,PROD0037,0,0.25,6.32,Mobile App,Net Banking,Pending,East
ORD001024,CUST00635,2025-11-19,PROD0036,6,0.1,14.44,Online,Credit Card,Delivered,South
ORD001025,CUST00476,2026-07-16,PROD0039,4,0.15,8.98,In-Store,UPI,Pending,North
ORD001026,CUST01884,2026-06-18,PROD0066,6,0.15,20.59,Online,Net Banking,Delivered,North
ORD001027,CUST01752,2026-02-22,PROD0041,6,0.2,20.52,In-Store,Net Banking,Delivered,West
ORD001028,CUST01688,2025-12-16,PROD0028,5,0.25,11.93,In-Store,Wallet,Delivered,South
ORD001029,CUST00795,2025-07-30,PROD0013,6,0.25,8.77,Mobile App,Wallet,Cancelled,East
ORD001030,CUST01196,0000-00-00,PROD0021,-3,0.3,9.06,Online,Debit Card,Delivered,East
ORD001031,CUST01136,11-22-2025,PROD0043,2,0.15,20.14,Mobile App,Credit Card,Delivered,South
ORD001032,CUST00325,2025-08-14,PROD0059,2,0.2,8.2,Online,UPI,Delivered,East
ORD001033,CUST01984,2025-08-30,PROD0017,4,0.0,5.23,Online,UPI,Delivered,North
ORD001034,CUST01455,2025-11-27,PROD0046,5,0.0,2.12,In-Store,UPI,Delivered,West
ORD001035,CUST00516,2025-07-22,PROD0010,2,0.2,11.67,Online,COD,Pending,East
ORD001036,CUST00221,2026-01-01,PROD0071,4,0.0,12.05,Mobile App,Debit Card,Returned,North
ORD001037,CUST00666,2026-05-22,PROD0004,6,0.0,21.02,In-Store,Wallet,Delivered,South
ORD001038,CUST00607,2025-09-25,PROD0037,5,0.0,5.53,In-Store,Net Banking,Delivered,South
ORD001039,CUST00697,06-09-2026,PROD0075,3,0.15,9.52,In-Store,Credit Card,Delivered,West
ORD001040,CUST01241,2025-10-17,PROD0103,-1,0.25,20.21,Mobile App,UPI,Returned,South
ORD001041,CUST01231,2025-10-27,PROD0008,4,0.05,20.59,In-Store,Wallet,Cancelled,North
ORD001042,CUST00773,2025-07-15,PROD0093,6,0.05,9.62,Mobile App,Debit Card,Pending,West
ORD001043,CUST00768,04-15-2026,PROD0122,6,0.0,11.48,In-Store,Wallet,Delivered,North
ORD001044,CUST01478,2026-02-20,PROD0009,1,0.25,,In-Store,Wallet,Delivered,North
ORD001045,CUST01228,2025-07-29,PROD0061,2,0.0,23.31,Online,Credit Card,Delivered,North
ORD001046,CUST01301,2026-04-09,PROD0110,6,0.05,2.97,Online,Wallet,Delivered,West
ORD001047,CUST00175,2026-05-29,PROD0021,-1,0.05,,Online,COD,Delivered,North
ORD001048,CUST00573,2026-04-13,PROD0024,2,0.25,17.1,In-Store,Credit Card,Delivered,East
ORD001049,CUST01912,2026-03-09,PROD0019,5,0.0,13.29,Online,COD,Delivered,South
ORD001050,CUST00343,2026-06-20,PROD0054,6,0.0,0.82,Mobile App,Net Banking,Delivered,East
ORD001051,CUST01805,2025-11-10,PROD0035,4,0.15,11.89,In-Store,COD,Delivered,West
ORD001052,CUST01423,2026-06-20,PROD0081,6,0.1,10.19,In-Store,UPI,Delivered,West
ORD001053,CUST01856,2025-10-20,PROD0069,4,0.25,4.03,In-Store,Credit Card,Delivered,East
ORD001054,CUST00177,2026-01-30,PROD0019,4,0.0,16.41,Mobile App,Net Banking,Delivered,West
ORD001055,CUST00280,2025-09-17,PROD0066,2,0.0,24.28,Online,COD,Delivered,North
ORD001056,CUST00700,2026-06-28,PROD0026,4,0.25,,In-Store,Credit Card,Delivered,West
ORD001057,CUST01628,2025-07-18,PROD0026,6,0.3,17.87,Online,Wallet,Cancelled,West
ORD001058,CUST00296,2026-01-10,PROD0060,4,0.15,1.71,Mobile App,Net Banking,Delivered,North
ORD001059,CUST00765,2025-09-28,PROD0087,3,0.15,10.44,Mobile App,UPI,Delivered,West
ORD001060,CUST01140,2025-07-10,PROD0003,5,0.3,2.91,Mobile App,COD,Delivered,North
ORD001061,CUST01840,02-27-2026,PROD0014,5,0.2,15.32,In-Store,Debit Card,Delivered,West
ORD001062,CUST00464,2026-05-29,PROD0029,1,0.1,23.46,In-Store,Net Banking,Delivered,West
ORD001063,CUST01372,2026-05-02,PROD0007,6,0.1,16.54,In-Store,Credit Card,Delivered,North
ORD001064,CUST00742,2025-07-27,PROD0004,1,0.25,1.92,Mobile App,Debit Card,Delivered,North
ORD001065,CUST01906,2025-09-15,PROD0081,3,0.0,8.87,Online,Wallet,Delivered,South
ORD001066,CUST01279,2025-07-17,PROD0102,6,0.25,13.77,Mobile App,COD,Delivered,West
ORD001067,CUST01778,2026-06-11,PROD0077,6,0.15,10.08,In-Store,UPI,Delivered,West
ORD001068,CUST01394,2026-07-19,PROD0079,2,0.2,20.84,Mobile App,UPI,Delivered,South
ORD001069,CUST00433,2025-07-29,PROD0057,4,0.15,20.37,In-Store,Credit Card,Pending,East
ORD001070,CUST01617,2025-08-17,PROD0055,2,0.05,15.3,In-Store,Wallet,Delivered,West
ORD001071,CUST00010,2026-01-11,PROD0108,6,0.2,9.34,Mobile App,UPI,Delivered,North
ORD001072,CUST01261,2026-02-20,PROD0093,6,0.15,6.38,In-Store,Net Banking,Delivered,East
ORD001073,CUST01633,2025-11-17,PROD0044,1,0.05,2.65,Mobile App,COD,Delivered,North
ORD001074,CUST01183,2026-06-11,PROD0072,3,0.0,8.87,In-Store,Debit Card,Delivered,East
ORD001075,CUST00239,2026-07-27,PROD0012,2,0.0,10.33,Mobile App,Credit Card,Returned,East
ORD001076,CUST01249,2026-06-20,PROD0071,5,0.2,16.9,Mobile App,Wallet,Delivered,South
ORD001077,CUST01364,2025-09-23,PROD0027,3,0.2,16.45,Online,Wallet,Delivered,South
ORD001078,CUST01759,2026-05-30,PROD0054,0,0.0,1.75,In-Store,Debit Card,Delivered,West
ORD001079,CUST01693,2026-06-05,PROD0021,1,0.15,9.88,Mobile App,Net Banking,Returned,West
ORD001080,CUST01648,2026-04-07,PROD0037,6,0.0,4.54,In-Store,Wallet,Delivered,East
ORD001081,CUST01963,2026-02-14,PROD0014,1,0.05,3.92,In-Store,Wallet,Delivered,East
ORD001082,CUST00376,2026-06-15,PROD0064,2,0.2,20.68,In-Store,Net Banking,Delivered,East
ORD001083,CUST01771,2025-12-24,PROD0121,5,0.0,1.05,In-Store,Net Banking,Returned,West
ORD001084,CUST00571,2026-04-28,PROD0043,5,0.25,10.48,Mobile App,UPI,Returned,East
ORD001085,CUST01191,2025-08-05,PROD0089,1,0.0,4.21,Online,COD,Pending,North
ORD001086,CUST00132,2026-06-19,PROD0090,5,0.25,21.98,Mobile App,Debit Card,Delivered,South
ORD001087,CUST01082,2026-03-22,PROD0037,1,0.1,13.93,In-Store,COD,Delivered,West
ORD001088,CUST00839,2026-07-04,PROD0071,3,0.0,5.78,In-Store,Debit Card,Delivered,South
ORD001089,CUST00517,2025-08-01,PROD0067,4,0.2,12.56,Online,UPI,Pending,North
ORD001090,CUST00109,2026-01-10,PROD0028,6,0.1,18.29,In-Store,Wallet,Delivered,West
ORD001091,CUST01787,2025-08-04,PROD0112,6,0.1,23.95,In-Store,COD,Delivered,North
ORD001092,CUST01736,2025-08-23,PROD0024,1,0.0,5.51,Mobile App,COD,Delivered,North
ORD001093,CUST01765,2026-01-19,PROD0066,3,0.1,22.15,In-Store,Net Banking,Delivered,South
ORD001094,CUST00059,2025-12-29,PROD0022,6,0.0,23.36,Mobile App,Net Banking,Delivered,South
ORD001095,CUST00781,2025-12-21,PROD0056,2,0.3,22.91,Mobile App,Credit Card,Returned,East
ORD001096,CUST00360,2026-05-11,PROD0069,5,0.3,15.89,Mobile App,Debit Card,Pending,East
ORD001097,CUST00452,2026-02-15,PROD0108,3,0.05,15.75,Mobile App,Debit Card,Cancelled,West
ORD001098,CUST00426,2025-08-16,PROD0112,2,0.0,10.08,In-Store,COD,Delivered,East
ORD001099,CUST01935,2025-09-03,PROD0070,6,0.2,18.81,Mobile App,Wallet,Delivered,South
ORD001100,CUST00307,2026-02-27,PROD0001,4,0.0,13.28,Mobile App,COD,Delivered,South
ORD001101,CUST01364,2025-11-15,PROD0069,1,0.0,16.94,Online,Debit Card,Delivered,East
ORD001102,CUST01825,2026-07-22,PROD0055,6,0.25,10.71,Online,Debit Card,Pending,South
ORD001103,CUST00437,2026-02-17,PROD0044,6,0.0,18.29,Mobile App,UPI,Delivered,West
ORD001104,CUST01371,2025-10-20,PROD0106,2,0.05,20.61,Online,Debit Card,Delivered,West
ORD001105,CUST01989,2025-07-12,PROD0020,2,0.0,3.66,In-Store,UPI,Delivered,West
ORD001106,CUST00939,2026-03-24,PROD0084,6,0.25,20.82,Online,UPI,Delivered,West
ORD001107,CUST01196,2026-03-02,PROD0054,5,0.0,13.51,Mobile App,UPI,Delivered,West
ORD001108,CUST01978,2025-10-28,PROD0036,3,0.0,21.12,Mobile App,Wallet,Returned,East
ORD001109,CUST00366,2026-07-18,PROD0080,4,0.05,10.78,Online,Wallet,Delivered,East
ORD001110,CUST00867,2025-12-28,PROD0115,6,0.0,9.48,Online,Debit Card,Delivered,East
ORD001111,CUST00864,2025-12-08,PROD0036,5,0.1,22.88,Online,COD,Delivered,East
ORD001112,CUST01957,2025-10-14,PROD0032,2,0.0,6.28,Mobile App,Net Banking,Delivered,North
ORD001113,CUST00459,2025-11-01,PROD0032,5,0.2,21.11,In-Store,COD,Delivered,North
ORD001114,CUST01380,2025-12-12,PROD0003,5,0.0,12.1,Online,UPI,Cancelled,South
ORD001115,CUST01303,2026-02-20,PROD0084,2,0.25,,In-Store,COD,Delivered,West
ORD001116,CUST00754,2025-08-06,PROD0060,4,0.2,7.71,Mobile App,Net Banking,Delivered,East
ORD001117,CUST00053,2025-12-28,PROD0115,3,0.15,14.33,In-Store,UPI,Returned,South
ORD001118,CUST00616,2026-06-18,PROD0066,2,0.0,8.13,In-Store,UPI,Returned,South
ORD001119,CUST01358,2026-05-16,PROD0115,2,0.0,0.98,In-Store,Debit Card,Cancelled,North
ORD001120,CUST01556,2026-02-18,PROD0010,5,0.3,6.8,In-Store,Wallet,Delivered,North
ORD001121,CUST01456,2026-05-09,PROD0038,2,0.15,0.16,In-Store,Debit Card,Delivered,South
ORD001122,CUST01806,2025-07-21,PROD0034,6,0.2,24.46,In-Store,Debit Card,Delivered,South
ORD001123,CUST00496,2025-12-01,PROD0023,2,0.15,24.14,Mobile App,Credit Card,Cancelled,East
ORD001124,CUST00894,11-24-2025,PROD0030,6,0.05,9.88,In-Store,Wallet,Cancelled,North
ORD001125,CUST01846,2026-04-21,PROD0005,2,0.0,18.21,In-Store,Wallet,Cancelled,South
ORD001126,CUST00579,2025-12-29,PROD0119,3,0.0,8.65,In-Store,Net Banking,Returned,North
ORD001127,CUST00833,2025-09-08,PROD0002,6,0.0,16.78,Online,Net Banking,Returned,North
ORD001128,CUST01029,2025-08-28,PROD0091,3,0.05,20.14,In-Store,COD,Delivered,South
ORD001129,CUST00876,2026-05-04,PROD0070,5,0.0,23.67,In-Store,Credit Card,Delivered,South
ORD001130,CUST00339,2025-11-26,PROD0080,1,0.0,,Online,Wallet,Delivered,North
ORD001131,CUST00334,2025-10-23,PROD0080,3,0.1,19.58,Mobile App,Net Banking,Delivered,North
ORD001132,CUST00240,2026-04-23,PROD0106,4,0.15,6.65,Mobile App,Credit Card,Delivered,North
ORD001133,CUST01151,2026-03-20,PROD0094,6,0.15,24.76,Mobile App,Debit Card,Delivered,South
ORD001134,CUST01995,2025-10-28,PROD0119,6,0.0,0.64,Mobile App,Wallet,Pending,West
ORD001135,CUST00189,08-13-2025,PROD0080,6,0.3,15.09,Online,Net Banking,Cancelled,West
ORD001136,CUST00047,2025-11-26,PROD0098,1,0.05,16.49,Online,UPI,Pending,East
ORD001137,CUST01064,2026-04-30,PROD0061,1,0.0,17.2,In-Store,UPI,Delivered,West
ORD001138,CUST00155,2026-02-18,PROD0106,6,0.25,3.01,In-Store,Wallet,Delivered,West
ORD001139,CUST00191,2025-07-14,PROD0084,6,0.3,23.46,Mobile App,Wallet,Pending,North
ORD001140,CUST01556,2025-12-09,PROD0110,6,0.0,4.53,Mobile App,Net Banking,Delivered,South
ORD001141,CUST00576,2025-07-31,PROD0052,4,0.15,15.57,Mobile App,COD,Delivered,South
ORD001142,CUST01010,2026-07-02,PROD0014,2,0.25,5.57,Mobile App,Wallet,Delivered,North
ORD001143,CUST00406,2025-07-14,PROD0032,1,0.0,7.68,Online,Debit Card,Delivered,North
ORD001144,CUST01426,2026-07-21,PROD0070,5,0.1,13.66,Mobile App,Net Banking,Delivered,South
ORD001145,CUST01075,2025-11-02,PROD0109,5,0.25,10.43,In-Store,Net Banking,Cancelled,South
ORD001146,CUST01783,2026-06-17,PROD0015,3,0.15,4.01,Online,Net Banking,Delivered,West
ORD001147,CUST00482,2025-07-13,PROD0055,3,0.0,4.27,In-Store,Net Banking,Delivered,South
ORD001148,CUST00493,2026-04-07,PROD0069,2,0.05,10.45,Online,Credit Card,Delivered,South
ORD001149,CUST01638,2026-01-27,PROD0036,3,0.2,18.93,Mobile App,COD,Delivered,East
ORD001150,CUST00467,2025-08-20,PROD0014,4,0.0,22.45,In-Store,UPI,Delivered,South
ORD001151,CUST00619,2026-04-21,PROD0001,4,0.1,2.1,Mobile App,Credit Card,Delivered,East
ORD001152,CUST00639,2025-11-07,PROD0092,3,0.3,9.83,Online,Wallet,Delivered,North
ORD001153,CUST00064,2025-08-07,PROD0111,4,0.1,2.51,Online,COD,Delivered,South
ORD001154,CUST01292,2026-01-21,PROD0035,1,0.15,0.41,In-Store,UPI,Returned,South
ORD001155,CUST01932,2026-07-15,PROD0100,2,0.1,16.54,Online,COD,Delivered,East
ORD001156,CUST00693,2025-07-14,PROD0109,6,0.15,15.06,Mobile App,UPI,Delivered,West
ORD001157,CUST00848,07-15-2025,PROD0083,1,0.0,4.08,Online,Debit Card,Delivered,South
ORD001158,CUST01407,2025-10-21,PROD0017,4,0.25,5.85,Mobile App,Credit Card,Delivered,West
ORD001159,CUST00753,2026-07-16,PROD0085,2,0.3,0.59,Online,Net Banking,Delivered,West
ORD001160,CUST01239,2025-07-11,PROD0074,5,0.0,20.87,Online,COD,Delivered,East
ORD001161,CUST01544,2025-07-17,PROD0100,1,0.1,24.37,Online,Debit Card,Delivered,East
ORD001162,CUST01416,2026-04-14,PROD0054,6,0.25,3.39,Online,COD,Returned,East
ORD001163,CUST00372,2026-06-30,PROD0077,3,0.0,5.79,In-Store,UPI,Delivered,West
ORD001164,CUST01540,2026-02-05,PROD0090,3,0.0,21.71,In-Store,Wallet,Delivered,East
ORD001165,CUST00230,2026-02-08,PROD0054,3,0.0,23.16,Mobile App,Wallet,Returned,West
ORD001166,CUST00654,2025-10-13,PROD0075,4,0.1,10.49,Online,Debit Card,Delivered,North
ORD001167,CUST01863,2026-01-26,PROD0094,5,0.0,1.27,Mobile App,Net Banking,Delivered,North
ORD001168,CUST01140,2026-06-17,PROD0122,1,0.25,,Online,Debit Card,Delivered,East
ORD001169,CUST00491,2026-05-22,PROD0006,4,0.0,14.35,In-Store,Net Banking,Delivered,East
ORD001170,CUST00719,2025-08-16,PROD0100,3,0.05,9.82,Online,Net Banking,Delivered,South
ORD001171,CUST01349,2026-03-05,PROD0063,5,0.15,0.72,Mobile App,Net Banking,Delivered,South
ORD001172,CUST00935,2025-07-25,PROD0122,4,0.2,14.58,Mobile App,COD,Delivered,North
ORD001173,CUST01773,2025-12-22,PROD0060,2,0.0,0.28,Online,Wallet,Returned,East
ORD001174,CUST00854,2025-08-07,PROD0016,1,0.0,19.68,Online,UPI,Returned,East
ORD001175,CUST01754,2025-11-08,PROD0065,6,0.0,7.66,Online,Credit Card,Delivered,West
ORD001176,CUST01003,2026-01-02,PROD0028,2,0.1,1.01,Mobile App,Wallet,Delivered,East
ORD001177,CUST01146,2026-06-29,PROD0087,4,0.25,14.71,Mobile App,COD,Delivered,North
ORD001178,CUST00685,2026-02-26,PROD0120,1,0.15,9.94,Online,Debit Card,Delivered,North
ORD001179,CUST01364,2026-04-08,PROD0052,2,0.0,24.35,In-Store,Wallet,Delivered,West
ORD001180,CUST01325,2026-01-01,PROD0047,2,0.05,13.6,In-Store,Credit Card,Delivered,West
ORD001181,CUST00003,2026-07-24,PROD0107,5,0.0,6.88,Online,Debit Card,Delivered,West
ORD001182,CUST01661,2025-07-05,PROD0032,6,0.0,17.74,In-Store,Net Banking,Delivered,West
ORD001183,CUST01022,2026-07-01,PROD0103,4,0.05,6.79,Mobile App,Credit Card,Delivered,South
ORD001184,CUST00624,2025-11-17,PROD0070,5,0.2,22.61,In-Store,COD,Returned,South
ORD001185,CUST00551,2026-05-12,PROD0104,1,0.1,9.37,In-Store,COD,Delivered,South
ORD001186,CUST01045,2026-02-04,PROD0021,3,0.0,13.75,Mobile App,Credit Card,Delivered,East
ORD001187,CUST01567,2026-03-13,PROD0017,0,0.05,1.26,Online,Credit Card,Delivered,South
ORD001188,CUST00797,2026-01-20,PROD0085,2,0.0,10.65,In-Store,UPI,Delivered,East
ORD001189,CUST00946,2026-02-12,PROD0097,1,0.0,20.81,In-Store,Credit Card,Delivered,South
ORD001190,CUST00819,2025-12-19,PROD0096,5,0.0,20.14,In-Store,UPI,Delivered,East
ORD001191,CUST01636,2026-06-28,PROD0046,4,0.0,5.61,Online,COD,Delivered,West
ORD001192,CUST00529,2026-05-04,PROD0017,2,0.2,5.65,Online,Net Banking,Pending,West
ORD001193,CUST01706,2025-09-20,PROD0110,5,0.0,20.43,Online,COD,Delivered,South
ORD001194,CUST01470,2025-12-20,PROD0061,2,0.05,23.26,Mobile App,Wallet,Delivered,North
ORD001195,CUST01836,2025-07-04,PROD0005,5,0.05,2.38,Online,Wallet,Delivered,East
ORD001196,CUST01054,2025-10-10,PROD0027,2,0.3,11.25,Mobile App,UPI,Delivered,North
ORD001197,CUST00449,2025-09-04,PROD0057,4,0.0,8.44,Online,Net Banking,Delivered,East
ORD001198,CUST00790,2026-07-21,PROD0070,6,0.2,21.77,Online,Wallet,Delivered,East
ORD001199,CUST01003,2026-01-06,PROD0086,3,0.0,2.09,Mobile App,Net Banking,Cancelled,West
ORD001200,CUST00298,2026-05-14,PROD0081,4,0.15,5.28,In-Store,Debit Card,Delivered,West
ORD001201,CUST01139,2026-03-25,PROD0028,5,0.0,18.81,Mobile App,Net Banking,Delivered,West
ORD001202,CUST01388,2026-05-11,PROD0028,4,0.3,1.28,Online,Wallet,Delivered,South
ORD001203,CUST01635,2025-09-23,PROD0047,5,0.2,12.31,Online,Wallet,Delivered,North
ORD001204,CUST01375,2025-09-04,PROD0099,4,0.3,11.05,Online,COD,Delivered,South
ORD001205,CUST01182,2025-11-30,PROD0087,4,0.1,8.36,Mobile App,COD,Delivered,East
ORD001206,CUST00301,2026-07-06,PROD0110,-3,0.15,9.86,In-Store,COD,Delivered,North
ORD001207,CUST01174,2025-12-14,PROD0087,4,0.25,13.25,In-Store,Debit Card,Delivered,East
ORD001208,CUST00713,2026-05-11,PROD0042,5,0.05,4.03,Mobile App,UPI,Delivered,West
ORD001209,CUST00445,2026-06-05,PROD0005,2,0.0,14.3,Online,Debit Card,Delivered,North
ORD001210,CUST00779,2025-07-09,PROD0086,6,0.25,20.14,In-Store,Debit Card,Delivered,South
ORD001211,CUST01694,2025-12-27,PROD0024,6,0.05,19.0,Online,Wallet,Delivered,West
ORD001212,CUST00011,2025-11-15,PROD0103,5,0.2,3.85,Online,Net Banking,Delivered,North
ORD001213,CUST00426,2025-12-02,PROD0110,4,0.0,3.73,Mobile App,Debit Card,Delivered,East
ORD001214,CUST01053,2026-07-22,PROD0046,5,0.05,6.7,Mobile App,UPI,Delivered,East
ORD001215,CUST01016,2025-08-16,PROD0013,4,0.0,9.03,In-Store,UPI,Returned,East
ORD001216,CUST01669,2026-05-23,PROD0032,1,0.15,10.21,Mobile App,UPI,Delivered,East
ORD001217,CUST01574,2025-11-08,PROD0071,2,0.05,16.99,Online,Wallet,Delivered,East
ORD001218,CUST00707,2025-09-05,PROD0118,5,0.15,1.42,Online,Net Banking,Delivered,East
ORD001219,CUST00912,2026-07-14,PROD0036,1,0.3,0.87,Online,UPI,Delivered,West
ORD001220,CUST00663,2026-03-18,PROD0008,2,0.2,9.8,Online,Debit Card,Delivered,West
ORD001221,CUST00456,2025-11-21,PROD0039,5,0.0,17.43,Online,UPI,Delivered,West
ORD001222,CUST00797,2026-05-01,PROD0005,1,0.0,4.84,Online,Net Banking,Delivered,North
ORD001223,CUST00596,2026-03-24,PROD0049,2,0.1,16.04,In-Store,Credit Card,Returned,North
ORD001224,CUST01872,2025-10-17,PROD0075,3,0.25,6.5,Online,Wallet,Delivered,North
ORD001225,CUST01546,2026-02-04,PROD0031,2,0.15,22.15,Mobile App,Net Banking,Cancelled,West
ORD001226,CUST01457,2026-06-23,PROD0119,3,0.2,22.39,Mobile App,Credit Card,Delivered,North
ORD001227,CUST00441,2025-07-22,PROD0028,3,0.3,7.43,In-Store,Debit Card,Cancelled,West
ORD001228,CUST01535,2026-07-01,PROD0001,0,0.3,5.75,Online,Debit Card,Delivered,West
ORD001229,CUST01753,2025-10-07,PROD0038,1,0.0,10.28,In-Store,COD,Delivered,North
ORD001230,CUST01245,2026-01-08,PROD0073,4,0.0,6.01,Mobile App,Credit Card,Delivered,West
ORD001231,CUST01179,2026-05-17,PROD0013,3,0.15,16.81,Mobile App,Wallet,Cancelled,South
ORD001232,CUST01009,2026-04-22,PROD0010,4,0.2,20.65,In-Store,Credit Card,Delivered,East
ORD001233,CUST01941,2026-05-09,PROD0109,5,0.0,16.83,Mobile App,Wallet,Pending,East
ORD001234,CUST01972,2025-07-09,PROD0076,6,0.2,20.61,Online,Debit Card,Cancelled,North
ORD001235,CUST01785,2026-07-26,PROD0121,5,0.0,9.92,In-Store,Credit Card,Delivered,South
ORD001236,CUST01070,2026-03-02,PROD0072,1,0.25,3.91,In-Store,COD,Delivered,West
ORD001237,CUST01836,2025-11-08,PROD0122,4,0.0,18.45,Online,COD,Cancelled,South
ORD001238,CUST01701,2026-07-05,PROD0048,2,0.2,9.01,Online,COD,Delivered,North
ORD001239,CUST01842,2025-09-25,PROD0016,5,0.0,16.78,Mobile App,Wallet,Delivered,South
ORD001240,CUST00665,2026-06-13,PROD0046,5,0.05,6.77,Mobile App,Wallet,Delivered,West
ORD001241,CUST01620,2026-04-24,PROD0037,2,0.0,2.03,Mobile App,UPI,Delivered,North
ORD001242,CUST00829,2025-07-11,PROD0111,6,0.0,24.81,Mobile App,Credit Card,Pending,East
ORD001243,CUST01624,2025-07-16,PROD0055,1,0.0,3.91,Online,Net Banking,Delivered,East
ORD001244,CUST01631,2025-08-22,PROD0104,5,0.1,24.71,In-Store,Credit Card,Returned,North
ORD001245,CUST00560,2026-06-20,PROD0055,1,0.3,24.43,Mobile App,UPI,Delivered,East
ORD001246,CUST01868,2025-07-16,PROD0065,1,0.15,19.85,Online,COD,Cancelled,West
ORD001247,CUST01306,2025-11-12,PROD0070,4,0.05,16.49,In-Store,Net Banking,Delivered,West
ORD001248,CUST01348,2025-11-10,PROD0003,3,0.0,14.45,In-Store,Net Banking,Delivered,West
ORD001249,CUST00832,2026-02-06,PROD0097,2,0.3,21.65,In-Store,Net Banking,Delivered,East
ORD001250,CUST01075,2025-10-08,PROD0081,4,0.1,7.24,In-Store,Credit Card,Delivered,East
ORD001251,CUST01603,2026-06-10,PROD0088,5,0.0,11.69,In-Store,Debit Card,Delivered,West
ORD001252,CUST00017,2026-01-15,PROD0099,4,0.3,15.48,Online,UPI,Delivered,South
ORD001253,CUST00095,2025-11-16,PROD0016,4,0.2,10.28,In-Store,UPI,Delivered,West
ORD001254,CUST00746,2026-07-17,PROD0106,6,0.0,10.69,In-Store,Debit Card,Delivered,South
ORD001255,CUST01696,2025-12-13,PROD0096,2,0.15,8.26,In-Store,Credit Card,Delivered,East
ORD001256,CUST00927,2026-07-17,PROD0024,5,0.2,14.11,Online,UPI,Pending,North
ORD001257,CUST01572,2025-12-21,PROD0012,1,0.05,21.26,Online,Wallet,Delivered,East
ORD001258,CUST00306,2026-01-07,PROD0032,1,0.05,5.04,Online,Debit Card,Delivered,North
ORD001259,CUST01821,2025-07-04,PROD0096,2,0.1,23.36,Online,Wallet,Delivered,East
ORD001260,CUST01103,2026-06-23,PROD0119,1,0.0,17.23,In-Store,Net Banking,Delivered,South
ORD001261,CUST01115,2026-06-14,PROD0020,4,0.25,20.58,Mobile App,UPI,Delivered,South
ORD001262,CUST00445,2025-08-19,PROD0063,4,0.0,13.9,Mobile App,Net Banking,Returned,North
ORD001263,CUST00637,2026-03-15,PROD0021,1,0.2,19.49,In-Store,UPI,Pending,West
ORD001264,CUST01590,2025-10-20,PROD0121,3,0.25,0.41,In-Store,Debit Card,Delivered,East
ORD001265,CUST00306,2026-03-15,PROD0041,5,0.25,20.46,In-Store,UPI,Delivered,South
ORD001266,CUST01392,2026-05-24,PROD0072,3,0.25,1.0,Online,Net Banking,Delivered,North
ORD001267,CUST01971,2025-11-05,PROD0061,3,0.3,22.25,Online,Credit Card,Pending,West
ORD001268,CUST01107,2026-01-20,PROD0070,4,0.0,24.8,In-Store,UPI,Delivered,West
ORD001269,CUST00148,2025-08-10,PROD0088,2,0.25,7.35,Online,Wallet,Returned,East
ORD001270,CUST00196,2026-05-06,PROD0085,3,0.0,5.26,Mobile App,Credit Card,Delivered,East
ORD001271,CUST01302,2026-06-30,PROD0105,1,0.1,19.13,Online,Credit Card,Cancelled,North
ORD001272,CUST00722,2025-11-20,PROD0091,3,0.2,6.33,In-Store,UPI,Delivered,South
ORD001273,CUST01400,2025-10-18,PROD0109,5,0.0,21.64,In-Store,Debit Card,Delivered,South
ORD001274,CUST00958,2025-11-19,PROD0004,4,0.2,2.57,Online,Credit Card,Delivered,South
ORD001275,CUST01458,2026-05-21,PROD0070,3,0.25,3.15,Mobile App,UPI,Cancelled,West
ORD001276,CUST00976,2026-05-17,PROD0066,5,0.0,24.48,In-Store,Credit Card,Pending,South
ORD001277,CUST00896,2025-08-29,PROD0118,5,0.1,16.85,Online,Net Banking,Delivered,East
ORD001278,CUST00470,2026-04-25,PROD0112,2,0.0,21.17,Mobile App,UPI,Delivered,North
ORD001279,CUST01499,02-10-2026,PROD0121,4,0.0,8.11,Mobile App,Net Banking,Delivered,West
ORD001280,CUST00941,2026-04-11,PROD0003,4,0.25,16.91,Online,COD,Delivered,East
ORD001281,CUST00286,01-22-2026,PROD0021,6,0.2,14.86,Mobile App,Debit Card,Delivered,South
ORD001282,CUST01032,2026-06-17,PROD0054,2,0.05,15.08,Mobile App,Debit Card,Delivered,East
ORD001283,CUST00405,2026-07-26,PROD0109,4,0.05,17.06,Online,UPI,Delivered,East
ORD001284,CUST00822,2026-05-26,PROD0085,4,0.0,14.38,In-Store,Credit Card,Returned,East
ORD001285,CUST00697,2025-10-27,PROD0067,2,0.1,10.73,Mobile App,UPI,Delivered,North
ORD001286,CUST00316,2025-08-27,PROD0034,6,0.2,6.9,Online,Credit Card,Delivered,West
ORD001287,CUST00039,2026-07-19,PROD0040,5,0.25,19.21,Mobile App,Wallet,Delivered,South
ORD001288,CUST01187,2026-01-09,PROD0045,5,0.2,5.66,In-Store,Wallet,Pending,East
ORD001289,CUST01546,2026-04-20,PROD0026,2,0.05,17.31,Online,Debit Card,Delivered,West
ORD001290,CUST00819,2025-10-08,PROD0060,4,0.25,5.83,In-Store,Net Banking,Delivered,West
ORD001291,CUST01707,2026-01-04,PROD0100,3,0.2,15.63,In-Store,Credit Card,Delivered,North
ORD001292,CUST01638,2026-04-26,PROD0039,5,0.3,18.68,Online,COD,Cancelled,South
ORD001293,CUST00236,2025-10-07,PROD0047,5,0.25,5.47,Online,Credit Card,Delivered,North
ORD001294,CUST00376,2025-10-23,PROD0096,3,0.0,1.5,Online,COD,Pending,West
ORD001295,CUST01770,2026-05-13,PROD0093,1,0.0,3.27,Mobile App,COD,Delivered,West
ORD001296,CUST01640,2025-11-06,PROD0085,6,0.1,15.15,Mobile App,Net Banking,Pending,East
ORD001297,CUST01923,2026-03-04,PROD0074,6,0.2,21.24,In-Store,COD,Delivered,West
ORD001298,CUST01641,2026-02-17,PROD0024,1,0.2,1.12,Online,COD,Delivered,East
ORD001299,CUST00899,2025-10-23,PROD0021,1,0.2,18.35,In-Store,UPI,Delivered,West
ORD001300,CUST00322,2025-08-23,PROD0099,6,0.25,8.53,In-Store,COD,Delivered,North
ORD001301,CUST00422,2026-06-14,PROD0081,6,0.25,11.96,Online,Wallet,Cancelled,West
ORD001302,CUST01131,2025-07-03,PROD0089,5,0.15,23.22,Mobile App,Wallet,Delivered,West
ORD001303,CUST00711,2026-07-22,PROD0065,5,0.25,8.3,In-Store,COD,Returned,East
ORD001304,CUST01810,2025-10-17,PROD0064,2,0.2,11.63,Online,Debit Card,Delivered,South
ORD001305,CUST01656,2026-03-08,PROD0112,4,0.15,0.34,In-Store,Wallet,Delivered,West
ORD001306,CUST01525,2026-06-01,PROD0011,4,0.1,2.04,In-Store,UPI,Cancelled,South
ORD001307,CUST00266,2025-11-18,PROD0033,3,0.0,6.46,Online,UPI,Delivered,West
ORD001308,CUST01532,2025-09-25,PROD0068,1,0.1,0.7,Mobile App,COD,Delivered,South
ORD001309,CUST01669,2026-05-25,PROD0045,3,0.05,15.78,In-Store,Net Banking,Returned,North
ORD001310,CUST01494,2026-07-31,PROD0069,0,0.3,10.66,In-Store,COD,Delivered,South
ORD001311,CUST01517,2026-07-05,PROD0068,2,0.2,13.7,Online,Wallet,Returned,North
ORD001312,CUST00003,2026-03-01,PROD0093,2,0.1,4.37,In-Store,Debit Card,Delivered,East
ORD001313,CUST01058,2025-07-16,PROD0030,1,0.0,7.4,Mobile App,COD,Delivered,West
ORD001314,CUST00875,2025-10-14,PROD0035,3,0.25,16.6,Mobile App,COD,Returned,North
ORD001315,CUST01169,2025-11-04,PROD0080,2,0.05,24.13,In-Store,UPI,Delivered,South
ORD001316,CUST00182,2025-07-28,PROD0003,5,0.0,1.26,Online,Wallet,Delivered,North
ORD001317,CUST00613,2026-03-05,PROD0067,1,0.15,22.26,In-Store,Net Banking,Returned,West
ORD001318,CUST00045,2026-04-16,PROD0055,2,0.05,14.42,Online,UPI,Delivered,East
ORD001319,CUST00431,2026-02-14,PROD0110,3,0.25,14.1,In-Store,Credit Card,Pending,East
ORD001320,CUST01558,2026-06-08,PROD0060,6,0.2,12.51,Online,Wallet,Delivered,West
ORD001321,CUST01873,2025-12-19,PROD0090,4,0.0,1.73,Mobile App,Wallet,Pending,South
ORD001322,CUST01168,2026-05-04,PROD0015,6,0.0,2.25,Online,Debit Card,Delivered,East
ORD001323,CUST00210,2026-01-03,PROD0090,5,0.1,15.02,Mobile App,Debit Card,Returned,South
ORD001324,CUST01035,2026-03-13,PROD0100,5,0.15,8.52,Online,COD,Delivered,North
ORD001325,CUST00062,2026-05-18,PROD0105,4,0.15,22.93,In-Store,UPI,Delivered,North
ORD001326,CUST01497,2026-02-18,PROD0035,5,0.1,10.16,Mobile App,Debit Card,Cancelled,South
ORD001327,CUST00673,2025-11-08,PROD0085,3,0.2,3.58,In-Store,Wallet,Delivered,East
ORD001328,CUST00388,2025-11-12,PROD0016,4,0.0,17.87,In-Store,Net Banking,Returned,South
ORD001329,CUST01525,2026-06-05,PROD0067,3,0.0,7.33,In-Store,Wallet,Delivered,East
ORD001330,CUST01204,2025-11-11,PROD0028,1,0.15,13.14,Online,Debit Card,Pending,North
ORD001331,CUST01269,2026-02-22,PROD0080,3,0.15,17.45,Online,Credit Card,Delivered,South
ORD001332,CUST01225,2025-10-14,PROD0085,6,0.0,22.51,Mobile App,COD,Delivered,South
ORD001333,CUST00819,2025-07-11,PROD0046,2,0.15,19.8,In-Store,Credit Card,Pending,North
ORD001334,CUST01628,2026-02-11,PROD0108,5,0.15,16.91,Online,Debit Card,Delivered,South
ORD001335,CUST01144,0000-00-00,PROD0118,2,0.15,16.99,In-Store,Credit Card,Delivered,South
ORD001336,CUST01419,2025-10-11,PROD0110,5,0.0,23.65,In-Store,Net Banking,Delivered,North
ORD001337,CUST01864,2025-12-02,PROD0008,1,0.0,7.4,In-Store,UPI,Delivered,West
ORD001338,CUST01813,2025-10-20,PROD0027,3,0.25,0.03,Mobile App,Net Banking,Pending,South
ORD001339,CUST01700,2025-11-16,PROD0014,3,0.15,6.8,In-Store,Credit Card,Delivered,West
ORD001340,CUST00563,2025-09-13,PROD0110,2,0.0,5.45,Online,Net Banking,Delivered,North
ORD001341,CUST01586,2026-03-16,PROD0068,3,0.25,16.55,Mobile App,Wallet,Delivered,East
ORD001342,CUST00867,2025-12-21,PROD0094,2,0.3,15.84,Mobile App,Net Banking,Delivered,East
ORD001343,CUST01452,2025-11-12,PROD0098,4,0.15,,In-Store,Net Banking,Delivered,North
ORD001344,CUST00591,2026-07-01,PROD0053,6,0.0,0.41,Mobile App,UPI,Delivered,East
ORD001345,CUST00722,2025-07-14,PROD0077,4,0.15,18.22,Mobile App,Debit Card,Delivered,East
ORD001346,CUST00915,2026-03-18,PROD0057,1,0.0,8.09,In-Store,UPI,Delivered,West
ORD001347,CUST01801,2026-05-18,PROD0091,4,0.0,16.63,Online,Debit Card,Delivered,West
ORD001348,CUST00963,2025-09-14,PROD0079,6,0.05,13.91,Online,Credit Card,Delivered,East
ORD001349,CUST01166,2025-12-17,PROD0089,5,0.3,8.57,Mobile App,COD,Delivered,East
ORD001350,CUST01155,2026-07-04,PROD0044,1,0.0,3.36,In-Store,Wallet,Cancelled,North
ORD001351,CUST01591,2025-09-17,PROD0058,5,0.0,2.36,In-Store,COD,Delivered,North
ORD001352,CUST01392,2026-01-09,PROD0062,2,0.0,20.79,In-Store,UPI,Delivered,North
ORD001353,CUST01017,2025-11-22,PROD0117,1,0.05,22.96,Mobile App,Credit Card,Delivered,East
ORD001354,CUST01974,2026-01-03,PROD0044,2,0.15,16.24,In-Store,COD,Cancelled,North
ORD001355,CUST01901,2026-02-03,PROD0085,6,0.15,2.59,In-Store,Wallet,Pending,West
ORD001356,CUST00618,2026-01-29,PROD0103,5,0.15,10.05,Mobile App,Net Banking,Delivered,West
ORD001357,CUST01866,2026-07-24,PROD0043,3,0.25,18.22,Mobile App,COD,Delivered,South
ORD001358,CUST01139,2025-08-17,PROD0050,5,0.05,19.5,Online,Net Banking,Delivered,South
ORD001359,CUST01119,2025-08-05,PROD0045,4,0.3,2.96,Mobile App,Wallet,Delivered,North
ORD001360,CUST00757,2025-07-18,PROD0108,5,0.0,0.0,Online,Debit Card,Delivered,West
ORD001361,CUST01927,2025-11-23,PROD0074,5,0.05,17.8,In-Store,Debit Card,Delivered,North
ORD001362,CUST01304,2025-10-03,PROD0058,6,0.05,8.91,Mobile App,Debit Card,Pending,North
ORD001363,CUST00922,2026-04-13,PROD0067,2,0.1,6.36,Online,COD,Delivered,West
ORD001364,CUST01114,2026-01-23,PROD0030,3,0.0,0.32,In-Store,Net Banking,Delivered,South
ORD001365,CUST01491,2025-11-28,PROD0105,4,0.25,13.51,In-Store,UPI,Delivered,North
ORD001366,CUST01228,2025-11-09,PROD0106,5,0.0,21.28,In-Store,COD,Delivered,East
ORD001367,CUST00620,2026-03-23,PROD0035,6,0.25,23.94,Mobile App,Net Banking,Delivered,West
ORD001368,CUST01249,2026-03-27,PROD0028,1,0.1,14.14,Mobile App,Net Banking,Delivered,South
ORD001369,CUST00296,2025-08-17,PROD0026,3,0.2,12.86,Mobile App,UPI,Delivered,South
ORD001370,CUST01650,2026-05-17,PROD0049,5,0.3,2.13,In-Store,Net Banking,Delivered,West
ORD001371,CUST01102,2026-06-07,PROD0024,5,0.0,13.72,Online,Net Banking,Cancelled,South
ORD001372,CUST01148,2025-11-02,PROD0063,6,0.0,9.5,Online,Debit Card,Returned,South
ORD001373,CUST00793,2026-02-25,PROD0087,4,0.1,15.18,Mobile App,Credit Card,Delivered,West
ORD001374,CUST01016,2026-03-09,PROD0065,6,0.3,9.72,Online,Credit Card,Returned,East
ORD001375,CUST00921,2025-12-15,PROD0085,6,0.15,6.01,In-Store,Wallet,Cancelled,East
ORD001376,CUST00691,2026-02-21,PROD0009,5,0.0,2.37,Mobile App,Debit Card,Returned,West
ORD001377,CUST00849,2026-05-30,PROD0118,6,0.1,7.87,Online,Debit Card,Delivered,East
ORD001378,CUST00364,2026-01-27,PROD0006,4,0.1,2.42,Online,UPI,Delivered,West
ORD001379,CUST00512,2026-02-12,PROD0042,6,0.15,4.42,Online,Wallet,Delivered,East
ORD001380,CUST00208,2026-06-09,PROD0031,1,0.2,24.68,Online,UPI,Returned,East
ORD001381,CUST01706,2025-07-26,PROD0024,6,0.05,11.1,Mobile App,Net Banking,Delivered,West
ORD001382,CUST01417,2026-02-02,PROD0092,2,0.25,13.3,Online,UPI,Delivered,South
ORD001383,CUST00159,2026-04-07,PROD0095,4,0.3,21.84,In-Store,Credit Card,Delivered,South
ORD001384,CUST01341,2025-09-03,PROD0100,5,0.25,24.89,In-Store,Net Banking,Cancelled,West
ORD001385,CUST01441,2026-01-02,PROD0024,1,0.0,14.57,In-Store,Net Banking,Delivered,North
ORD001386,CUST00092,2025-08-27,PROD0040,2,0.3,20.31,Online,Wallet,Delivered,East
ORD001387,CUST00287,2025-09-02,PROD0014,4,0.0,8.17,In-Store,Net Banking,Delivered,East
ORD001388,CUST00916,2025-12-21,PROD0031,2,0.0,7.64,Online,Credit Card,Delivered,North
ORD001389,CUST00871,2026-05-09,PROD0053,3,0.0,10.07,In-Store,COD,Cancelled,South
ORD001390,CUST00046,2025-10-22,PROD0054,1,0.15,16.81,Online,UPI,Delivered,East
ORD001391,CUST00830,2025-12-21,PROD0081,4,0.0,17.05,In-Store,Wallet,Delivered,West
ORD001392,CUST00086,2026-07-06,PROD0055,-1,0.2,7.88,Mobile App,Credit Card,Delivered,North
ORD001393,CUST00785,2026-07-31,PROD0059,2,0.3,3.33,Mobile App,Net Banking,Delivered,South
ORD001394,CUST01883,2025-11-01,PROD0030,2,0.05,15.81,Online,Wallet,Returned,East
ORD001395,CUST00858,2026-03-29,PROD0043,5,0.0,3.21,In-Store,Credit Card,Returned,East
ORD001396,CUST00556,2025-10-05,PROD0023,1,0.05,14.46,In-Store,Wallet,Delivered,East
ORD001397,CUST00071,2026-05-18,PROD0039,3,0.0,17.34,Online,Wallet,Returned,East
ORD001398,CUST01243,2026-06-29,PROD0029,5,0.15,17.52,Online,UPI,Delivered,East
ORD001399,CUST00988,2026-07-06,PROD0091,4,0.05,,In-Store,Wallet,Delivered,West
ORD001400,CUST00245,2026-06-24,PROD0052,1,0.3,21.82,In-Store,Debit Card,Delivered,West
ORD001401,CUST01980,2025-07-17,PROD0096,2,0.25,,In-Store,COD,Delivered,South
ORD001402,CUST01886,2025-12-22,PROD0117,5,0.05,18.26,Mobile App,Net Banking,Delivered,North
ORD001403,CUST00776,2026-02-15,PROD0078,5,0.3,15.48,In-Store,UPI,Delivered,North
ORD001404,CUST01437,2026-03-10,PROD0009,2,0.05,4.67,Online,Wallet,Delivered,East
ORD001405,CUST01470,2026-04-28,PROD0084,4,0.3,0.64,Online,COD,Delivered,West
ORD001406,CUST00089,2025-11-25,PROD0050,1,0.1,7.11,In-Store,Wallet,Delivered,East
ORD001407,CUST00755,2025-12-29,PROD0060,6,0.05,11.08,Online,Wallet,Delivered,West
ORD001408,CUST01804,01-05-2026,PROD0083,3,0.0,15.43,In-Store,COD,Delivered,South
ORD001409,CUST00264,2026-02-16,PROD0120,6,0.2,,Mobile App,Wallet,Delivered,North
ORD001410,CUST00055,2025-09-01,PROD0078,5,0.0,4.91,Online,COD,Cancelled,North
ORD001411,CUST00101,2026-04-28,PROD0007,-3,0.0,3.14,Online,Debit Card,Delivered,West
ORD001412,CUST01687,2026-06-07,PROD0063,1,0.3,24.09,In-Store,Credit Card,Delivered,West
ORD001413,CUST00688,2025-09-07,PROD0055,5,0.0,2.7,Mobile App,Wallet,Delivered,West
ORD001414,CUST00742,2025-12-04,PROD0050,4,0.15,11.96,Mobile App,Net Banking,Delivered,South
ORD001415,CUST01753,2025-09-15,PROD0119,1,0.15,14.64,Mobile App,Net Banking,Returned,West
ORD001416,CUST01016,2025-11-22,PROD0046,6,0.15,13.53,Online,COD,Delivered,East
ORD001417,CUST01129,2026-07-05,PROD0017,6,0.15,2.15,Mobile App,Credit Card,Delivered,West
ORD001418,CUST01258,2025-11-12,PROD0119,3,0.05,1.43,Mobile App,Wallet,Delivered,East
ORD001419,CUST01186,2026-06-01,PROD0076,2,0.15,2.64,In-Store,Credit Card,Delivered,South
ORD001420,CUST01827,2026-07-31,PROD0033,1,0.0,14.64,In-Store,Wallet,Delivered,South
ORD001421,CUST01179,2026-01-12,PROD0025,1,0.2,13.61,Online,UPI,Delivered,North
ORD001422,CUST00082,2025-10-17,PROD0042,2,0.25,5.84,Mobile App,COD,Delivered,West
ORD001423,CUST00352,2026-01-08,PROD0007,3,0.0,15.94,Online,Net Banking,Delivered,West
ORD001424,CUST01211,2025-11-07,PROD0110,1,0.3,20.5,Mobile App,Net Banking,Delivered,East
ORD001425,CUST00453,2025-09-01,PROD0011,5,0.0,1.04,In-Store,Wallet,Delivered,West
ORD001426,CUST01662,2025-12-19,PROD0109,1,0.1,12.45,In-Store,UPI,Cancelled,North
ORD001427,CUST01600,2025-12-09,PROD0109,4,0.25,17.23,Mobile App,Credit Card,Delivered,South
ORD001428,CUST00423,2025-08-07,PROD0045,6,0.1,6.31,Online,Net Banking,Returned,North
ORD001429,CUST00941,2025-08-05,PROD0021,4,0.0,7.69,Online,Net Banking,Delivered,North
ORD001430,CUST00722,2026-07-11,PROD0054,4,0.15,15.34,Online,Net Banking,Delivered,South
ORD001431,CUST01652,2026-04-22,PROD0067,5,0.25,22.45,Mobile App,UPI,Delivered,West
ORD001432,CUST00218,2026-04-20,PROD0008,2,0.1,20.25,Mobile App,Credit Card,Delivered,South
ORD001433,CUST01724,2026-03-07,PROD0075,5,0.05,14.58,Online,Credit Card,Returned,North
ORD001434,CUST01922,2025-08-24,PROD0080,1,0.2,18.26,Mobile App,Credit Card,Delivered,South
ORD001435,CUST01953,2026-07-26,PROD0042,6,0.15,9.12,Online,Net Banking,Delivered,North
ORD001436,CUST00757,2025-08-21,PROD0051,6,0.05,16.02,Online,Wallet,Delivered,West
ORD001437,CUST01927,2025-11-24,PROD0043,6,0.0,11.65,In-Store,UPI,Delivered,South
ORD001438,CUST01625,2025-07-02,PROD0050,1,0.15,4.75,Mobile App,Wallet,Delivered,South
ORD001439,CUST00605,2026-06-05,PROD0030,0,0.25,17.54,In-Store,COD,Delivered,North
ORD001440,CUST00104,2026-05-16,PROD0054,3,0.0,13.91,Online,Debit Card,Returned,North
ORD001441,CUST00153,2025-07-27,PROD0034,3,0.05,8.97,Mobile App,Wallet,Delivered,South
ORD001442,CUST00818,2025-07-01,PROD0009,2,0.0,22.78,In-Store,Net Banking,Delivered,East
ORD001443,CUST00393,2026-02-09,PROD0028,1,0.15,0.52,Mobile App,Debit Card,Delivered,East
ORD001444,CUST00883,2026-07-10,PROD0090,2,0.0,7.89,In-Store,Net Banking,Delivered,North
ORD001445,CUST00364,2026-06-07,PROD0095,4,0.0,1.42,In-Store,Net Banking,Delivered,North
ORD001446,CUST01194,2026-04-26,PROD0117,6,0.1,19.16,Mobile App,UPI,Delivered,East
ORD001447,CUST01421,2025-08-26,PROD0091,1,0.3,17.55,In-Store,Net Banking,Delivered,North
ORD001448,CUST01698,2025-11-23,PROD0021,4,0.0,8.28,Mobile App,Credit Card,Delivered,East
ORD001449,CUST00893,2025-07-22,PROD0080,5,0.1,16.89,Mobile App,Net Banking,Pending,West
ORD001450,CUST00383,2026-01-23,PROD0121,3,0.3,9.9,Mobile App,Credit Card,Delivered,West
ORD001451,CUST00640,2026-02-20,PROD0035,3,0.0,18.91,Mobile App,Wallet,Delivered,East
ORD001452,CUST00202,2025-10-06,PROD0025,6,0.0,11.35,Online,Net Banking,Delivered,South
ORD001453,CUST01818,2025-10-20,PROD0031,4,0.3,10.31,In-Store,Debit Card,Delivered,North
ORD001454,CUST01931,2026-07-08,PROD0051,6,0.1,23.37,In-Store,Credit Card,Delivered,South
ORD001455,CUST01100,2025-07-06,PROD0055,3,0.1,6.27,In-Store,Credit Card,Cancelled,West
ORD001456,CUST01300,0000-00-00,PROD0120,2,0.05,3.01,Mobile App,Wallet,Delivered,West
ORD001457,CUST01990,2026-05-24,PROD0070,4,0.25,14.61,Mobile App,COD,Delivered,South
ORD001458,CUST00107,2025-08-08,PROD0003,6,0.1,24.23,Online,Debit Card,Delivered,East
ORD001459,CUST00297,08-07-2025,PROD0037,6,0.25,9.45,In-Store,Debit Card,Delivered,South
ORD001460,CUST00425,2026-02-07,PROD0076,1,0.3,1.55,Online,COD,Pending,West
ORD001461,CUST00380,2026-07-21,PROD0029,6,0.3,8.48,Mobile App,Wallet,Delivered,South
ORD001462,CUST00941,2026-03-19,PROD0071,4,0.0,12.65,Mobile App,COD,Delivered,West
ORD001463,CUST01873,2026-07-13,PROD0059,3,0.05,4.05,Mobile App,Debit Card,Delivered,East
ORD001464,CUST01333,2026-04-23,PROD0025,1,0.0,16.45,In-Store,Debit Card,Delivered,West
ORD001465,CUST00768,2026-07-04,PROD0001,1,0.0,24.94,Mobile App,Net Banking,Delivered,East
ORD001466,CUST00710,2026-04-16,PROD0059,5,0.2,11.29,In-Store,Net Banking,Delivered,West
ORD001467,CUST01868,2025-09-03,PROD0075,2,0.0,8.87,In-Store,Credit Card,Delivered,East
ORD001468,CUST00760,2026-04-09,PROD0075,3,0.0,10.02,In-Store,UPI,Delivered,South
ORD001469,CUST01192,2026-06-28,PROD0053,3,0.15,2.88,Online,Wallet,Delivered,North
ORD001470,CUST00702,2026-07-18,PROD0014,1,0.2,22.08,Mobile App,Debit Card,Pending,West
ORD001471,CUST00687,2025-10-26,PROD0094,3,0.0,10.37,Online,UPI,Delivered,South
ORD001472,CUST01774,2026-03-12,PROD0090,2,0.1,9.68,In-Store,Net Banking,Cancelled,West
ORD001473,CUST01691,2025-07-21,PROD0070,2,0.0,16.49,Online,Debit Card,Delivered,West
ORD001474,CUST01763,2025-08-02,PROD0040,5,0.05,11.05,Mobile App,COD,Delivered,East
ORD001475,CUST00650,2025-09-10,PROD0122,1,0.0,16.21,Mobile App,COD,Delivered,West
ORD001476,CUST00216,2025-10-20,PROD0115,3,0.05,1.54,Online,Net Banking,Delivered,South
ORD001477,CUST01191,2025-11-01,PROD0114,4,0.15,20.34,In-Store,Wallet,Cancelled,North
ORD001478,CUST00856,2025-10-29,PROD0039,5,0.0,23.51,Mobile App,UPI,Delivered,North
ORD001479,CUST00049,2025-07-23,PROD0070,5,0.0,16.22,Online,COD,Delivered,East
ORD001480,CUST01624,2026-02-02,PROD0081,6,0.3,23.86,Online,Debit Card,Delivered,East
ORD001481,CUST00263,2026-04-17,PROD0003,4,0.0,3.79,In-Store,Debit Card,Delivered,West
ORD001482,CUST00843,2025-11-08,PROD0047,2,0.0,11.94,Online,Credit Card,Cancelled,East
ORD001483,CUST00481,01-19-2026,PROD0044,1,0.0,15.05,In-Store,UPI,Pending,West
ORD001484,CUST00262,2026-04-19,PROD0087,1,0.0,14.54,Online,Net Banking,Pending,West
ORD001485,CUST01628,2026-07-22,PROD0100,6,0.0,10.04,Online,Wallet,Delivered,West
ORD001486,CUST01880,2026-07-02,PROD0048,4,0.25,8.45,Online,Debit Card,Delivered,West
ORD001487,CUST01176,2026-06-02,PROD0029,2,0.0,3.17,Mobile App,COD,Delivered,South
ORD001488,CUST01203,2025-07-22,PROD0033,4,0.1,9.79,In-Store,UPI,Delivered,West
ORD001489,CUST00458,2026-03-19,PROD0036,1,0.25,4.07,Online,Net Banking,Delivered,North
ORD001490,CUST00083,2026-03-13,PROD0032,5,0.1,18.36,Mobile App,Wallet,Cancelled,East
ORD001491,CUST00218,2026-03-06,PROD0099,5,0.05,5.22,Mobile App,Wallet,Delivered,West
ORD001492,CUST01572,2026-07-04,PROD0031,3,0.1,1.46,Mobile App,Debit Card,Delivered,East
ORD001493,CUST01836,2025-11-06,PROD0059,4,0.15,13.81,Online,Debit Card,Pending,West
ORD001494,CUST00381,2026-05-22,PROD0008,3,0.3,14.88,Mobile App,UPI,Delivered,East
ORD001495,CUST01556,2026-07-04,PROD0109,2,0.1,21.8,Online,COD,Delivered,West
ORD001496,CUST01204,2026-02-19,PROD0119,5,0.3,14.42,Online,Wallet,Delivered,South
ORD001497,CUST01391,2025-08-24,PROD0086,1,0.25,8.64,Online,UPI,Delivered,East
ORD001498,CUST00217,2026-03-11,PROD0089,1,0.0,20.08,In-Store,UPI,Delivered,North
ORD001499,CUST00838,2025-11-21,PROD0062,1,0.1,13.51,Online,Net Banking,Delivered,East
ORD001500,CUST01969,2025-09-15,PROD0064,2,0.1,1.98,Online,Wallet,Delivered,West
ORD001501,CUST01595,2026-02-26,PROD0002,1,0.3,14.15,Online,Debit Card,Delivered,West
ORD001502,CUST00276,2025-07-25,PROD0040,6,0.0,22.7,In-Store,Wallet,Delivered,West
ORD001503,CUST01309,2026-06-02,PROD0100,5,0.0,9.91,Online,UPI,Cancelled,South
ORD001504,CUST01175,2026-03-20,PROD0019,4,0.3,7.41,In-Store,COD,Cancelled,South
ORD001505,CUST01915,2025-11-23,PROD0088,3,0.0,3.59,Online,Credit Card,Delivered,West
ORD001506,CUST01889,2026-07-29,PROD0046,2,0.0,3.79,Mobile App,COD,Cancelled,North
ORD001507,CUST00973,2026-03-19,PROD0008,2,0.0,10.82,Online,Debit Card,Delivered,West
ORD001508,CUST00961,2025-11-16,PROD0038,2,0.2,14.89,Online,Wallet,Delivered,West
ORD001509,CUST01683,2025-09-09,PROD0044,6,0.05,2.02,In-Store,Credit Card,Delivered,North
ORD001510,CUST01002,2026-04-30,PROD0014,1,0.0,23.49,Online,Wallet,Delivered,South
ORD001511,CUST01383,2025-07-28,PROD0040,3,0.0,18.88,In-Store,Debit Card,Delivered,West
ORD001512,CUST01148,2026-02-10,PROD0034,2,0.15,14.67,Mobile App,Debit Card,Delivered,West
ORD001513,CUST01273,2025-08-31,PROD0074,4,0.15,20.71,Mobile App,Net Banking,Delivered,South
ORD001514,CUST00899,2026-01-28,PROD0098,1,0.15,2.0,In-Store,Net Banking,Pending,West
ORD001515,CUST00553,2026-03-29,PROD0109,6,0.0,11.92,Mobile App,Net Banking,Cancelled,East
ORD001516,CUST01215,2025-07-17,PROD0030,2,0.15,15.75,In-Store,Net Banking,Delivered,South
ORD001517,CUST00062,2026-06-08,PROD0044,6,0.0,20.72,Online,COD,Delivered,West
ORD001518,CUST00739,2026-07-02,PROD0034,1,0.25,19.59,In-Store,Debit Card,Delivered,East
ORD001519,CUST01864,2026-06-26,PROD0036,4,0.1,6.93,Mobile App,COD,Delivered,South
ORD001520,CUST00792,2025-07-18,PROD0073,3,0.0,23.52,Mobile App,Net Banking,Returned,West
ORD001521,CUST00748,2025-11-30,PROD0103,2,0.25,3.11,Online,COD,Delivered,South
ORD001522,CUST00207,2026-04-14,PROD0018,6,0.2,,Online,Credit Card,Returned,East
ORD001523,CUST01236,2025-07-13,PROD0056,3,0.15,24.27,Online,Credit Card,Delivered,North
ORD001524,CUST01295,2026-04-20,PROD0096,5,0.05,4.43,In-Store,COD,Delivered,South
ORD001525,CUST00608,2026-01-20,PROD0026,3,0.0,18.05,Online,Wallet,Delivered,North
ORD001526,CUST01419,2025-10-20,PROD0100,1,0.05,1.01,Mobile App,UPI,Delivered,East
ORD001527,CUST01894,2025-11-14,PROD0032,4,0.15,10.14,In-Store,Credit Card,Cancelled,West
ORD001528,CUST01636,2026-04-29,PROD0040,5,0.1,12.91,Mobile App,Wallet,Delivered,East
ORD001529,CUST01486,2026-06-30,PROD0025,4,0.0,14.52,Mobile App,Credit Card,Delivered,East
ORD001530,CUST01084,2026-06-14,PROD0030,6,0.25,23.4,Online,Debit Card,Returned,East
ORD001531,CUST01873,2025-07-13,PROD0017,5,0.2,16.81,In-Store,COD,Delivered,West
ORD001532,CUST01891,2025-11-16,PROD0050,6,0.0,12.03,In-Store,Wallet,Delivered,North
ORD001533,CUST00718,2025-09-22,PROD0001,2,0.0,20.24,Online,Wallet,Returned,South
ORD001534,CUST00694,2026-03-30,PROD0076,2,0.1,23.76,In-Store,Debit Card,Cancelled,South
ORD001535,CUST01280,2026-02-12,PROD0027,4,0.1,0.55,In-Store,Wallet,Delivered,South
ORD001536,CUST01066,2026-05-24,PROD0028,4,0.0,24.56,Mobile App,COD,Delivered,South
ORD001537,CUST00003,2025-08-10,PROD0063,3,0.0,2.15,In-Store,Debit Card,Delivered,South
ORD001538,CUST01898,2026-05-18,PROD0107,6,0.2,20.36,In-Store,Debit Card,Returned,North
ORD001539,CUST00009,2026-01-01,PROD0072,4,0.0,7.01,Mobile App,Net Banking,Delivered,West
ORD001540,CUST00430,2025-10-22,PROD0108,5,0.0,3.3,Online,COD,Delivered,South
ORD001541,CUST00564,2025-08-23,PROD0121,5,0.05,11.0,Online,Wallet,Delivered,East
ORD001542,CUST00765,2025-07-27,PROD0078,2,0.25,16.1,Mobile App,Wallet,Delivered,South
ORD001543,CUST00057,2026-01-27,PROD0072,0,0.25,9.52,Mobile App,Wallet,Delivered,South
ORD001544,CUST00503,2026-07-21,PROD0077,5,0.1,1.36,Mobile App,Wallet,Delivered,West
ORD001545,CUST01858,2026-07-31,PROD0100,2,0.15,14.99,Mobile App,Net Banking,Delivered,East
ORD001546,CUST00403,2025-08-28,PROD0002,4,0.0,22.56,Mobile App,Net Banking,Delivered,West
ORD001547,CUST00347,2025-07-02,PROD0102,3,0.25,9.58,Mobile App,UPI,Delivered,South
ORD001548,CUST00716,2025-07-13,PROD0067,5,0.2,5.41,Mobile App,COD,Delivered,East
ORD001549,CUST00608,2025-07-03,PROD0080,5,0.1,11.06,In-Store,Debit Card,Returned,West
ORD001550,CUST00880,2026-01-28,PROD0044,6,0.25,1.21,Online,Net Banking,Returned,East
ORD001551,CUST00554,2026-07-28,PROD0098,1,0.05,20.51,Mobile App,UPI,Returned,East
ORD001552,CUST01903,2026-01-22,PROD0038,4,0.1,20.66,Mobile App,Debit Card,Cancelled,East
ORD001553,CUST01984,2025-08-24,PROD0005,6,0.2,14.7,In-Store,Net Banking,Returned,West
ORD001554,CUST00915,2026-04-15,PROD0035,6,0.15,8.83,Mobile App,Credit Card,Pending,North
ORD001555,CUST00594,2025-07-28,PROD0122,4,0.0,19.99,Online,Net Banking,Delivered,South
ORD001556,CUST00969,2026-05-31,PROD0007,5,0.15,13.87,Online,Debit Card,Delivered,South
ORD001557,CUST01898,2025-08-26,PROD0115,3,0.3,20.65,In-Store,Debit Card,Pending,West
ORD001558,CUST00412,04-06-2026,PROD0050,0,0.25,15.79,In-Store,Credit Card,Cancelled,West
ORD001559,CUST01849,2026-01-08,PROD0076,5,0.2,19.61,Online,Credit Card,Cancelled,South
ORD001560,CUST01590,2026-06-08,PROD0064,6,0.05,14.96,Online,Debit Card,Delivered,West
ORD001561,CUST01599,2025-10-03,PROD0044,2,0.0,,In-Store,Wallet,Delivered,East
ORD001562,CUST01589,2026-04-27,PROD0050,2,0.1,23.95,In-Store,Credit Card,Delivered,North
ORD001563,CUST00421,2025-12-18,PROD0004,5,0.0,13.53,Online,UPI,Delivered,South
ORD001564,CUST01500,2026-05-23,PROD0120,6,0.3,15.13,Mobile App,UPI,Delivered,West
ORD001565,CUST00051,2026-07-04,PROD0064,1,0.0,5.51,In-Store,COD,Delivered,East
ORD001566,CUST01502,2025-10-31,PROD0076,4,0.0,15.64,Online,Wallet,Returned,West
ORD001567,CUST01353,2025-12-06,PROD0094,3,0.3,14.29,Mobile App,COD,Delivered,West
ORD001568,CUST01639,2026-02-09,PROD0039,1,0.25,4.62,Online,Wallet,Delivered,East
ORD001569,CUST01484,2026-03-14,PROD0064,1,0.1,1.49,In-Store,Credit Card,Delivered,West
ORD001570,CUST01504,2026-03-17,PROD0078,2,0.1,15.11,Mobile App,Net Banking,Delivered,West
ORD001571,CUST00280,2025-10-15,PROD0027,6,0.0,19.09,Mobile App,Debit Card,Delivered,South
ORD001572,CUST01987,2025-09-01,PROD0018,1,0.0,13.09,Mobile App,Wallet,Delivered,East
ORD001573,CUST01700,2026-03-19,PROD0106,3,0.25,5.67,Mobile App,UPI,Delivered,West
ORD001574,CUST01716,2026-05-29,PROD0030,-1,0.2,16.66,Mobile App,Credit Card,Returned,West
ORD001575,CUST01612,2026-06-17,PROD0105,3,0.2,2.0,Mobile App,COD,Delivered,West
ORD001576,CUST00985,2026-01-07,PROD0051,6,0.2,11.05,Online,Net Banking,Delivered,North
ORD001577,CUST00637,2026-03-14,PROD0043,3,0.0,4.08,In-Store,Debit Card,Delivered,East
ORD001578,CUST01216,2025-08-01,PROD0072,5,0.25,4.61,Mobile App,COD,Pending,West
ORD001579,CUST01407,2026-01-01,PROD0090,3,0.0,5.06,Mobile App,UPI,Delivered,West
ORD001580,CUST00885,2026-05-07,PROD0101,5,0.05,9.67,Mobile App,UPI,Delivered,West
ORD001581,CUST00077,2026-03-03,PROD0032,4,0.2,1.28,Online,Credit Card,Delivered,North
ORD001582,CUST00041,2025-10-08,PROD0115,6,0.05,9.94,Online,Credit Card,Returned,East
ORD001583,CUST01072,0000-00-00,PROD0064,3,0.3,12.79,In-Store,UPI,Delivered,East
ORD001584,CUST00844,2025-12-30,PROD0078,4,0.0,12.08,In-Store,UPI,Delivered,South
ORD001585,CUST01028,2025-12-10,PROD0059,4,0.3,9.57,Mobile App,Credit Card,Delivered,East
ORD001586,CUST00507,2025-12-26,PROD0085,4,0.2,20.98,Online,Net Banking,Delivered,East
ORD001587,CUST01339,2026-06-29,PROD0069,5,0.1,3.63,Online,UPI,Pending,West
ORD001588,CUST01877,2025-07-24,PROD0095,5,0.0,12.64,In-Store,Debit Card,Delivered,West
ORD001589,CUST00806,2026-05-05,PROD0103,4,0.0,1.55,Mobile App,Net Banking,Delivered,West
ORD001590,CUST00986,2026-03-26,PROD0073,1,0.25,1.78,Mobile App,Net Banking,Returned,North
ORD001591,CUST01243,2025-08-16,PROD0098,1,0.25,14.35,Online,Wallet,Cancelled,East
ORD001592,CUST01353,2026-07-04,PROD0059,2,0.05,14.15,Online,Credit Card,Returned,North
ORD001593,CUST01498,2026-01-04,PROD0102,5,0.1,21.95,In-Store,Debit Card,Cancelled,East
ORD001594,CUST00836,2026-01-30,PROD0028,2,0.2,13.95,Mobile App,Debit Card,Delivered,East
ORD001595,CUST00662,2025-07-19,PROD0031,3,0.0,23.99,Mobile App,Net Banking,Delivered,East
ORD001596,CUST01220,2025-07-08,PROD0097,6,0.15,1.22,Mobile App,UPI,Delivered,East
ORD001597,CUST00710,2025-09-20,PROD0007,3,0.05,2.45,In-Store,UPI,Delivered,South
ORD001598,CUST00543,2026-07-13,PROD0035,2,0.25,,Online,UPI,Returned,South
ORD001599,CUST01142,0000-00-00,PROD0023,5,0.25,4.63,Online,Wallet,Delivered,South
ORD001600,CUST00727,2025-09-05,PROD0044,4,0.05,13.53,In-Store,COD,Delivered,West
ORD001601,CUST01142,2025-09-04,PROD0119,4,0.15,16.14,Online,UPI,Delivered,North
ORD001602,CUST00506,2025-10-01,PROD0075,4,0.15,1.14,Online,Net Banking,Delivered,South
ORD001603,CUST00709,2026-05-07,PROD0008,4,0.0,23.65,Mobile App,Credit Card,Delivered,East
ORD001604,CUST01751,2025-10-22,PROD0095,5,0.0,21.05,Mobile App,Net Banking,Delivered,East
ORD001605,CUST01444,2026-03-16,PROD0114,3,0.25,7.42,Mobile App,Credit Card,Cancelled,North
ORD001606,CUST00905,2025-10-22,PROD0045,1,0.0,1.93,Mobile App,Debit Card,Delivered,East
ORD001607,CUST01515,2025-12-09,PROD0012,1,0.0,4.25,In-Store,Wallet,Delivered,South
ORD001608,CUST00094,2025-07-18,PROD0001,6,0.15,3.17,Mobile App,UPI,Cancelled,South
ORD001609,CUST01687,2026-01-18,PROD0021,2,0.1,3.08,Mobile App,Net Banking,Cancelled,West
ORD001610,CUST00950,2026-04-28,PROD0081,2,0.0,12.96,Online,Debit Card,Returned,West
ORD001611,CUST01736,2026-01-20,PROD0081,2,0.25,6.15,Mobile App,COD,Returned,East
ORD001612,CUST01538,2026-06-08,PROD0048,1,0.05,8.95,Online,Credit Card,Delivered,North
ORD001613,CUST01497,2025-07-31,PROD0111,2,0.0,24.74,In-Store,Wallet,Pending,West
ORD001614,CUST01133,2025-12-17,PROD0085,3,0.0,17.11,In-Store,COD,Delivered,South
ORD001615,CUST00588,2025-11-26,PROD0105,4,0.05,23.72,In-Store,UPI,Delivered,West
ORD001616,CUST00682,2026-03-28,PROD0016,1,0.2,3.56,In-Store,UPI,Delivered,East
ORD001617,CUST01382,2026-07-23,PROD0050,5,0.25,9.55,In-Store,Wallet,Cancelled,East
ORD001618,CUST00917,2026-04-23,PROD0096,4,0.05,13.87,In-Store,Debit Card,Delivered,West
ORD001619,CUST00328,2026-07-13,PROD0024,3,0.0,,Online,UPI,Delivered,East
ORD001620,CUST00268,2025-12-21,PROD0030,5,0.05,0.1,In-Store,COD,Delivered,East
ORD001621,CUST01734,2025-08-05,PROD0061,4,0.0,16.76,Online,Net Banking,Delivered,West
ORD001622,CUST00411,2025-09-18,PROD0047,5,0.0,16.05,Mobile App,Debit Card,Delivered,South
ORD001623,CUST01380,2026-05-07,PROD0086,5,0.0,10.27,In-Store,Net Banking,Delivered,South
ORD001624,CUST00112,2026-04-12,PROD0118,4,0.15,12.24,Mobile App,COD,Delivered,South
ORD001625,CUST01278,2026-06-03,PROD0004,3,0.2,10.39,Online,COD,Delivered,East
ORD001626,CUST00455,2025-12-03,PROD0056,4,0.1,0.6,Mobile App,Credit Card,Delivered,East
ORD001627,CUST00034,2025-10-16,PROD0068,5,0.15,8.38,In-Store,UPI,Delivered,East
ORD001628,CUST01159,2026-05-21,PROD0097,5,0.0,4.43,Online,Debit Card,Cancelled,South
ORD001629,CUST01807,2025-12-15,PROD0053,2,0.1,2.46,Mobile App,Wallet,Delivered,South
ORD001630,CUST01600,2026-02-28,PROD0087,6,0.25,23.92,Mobile App,Debit Card,Delivered,East
ORD001631,CUST00611,2026-02-06,PROD0077,1,0.0,14.98,Mobile App,Wallet,Delivered,North
ORD001632,CUST01514,2026-01-10,PROD0096,4,0.3,18.22,Mobile App,Wallet,Delivered,West
ORD001633,CUST01545,2026-05-12,PROD0032,3,0.1,7.88,Mobile App,Wallet,Delivered,East
ORD001634,CUST00178,2025-08-12,PROD0030,4,0.15,9.83,Mobile App,UPI,Delivered,South
ORD001635,CUST00810,2026-06-22,PROD0075,1,0.3,,Mobile App,Debit Card,Delivered,West
ORD001636,CUST01012,2026-04-26,PROD0078,2,0.05,2.42,Online,Wallet,Pending,North
ORD001637,CUST00441,2025-08-16,PROD0013,2,0.0,4.48,Mobile App,UPI,Delivered,North
ORD001638,CUST01901,2026-05-18,PROD0025,5,0.0,19.94,Online,COD,Delivered,South
ORD001639,CUST00994,2026-06-13,PROD0006,1,0.0,16.94,Online,Debit Card,Delivered,West
ORD001640,CUST01839,2026-03-05,PROD0109,1,0.15,13.67,Online,Credit Card,Delivered,West
ORD001641,CUST00012,2026-03-06,PROD0089,4,0.0,,Online,Wallet,Delivered,North
ORD001642,CUST00357,2026-02-23,PROD0121,3,0.05,23.06,In-Store,UPI,Delivered,East
ORD001643,CUST01871,2025-10-20,PROD0010,5,0.25,1.82,In-Store,UPI,Delivered,East
ORD001644,CUST01414,2026-02-08,PROD0071,1,0.0,7.02,In-Store,Credit Card,Delivered,South
ORD001645,CUST00487,2026-03-30,PROD0085,1,0.0,8.75,Mobile App,Wallet,Delivered,South
ORD001646,CUST00344,2025-11-22,PROD0015,5,0.0,19.56,In-Store,Wallet,Delivered,North
ORD001647,CUST01119,2026-01-08,PROD0030,6,0.1,24.81,Online,Wallet,Delivered,East
ORD001648,CUST00088,2025-10-04,PROD0114,4,0.0,6.02,Online,Credit Card,Delivered,North
ORD001649,CUST01855,2026-02-09,PROD0096,3,0.0,21.86,Online,Debit Card,Returned,West
ORD001650,CUST00227,0000-00-00,PROD0015,6,0.2,20.77,In-Store,COD,Cancelled,West
ORD001651,CUST01039,2026-07-13,PROD0051,-1,0.0,5.62,In-Store,Debit Card,Delivered,South
ORD001652,CUST01405,2025-07-09,PROD0104,1,0.1,9.98,In-Store,Debit Card,Delivered,North
ORD001653,CUST01069,2025-11-22,PROD0036,1,0.05,10.24,Online,Credit Card,Delivered,North
ORD001654,CUST01122,2026-02-15,PROD0038,-1,0.3,24.46,In-Store,COD,Delivered,South
ORD001655,CUST00015,2026-03-12,PROD0072,4,0.25,4.52,Mobile App,Wallet,Delivered,North
ORD001656,CUST01045,2026-05-30,PROD0030,3,0.0,19.98,In-Store,UPI,Delivered,North
ORD001657,CUST00907,2025-08-13,PROD0032,2,0.25,8.35,Mobile App,Debit Card,Delivered,North
ORD001658,CUST00222,2025-08-30,PROD0012,5,0.0,,Online,Credit Card,Cancelled,East
ORD001659,CUST01815,2025-07-15,PROD0080,2,0.3,10.5,Mobile App,Credit Card,Delivered,South
ORD001660,CUST01704,2025-12-03,PROD0035,3,0.25,14.46,In-Store,Credit Card,Delivered,West
ORD001661,CUST01869,2025-07-26,PROD0066,3,0.25,20.82,Mobile App,COD,Pending,North
ORD001662,CUST01238,2025-09-22,PROD0004,3,0.25,20.1,In-Store,Wallet,Delivered,North
ORD001663,CUST00205,2025-11-04,PROD0097,6,0.0,21.66,In-Store,UPI,Delivered,West
ORD001664,CUST00693,2026-06-21,PROD0017,4,0.0,1.49,In-Store,Net Banking,Delivered,North
ORD001665,CUST00628,2025-08-19,PROD0043,5,0.0,17.3,Online,COD,Returned,West
ORD001666,CUST00516,2026-07-24,PROD0091,2,0.05,3.5,In-Store,Debit Card,Delivered,South
ORD001667,CUST00122,2026-02-11,PROD0080,2,0.05,10.4,In-Store,Wallet,Delivered,South
ORD001668,CUST01029,2026-03-30,PROD0064,5,0.05,13.71,Online,COD,Pending,South
ORD001669,CUST01846,2025-10-19,PROD0033,3,0.0,10.07,Online,Net Banking,Delivered,West
ORD001670,CUST00787,2026-06-06,PROD0037,6,0.3,12.99,Mobile App,UPI,Delivered,West
ORD001671,CUST00711,2025-11-05,PROD0017,2,0.2,24.91,Mobile App,Debit Card,Delivered,West
ORD001672,CUST00683,2026-06-04,PROD0111,2,0.0,3.38,Online,Debit Card,Cancelled,North
ORD001673,CUST00504,2026-01-16,PROD0035,1,0.2,16.89,Online,Credit Card,Delivered,South
ORD001674,CUST01790,2025-08-17,PROD0054,6,0.15,9.9,Online,COD,Delivered,West
ORD001675,CUST00546,2025-10-02,PROD0047,2,0.0,3.33,In-Store,Wallet,Delivered,East
ORD001676,CUST00957,2025-10-13,PROD0044,3,0.0,3.97,In-Store,Net Banking,Delivered,East
ORD001677,CUST01089,2026-03-02,PROD0092,2,0.0,23.73,In-Store,Debit Card,Cancelled,East
ORD001678,CUST00228,2026-01-10,PROD0016,1,0.0,21.99,In-Store,UPI,Delivered,South
ORD001679,CUST00356,2025-11-06,PROD0033,3,0.3,22.68,In-Store,Wallet,Delivered,South
ORD001680,CUST01322,2026-05-30,PROD0073,5,0.25,24.79,Online,UPI,Delivered,North
ORD001681,CUST00452,2025-08-01,PROD0110,1,0.0,5.21,In-Store,COD,Returned,South
ORD001682,CUST01143,2026-06-17,PROD0022,1,0.25,8.89,In-Store,UPI,Delivered,North
ORD001683,CUST01852,2025-07-14,PROD0122,1,0.2,16.73,Online,Wallet,Delivered,West
ORD001684,CUST01295,2025-09-25,PROD0054,6,0.0,12.1,Online,COD,Delivered,West
ORD001685,CUST00914,2025-08-28,PROD0117,4,0.2,10.46,In-Store,Net Banking,Delivered,South
ORD001686,CUST00019,2025-08-02,PROD0055,4,0.0,8.95,Online,UPI,Delivered,East
ORD001687,CUST01490,04-24-2026,PROD0025,1,0.15,,Online,COD,Delivered,East
ORD001688,CUST01971,2026-07-25,PROD0111,4,0.3,14.39,Mobile App,Debit Card,Delivered,North
ORD001689,CUST01264,2025-09-27,PROD0071,4,0.1,4.04,In-Store,Debit Card,Delivered,West
ORD001690,CUST00536,2026-05-13,PROD0021,4,0.25,11.79,Online,Credit Card,Delivered,East
ORD001691,CUST00975,2025-08-13,PROD0029,3,0.2,,In-Store,Debit Card,Delivered,West
ORD001692,CUST01898,2025-08-04,PROD0108,3,0.0,14.26,In-Store,Wallet,Delivered,East
ORD001693,CUST01544,2026-02-19,PROD0115,6,0.2,5.25,In-Store,Wallet,Delivered,South
ORD001694,CUST01352,2026-04-30,PROD0106,3,0.25,18.56,Mobile App,Wallet,Delivered,South
ORD001695,CUST01202,2026-01-16,PROD0028,1,0.0,0.63,Mobile App,UPI,Delivered,North
ORD001696,CUST01998,12-10-2025,PROD0031,3,0.05,8.87,In-Store,COD,Delivered,South
ORD001697,CUST00031,2026-03-29,PROD0110,5,0.2,19.51,Mobile App,COD,Delivered,East
ORD001698,CUST00168,2026-06-12,PROD0103,4,0.25,14.1,Online,Credit Card,Delivered,East
ORD001699,CUST00586,2025-09-05,PROD0118,6,0.1,6.53,Online,Net Banking,Delivered,South
ORD001700,CUST01243,2025-11-20,PROD0082,3,0.15,17.37,Online,UPI,Delivered,South
ORD001701,CUST01565,2025-12-20,PROD0094,3,0.25,14.18,Mobile App,UPI,Delivered,West
ORD001702,CUST00458,2026-07-06,PROD0063,6,0.15,19.91,In-Store,Net Banking,Cancelled,East
ORD001703,CUST00678,2026-07-08,PROD0121,2,0.0,18.38,Mobile App,Net Banking,Cancelled,West
ORD001704,CUST01583,2026-02-20,PROD0022,6,0.25,15.25,Online,COD,Delivered,South
ORD001705,CUST00332,2026-05-15,PROD0027,6,0.2,12.2,Mobile App,COD,Delivered,North
ORD001706,CUST00897,2025-09-11,PROD0001,2,0.15,3.33,Online,Net Banking,Delivered,North
ORD001707,CUST01156,2025-12-23,PROD0095,1,0.1,6.53,In-Store,COD,Returned,South
ORD001708,CUST01246,2026-06-21,PROD0112,1,0.05,10.48,In-Store,COD,Delivered,East
ORD001709,CUST01532,2025-09-21,PROD0022,4,0.0,14.98,Online,UPI,Delivered,East
ORD001710,CUST01080,0000-00-00,PROD0077,2,0.2,12.84,In-Store,Net Banking,Delivered,West
ORD001711,CUST01830,2025-09-12,PROD0107,6,0.15,7.2,Online,Wallet,Delivered,North
ORD001712,CUST01650,2025-11-24,PROD0050,5,0.0,0.16,Online,Debit Card,Delivered,South
ORD001713,CUST00618,2025-08-01,PROD0032,3,0.0,12.41,In-Store,Wallet,Cancelled,West
ORD001714,CUST00966,2025-07-28,PROD0117,6,0.05,7.14,Mobile App,Net Banking,Delivered,South
ORD001715,CUST02000,2026-06-16,PROD0093,1,0.2,18.37,In-Store,COD,Returned,West
ORD001716,CUST00732,2026-02-18,PROD0045,4,0.25,0.6,In-Store,UPI,Delivered,North
ORD001717,CUST01426,2025-10-15,PROD0033,5,0.15,14.62,Online,UPI,Delivered,North
ORD001718,CUST00761,2025-08-25,PROD0027,2,0.05,23.54,Online,Credit Card,Delivered,South
ORD001719,CUST01391,2025-10-07,PROD0096,2,0.0,4.36,Online,UPI,Pending,East
ORD001720,CUST00036,2025-12-20,PROD0056,1,0.0,11.79,Online,COD,Delivered,West
ORD001721,CUST00609,2025-11-22,PROD0040,3,0.0,2.29,Mobile App,COD,Delivered,North
ORD001722,CUST00929,2026-02-01,PROD0090,5,0.1,15.64,Mobile App,COD,Delivered,South
ORD001723,CUST00707,2026-04-25,PROD0022,4,0.25,13.76,Mobile App,Credit Card,Delivered,East
ORD001724,CUST01119,2026-03-17,PROD0024,4,0.0,10.18,Mobile App,UPI,Delivered,North
ORD001725,CUST00734,2026-04-29,PROD0122,6,0.1,13.03,Online,COD,Delivered,East
ORD001726,CUST01673,2026-05-16,PROD0051,6,0.1,22.41,Mobile App,UPI,Pending,West
ORD001727,CUST00149,2025-11-06,PROD0048,2,0.0,4.91,Online,UPI,Returned,West
ORD001728,CUST01029,2026-03-11,PROD0076,3,0.0,0.56,In-Store,COD,Delivered,East
ORD001729,CUST01534,2026-07-27,PROD0120,6,0.25,21.54,Mobile App,Wallet,Delivered,West
ORD001730,CUST01859,2026-03-08,PROD0065,6,0.0,14.43,Mobile App,Credit Card,Delivered,East
ORD001731,CUST01015,2026-06-07,PROD0031,4,0.0,22.27,In-Store,Wallet,Cancelled,North
ORD001732,CUST00999,2026-06-10,PROD0076,4,0.1,,Mobile App,Debit Card,Cancelled,North
ORD001733,CUST00592,2026-01-14,PROD0083,3,0.0,20.25,Online,Wallet,Delivered,South
ORD001734,CUST00185,2025-09-03,PROD0046,4,0.3,10.74,Mobile App,Credit Card,Delivered,West
ORD001735,CUST00666,2026-03-24,PROD0047,1,0.25,18.75,In-Store,Wallet,Delivered,West
ORD001736,CUST00862,2026-01-29,PROD0120,5,0.0,22.83,Mobile App,Debit Card,Delivered,West
ORD001737,CUST00847,05-24-2026,PROD0015,5,0.15,14.3,Online,Debit Card,Delivered,East
ORD001738,CUST01047,2026-01-29,PROD0020,2,0.15,4.52,In-Store,COD,Delivered,North
ORD001739,CUST00924,2026-04-30,PROD0109,2,0.2,6.72,Mobile App,UPI,Delivered,West
ORD001740,CUST00837,2026-04-23,PROD0095,3,0.3,4.97,Online,Credit Card,Delivered,South
ORD001741,CUST00797,2025-07-30,PROD0074,4,0.1,6.17,Online,Debit Card,Delivered,North
ORD001742,CUST00831,2026-02-02,PROD0076,0,0.0,7.66,Mobile App,Credit Card,Delivered,West
ORD001743,CUST00500,2025-10-13,PROD0060,5,0.3,13.88,Mobile App,Wallet,Delivered,East
ORD001744,CUST00847,2026-06-07,PROD0025,0,0.0,14.7,In-Store,COD,Delivered,East
ORD001745,CUST01246,2026-03-09,PROD0067,4,0.1,10.66,In-Store,Credit Card,Delivered,East
ORD001746,CUST00038,2025-07-05,PROD0028,6,0.0,15.39,Online,UPI,Delivered,South
ORD001747,CUST00666,2026-06-29,PROD0017,6,0.05,2.04,Mobile App,Wallet,Delivered,East
ORD001748,CUST00498,2026-01-28,PROD0107,5,0.0,,Mobile App,Credit Card,Delivered,West
ORD001749,CUST01355,2026-06-10,PROD0009,5,0.2,4.3,Mobile App,UPI,Delivered,North
ORD001750,CUST00956,2026-06-29,PROD0063,6,0.3,12.95,Mobile App,Credit Card,Cancelled,South
ORD001751,CUST01923,2026-05-23,PROD0079,4,0.2,5.35,In-Store,COD,Delivered,North
ORD001752,CUST00574,2026-05-29,PROD0044,4,0.15,7.08,Online,Debit Card,Delivered,West
ORD001753,CUST00064,2026-05-09,PROD0107,2,0.1,10.01,Online,COD,Delivered,East
ORD001754,CUST00514,2026-05-21,PROD0095,6,0.05,20.3,In-Store,Debit Card,Cancelled,West
ORD001755,CUST01652,2026-06-18,PROD0107,4,0.15,0.35,Mobile App,Debit Card,Delivered,West
ORD001756,CUST01758,2026-03-14,PROD0099,1,0.0,16.23,In-Store,UPI,Delivered,East
ORD001757,CUST01030,2026-04-04,PROD0116,5,0.3,16.72,Online,Credit Card,Returned,North
ORD001758,CUST01177,2025-12-15,PROD0012,5,0.25,19.97,Online,COD,Delivered,West
ORD001759,CUST01441,2025-12-28,PROD0122,3,0.0,23.32,In-Store,Credit Card,Cancelled,East
ORD001760,CUST01960,2026-06-02,PROD0017,5,0.0,0.5,Mobile App,UPI,Delivered,East
ORD001761,CUST00656,2026-04-24,PROD0059,2,0.1,3.84,In-Store,COD,Returned,North
ORD001762,CUST00697,2026-07-05,PROD0003,5,0.2,22.15,Mobile App,Credit Card,Delivered,North
ORD001763,CUST00291,2026-06-23,PROD0122,3,0.25,11.46,Online,Net Banking,Delivered,East
ORD001764,CUST01187,2026-07-23,PROD0100,2,0.0,14.11,In-Store,Credit Card,Delivered,West
ORD001765,CUST00840,2025-07-16,PROD0005,1,0.15,16.58,Mobile App,Net Banking,Delivered,North
ORD001766,CUST01459,2026-02-10,PROD0028,6,0.05,16.98,Mobile App,Net Banking,Delivered,North
ORD001767,CUST00878,09-19-2025,PROD0029,5,0.2,23.29,In-Store,Debit Card,Pending,South
ORD001768,CUST01835,2026-05-28,PROD0049,3,0.3,24.92,In-Store,COD,Delivered,West
ORD001769,CUST01756,2026-05-24,PROD0042,6,0.15,18.0,In-Store,UPI,Cancelled,South
ORD001770,CUST00923,2026-04-28,PROD0026,4,0.1,7.18,Mobile App,Debit Card,Delivered,East
ORD001771,CUST00872,2026-07-07,PROD0115,5,0.15,21.99,Mobile App,Wallet,Delivered,South
ORD001772,CUST00256,2026-07-03,PROD0008,3,0.3,1.23,Online,UPI,Delivered,North
ORD001773,CUST00558,2025-09-08,PROD0064,2,0.2,5.78,Mobile App,Credit Card,Delivered,East
ORD001774,CUST01704,2026-03-22,PROD0041,1,0.1,22.43,Mobile App,COD,Delivered,North
ORD001775,CUST01064,0000-00-00,PROD0065,5,0.0,6.4,In-Store,UPI,Delivered,South
ORD001776,CUST00476,2026-05-19,PROD0105,4,0.2,5.52,Mobile App,Wallet,Pending,East
ORD001777,CUST01073,2025-08-23,PROD0029,5,0.2,3.45,Online,Credit Card,Delivered,North
ORD001778,CUST01454,2025-12-27,PROD0023,6,0.1,21.48,In-Store,Wallet,Delivered,North
ORD001779,CUST00030,2026-04-25,PROD0074,2,0.1,12.5,In-Store,Debit Card,Delivered,East
ORD001780,CUST00468,2025-08-02,PROD0098,3,0.0,16.87,Online,Debit Card,Delivered,West
ORD001781,CUST01296,2026-06-13,PROD0050,4,0.2,5.98,Online,Wallet,Delivered,East
ORD001782,CUST01676,2025-08-06,PROD0061,3,0.05,18.95,Mobile App,Debit Card,Delivered,East
ORD001783,CUST00403,2025-11-26,PROD0053,6,0.3,19.0,Online,Debit Card,Delivered,South
ORD001784,CUST01541,2026-05-21,PROD0049,6,0.0,7.81,Online,Net Banking,Delivered,North
ORD001785,CUST00456,2026-02-27,PROD0029,3,0.3,10.27,Online,Credit Card,Cancelled,West
ORD001786,CUST01215,2025-07-29,PROD0018,4,0.25,5.24,Mobile App,Wallet,Delivered,South
ORD001787,CUST00910,2026-07-26,PROD0041,2,0.0,24.41,In-Store,UPI,Delivered,South
ORD001788,CUST01002,2025-10-30,PROD0068,1,0.0,16.14,In-Store,Credit Card,Delivered,South
ORD001789,CUST00700,2025-11-14,PROD0097,4,0.0,23.36,In-Store,Credit Card,Delivered,West
ORD001790,CUST00195,2025-11-22,PROD0089,4,0.1,7.58,Mobile App,UPI,Delivered,West
ORD001791,CUST00609,2025-12-30,PROD0087,3,0.1,19.55,Mobile App,Net Banking,Delivered,East
ORD001792,CUST01672,2025-09-10,PROD0067,6,0.0,19.15,In-Store,Credit Card,Delivered,North
ORD001793,CUST01113,2025-08-27,PROD0111,4,0.05,17.29,In-Store,Credit Card,Delivered,West
ORD001794,CUST00848,2025-11-24,PROD0097,4,0.15,24.14,Mobile App,Credit Card,Pending,South
ORD001795,CUST00663,2026-03-16,PROD0090,1,0.05,9.84,Online,Debit Card,Delivered,East
ORD001796,CUST01844,2026-03-18,PROD0045,1,0.1,3.27,In-Store,Debit Card,Delivered,South
ORD001797,CUST01576,2026-04-03,PROD0042,2,0.15,16.79,In-Store,Credit Card,Delivered,East
ORD001798,CUST01097,2025-12-20,PROD0070,5,0.0,18.23,Online,Wallet,Delivered,South
ORD001799,CUST00774,2025-11-15,PROD0015,6,0.0,14.38,Mobile App,Net Banking,Delivered,West
ORD001800,CUST00948,2026-07-31,PROD0095,6,0.2,5.17,In-Store,COD,Delivered,South
ORD001801,CUST00572,2025-10-19,PROD0061,1,0.3,12.61,Mobile App,COD,Delivered,South
ORD001802,CUST01632,2026-01-28,PROD0079,5,0.05,7.8,Online,Debit Card,Delivered,East
ORD001803,CUST01544,2025-08-16,PROD0090,6,0.05,10.69,Online,COD,Delivered,South
ORD001804,CUST00700,2026-06-16,PROD0048,6,0.3,16.13,In-Store,Credit Card,Cancelled,South
ORD001805,CUST01569,2025-12-10,PROD0001,5,0.05,18.63,Online,Debit Card,Delivered,South
ORD001806,CUST00669,2025-07-15,PROD0086,2,0.2,5.81,In-Store,Net Banking,Delivered,West
ORD001807,CUST00874,2026-04-23,PROD0107,5,0.15,10.13,Mobile App,Net Banking,Delivered,South
ORD001808,CUST00354,2025-08-17,PROD0109,6,0.0,6.73,Mobile App,COD,Returned,East
ORD001809,CUST01404,2026-01-14,PROD0088,6,0.25,4.97,Mobile App,Net Banking,Delivered,North
ORD001810,CUST01621,2026-04-22,PROD0084,3,0.0,19.58,Mobile App,UPI,Delivered,South
ORD001811,CUST00602,2026-01-18,PROD0050,4,0.0,22.73,Online,Credit Card,Delivered,West
ORD001812,CUST00830,2025-09-16,PROD0040,1,0.05,9.26,Mobile App,Credit Card,Delivered,East
ORD001813,CUST00491,2026-06-07,PROD0033,5,0.0,18.78,Mobile App,Wallet,Delivered,North
ORD001814,CUST00482,2025-10-26,PROD0099,1,0.0,22.42,In-Store,COD,Delivered,South
ORD001815,CUST01093,2026-03-26,PROD0082,3,0.1,21.15,In-Store,COD,Delivered,West
ORD001816,CUST01048,2025-09-16,PROD0040,5,0.0,4.57,Mobile App,COD,Delivered,West
ORD001817,CUST00798,2026-07-10,PROD0115,4,0.0,23.91,Online,UPI,Delivered,North
ORD001818,CUST01699,2026-05-23,PROD0082,3,0.15,9.42,Mobile App,Credit Card,Returned,West
ORD001819,CUST01284,2025-09-07,PROD0063,3,0.0,8.48,Mobile App,Net Banking,Delivered,West
ORD001820,CUST01792,2025-10-22,PROD0023,2,0.2,1.56,Mobile App,UPI,Delivered,South
ORD001821,CUST00029,2026-03-26,PROD0059,3,0.1,12.15,Online,Credit Card,Delivered,North
ORD001822,CUST00500,2026-06-17,PROD0085,2,0.15,,Mobile App,Credit Card,Pending,North
ORD001823,CUST00456,2026-02-03,PROD0085,1,0.15,6.21,Online,Credit Card,Delivered,North
ORD001824,CUST01883,2025-11-08,PROD0103,3,0.0,7.92,Mobile App,Wallet,Delivered,South
ORD001825,CUST01611,09-19-2025,PROD0084,2,0.3,20.22,Online,Credit Card,Delivered,East
ORD001826,CUST01992,2025-09-10,PROD0105,4,0.3,,Online,COD,Delivered,South
ORD001827,CUST01460,2025-12-19,PROD0018,3,0.25,7.56,In-Store,Wallet,Returned,North
ORD001828,CUST01410,2025-10-27,PROD0097,3,0.05,21.47,Online,UPI,Delivered,South
ORD001829,CUST01036,2026-03-07,PROD0037,4,0.05,21.43,In-Store,Credit Card,Delivered,South
ORD001830,CUST01498,2026-03-04,PROD0072,3,0.1,19.12,In-Store,Wallet,Delivered,South
ORD001831,CUST00589,2025-10-24,PROD0072,5,0.1,3.67,In-Store,Wallet,Delivered,South
ORD001832,CUST00118,2026-04-29,PROD0097,5,0.0,17.26,In-Store,Wallet,Delivered,West
ORD001833,CUST00257,2026-06-04,PROD0117,5,0.15,23.63,Online,COD,Delivered,North
ORD001834,CUST01415,2025-07-31,PROD0030,4,0.1,17.06,Mobile App,Credit Card,Delivered,West
ORD001835,CUST01455,2025-09-02,PROD0033,3,0.0,,In-Store,COD,Delivered,East
ORD001836,CUST01599,2026-03-29,PROD0036,6,0.05,12.51,Mobile App,COD,Delivered,North
ORD001837,CUST01744,2026-02-12,PROD0113,4,0.0,16.14,In-Store,UPI,Delivered,North
ORD001838,CUST01027,2026-04-12,PROD0082,1,0.3,12.76,Online,UPI,Cancelled,South
ORD001839,CUST01190,2026-03-31,PROD0032,5,0.0,3.0,In-Store,Credit Card,Delivered,South
ORD001840,CUST01413,2026-01-19,PROD0118,6,0.25,7.8,In-Store,COD,Delivered,North
ORD001841,CUST00143,2025-10-20,PROD0059,1,0.2,20.06,In-Store,Debit Card,Delivered,North
ORD001842,CUST01700,2025-11-05,PROD0113,4,0.1,21.54,Mobile App,Debit Card,Delivered,South
ORD001843,CUST00751,2025-07-06,PROD0018,5,0.15,3.43,Mobile App,Wallet,Returned,West
ORD001844,CUST01651,2025-07-22,PROD0072,5,0.05,23.81,In-Store,Debit Card,Delivered,North
ORD001845,CUST00624,2025-08-17,PROD0059,5,0.25,8.22,In-Store,UPI,Delivered,South
ORD001846,CUST01206,2026-06-10,PROD0122,4,0.0,16.56,Mobile App,Credit Card,Delivered,West
ORD001847,CUST00689,2026-02-20,PROD0074,5,0.2,18.8,In-Store,COD,Delivered,West
ORD001848,CUST00963,2025-08-18,PROD0027,1,0.1,,In-Store,Net Banking,Returned,North
ORD001849,CUST01018,2025-07-27,PROD0114,6,0.0,23.64,In-Store,COD,Delivered,East
ORD001850,CUST01030,2025-10-18,PROD0085,6,0.0,7.82,Mobile App,COD,Delivered,North
ORD001851,CUST00948,2026-06-12,PROD0024,5,0.2,21.46,Online,COD,Delivered,North
ORD001852,CUST01879,2025-08-30,PROD0092,5,0.25,3.29,In-Store,COD,Returned,North
ORD001853,CUST01134,2025-09-13,PROD0019,4,0.3,17.63,Mobile App,Credit Card,Delivered,West
ORD001854,CUST01329,2026-07-24,PROD0022,6,0.3,18.55,In-Store,Net Banking,Pending,North
ORD001855,CUST01425,2026-05-16,PROD0045,1,0.1,16.94,Mobile App,Net Banking,Delivered,East
ORD001856,CUST01842,2025-10-07,PROD0054,2,0.1,6.31,Online,Credit Card,Delivered,East
ORD001857,CUST01275,2026-04-16,PROD0107,4,0.0,21.83,In-Store,UPI,Delivered,North
ORD001858,CUST00911,2025-11-16,PROD0048,-3,0.1,4.22,In-Store,Credit Card,Delivered,North
ORD001859,CUST01244,2025-07-27,PROD0063,3,0.0,1.34,Online,Net Banking,Delivered,South
ORD001860,CUST00626,2025-09-29,PROD0020,5,0.15,17.94,In-Store,Debit Card,Delivered,East
ORD001861,CUST00768,2026-04-28,PROD0015,5,0.0,11.89,Mobile App,Net Banking,Delivered,South
ORD001862,CUST00751,2026-01-27,PROD0066,3,0.25,21.23,In-Store,Net Banking,Delivered,South
ORD001863,CUST01203,2026-06-07,PROD0096,1,0.15,9.58,Mobile App,Debit Card,Delivered,North
ORD001864,CUST01464,2026-02-06,PROD0052,4,0.3,4.21,Online,Wallet,Delivered,East
ORD001865,CUST01954,2025-10-23,PROD0102,3,0.0,20.91,Online,Credit Card,Delivered,South
ORD001866,CUST00984,2025-08-20,PROD0100,4,0.25,13.72,Online,COD,Delivered,South
ORD001867,CUST00881,2026-02-15,PROD0028,6,0.25,4.73,Mobile App,UPI,Delivered,East
ORD001868,CUST00432,2025-09-30,PROD0066,4,0.0,18.01,Mobile App,Wallet,Delivered,West
ORD001869,CUST01512,2026-02-22,PROD0045,2,0.25,12.78,In-Store,Debit Card,Pending,West
ORD001870,CUST00863,2026-05-24,PROD0035,2,0.15,15.11,In-Store,Debit Card,Delivered,North
ORD001871,CUST01339,2025-11-22,PROD0006,4,0.3,11.52,Mobile App,Debit Card,Delivered,North
ORD001872,CUST01666,2026-01-17,PROD0024,1,0.15,20.72,In-Store,Credit Card,Delivered,North
ORD001873,CUST01579,2026-06-25,PROD0087,4,0.0,20.74,Online,Wallet,Delivered,West
ORD001874,CUST01508,2026-02-08,PROD0082,3,0.0,17.73,Online,UPI,Delivered,North
ORD001875,CUST00342,2026-06-20,PROD0121,5,0.15,2.64,Mobile App,Wallet,Delivered,North
ORD001876,CUST01981,2026-02-24,PROD0067,1,0.0,20.97,Online,UPI,Delivered,South
ORD001877,CUST00731,2025-08-29,PROD0043,4,0.3,16.78,In-Store,Debit Card,Delivered,East
ORD001878,CUST01020,2025-08-31,PROD0002,1,0.15,17.43,In-Store,Debit Card,Delivered,East
ORD001879,CUST00260,2025-07-19,PROD0099,5,0.1,9.07,Online,UPI,Returned,West
ORD001880,CUST00505,2026-06-01,PROD0041,3,0.0,21.98,In-Store,Credit Card,Delivered,South
ORD001881,CUST01949,2025-12-19,PROD0076,1,0.25,18.13,In-Store,Wallet,Pending,North
ORD001882,CUST01711,2026-04-26,PROD0023,5,0.15,2.81,In-Store,Debit Card,Delivered,East
ORD001883,CUST00327,2025-12-19,PROD0015,1,0.25,10.19,Online,UPI,Delivered,North
ORD001884,CUST01648,2026-01-20,PROD0118,4,0.0,22.16,In-Store,UPI,Delivered,South
ORD001885,CUST01386,2025-09-04,PROD0066,3,0.25,1.18,Online,Credit Card,Delivered,North
ORD001886,CUST00090,2025-09-24,PROD0100,4,0.3,24.04,Mobile App,Net Banking,Returned,East
ORD001887,CUST01832,2025-11-04,PROD0052,3,0.0,16.98,Mobile App,Credit Card,Delivered,South
ORD001888,CUST01652,2025-07-05,PROD0076,5,0.15,15.78,Mobile App,Credit Card,Delivered,North
ORD001889,CUST00052,2026-04-06,PROD0044,1,0.1,6.76,Online,Net Banking,Cancelled,North
ORD001890,CUST01314,2026-06-21,PROD0067,1,0.05,6.22,Mobile App,Wallet,Delivered,North
ORD001891,CUST01437,2026-05-21,PROD0054,1,0.0,23.55,Mobile App,UPI,Delivered,South
ORD001892,CUST01589,2026-05-22,PROD0034,3,0.25,7.46,Online,Net Banking,Delivered,East
ORD001893,CUST01676,2026-04-16,PROD0104,2,0.0,19.39,In-Store,Net Banking,Delivered,East
ORD001894,CUST00797,2026-04-26,PROD0001,6,0.0,9.83,Mobile App,Debit Card,Delivered,South
ORD001895,CUST01407,2025-08-10,PROD0046,3,0.15,3.48,In-Store,Wallet,Returned,North
ORD001896,CUST00433,2026-07-24,PROD0003,3,0.3,0.27,In-Store,Net Banking,Delivered,North
ORD001897,CUST00206,2025-12-03,PROD0051,5,0.2,13.61,In-Store,UPI,Delivered,West
ORD001898,CUST01818,2025-09-12,PROD0017,6,0.15,24.39,Online,Debit Card,Delivered,South
ORD001899,CUST01878,2025-11-16,PROD0024,5,0.2,9.23,In-Store,Credit Card,Returned,East
ORD001900,CUST00028,2026-01-02,PROD0089,3,0.0,8.93,In-Store,Net Banking,Delivered,South
ORD001901,CUST01671,2025-12-07,PROD0119,1,0.15,8.6,In-Store,Debit Card,Delivered,West
ORD001902,CUST00353,2026-03-21,PROD0002,5,0.3,13.01,In-Store,Net Banking,Delivered,West
ORD001903,CUST01950,2026-05-10,PROD0059,3,0.2,11.02,In-Store,Wallet,Delivered,South
ORD001904,CUST01856,2026-01-29,PROD0033,1,0.25,22.0,Online,Net Banking,Delivered,East
ORD001905,CUST01970,2025-12-21,PROD0101,4,0.0,12.64,Online,Net Banking,Delivered,West
ORD001906,CUST01873,2026-03-12,PROD0003,1,0.1,12.69,Online,Wallet,Delivered,East
ORD001907,CUST01803,2025-11-14,PROD0108,3,0.1,3.46,Mobile App,UPI,Delivered,North
ORD001908,CUST00884,2025-07-16,PROD0108,2,0.0,24.57,Mobile App,Wallet,Delivered,West
ORD001909,CUST00527,2026-04-20,PROD0061,4,0.25,6.25,In-Store,Wallet,Delivered,North
ORD001910,CUST01130,2026-06-30,PROD0030,1,0.0,1.83,Mobile App,UPI,Delivered,West
ORD001911,CUST01458,2026-04-12,PROD0061,1,0.3,16.58,Mobile App,UPI,Delivered,South
ORD001912,CUST01928,2026-07-18,PROD0079,2,0.05,14.88,Online,Debit Card,Delivered,East
ORD001913,CUST00742,2026-07-27,PROD0058,4,0.25,10.38,Mobile App,UPI,Delivered,North
ORD001914,CUST01917,2026-06-03,PROD0119,5,0.0,10.55,In-Store,Net Banking,Delivered,North
ORD001915,CUST01095,2025-10-25,PROD0063,2,0.2,19.63,Mobile App,Net Banking,Returned,South
ORD001916,CUST01282,2025-07-09,PROD0089,6,0.15,4.89,Mobile App,Net Banking,Delivered,East
ORD001917,CUST00364,2026-02-14,PROD0068,1,0.05,20.51,In-Store,Debit Card,Delivered,North
ORD001918,CUST01460,2025-09-15,PROD0086,3,0.0,16.22,Mobile App,Wallet,Delivered,East
ORD001919,CUST00140,2026-01-27,PROD0067,4,0.3,10.47,Mobile App,Net Banking,Cancelled,South
ORD001920,CUST00596,2026-07-03,PROD0100,1,0.15,11.45,Mobile App,UPI,Pending,South
ORD001921,CUST00355,2026-06-26,PROD0030,1,0.15,6.42,Mobile App,UPI,Pending,North
ORD001922,CUST00282,2025-08-14,PROD0052,4,0.25,18.8,Mobile App,Debit Card,Delivered,West
ORD001923,CUST01168,2025-12-28,PROD0011,5,0.25,12.82,Mobile App,COD,Delivered,South
ORD001924,CUST00062,0000-00-00,PROD0013,5,0.0,,Mobile App,UPI,Delivered,West
ORD001925,CUST01001,2026-06-07,PROD0042,1,0.15,14.9,Mobile App,UPI,Delivered,North
ORD001926,CUST00017,2026-04-16,PROD0001,4,0.0,24.89,Mobile App,UPI,Delivered,East
ORD001927,CUST01380,2026-03-21,PROD0116,2,0.0,10.88,Mobile App,UPI,Returned,West
ORD001928,CUST00407,2026-02-02,PROD0110,6,0.1,23.02,Online,UPI,Delivered,North
ORD001929,CUST01771,2026-04-27,PROD0117,6,0.0,8.63,In-Store,Debit Card,Delivered,South
ORD001930,CUST01020,2025-12-15,PROD0057,4,0.25,1.37,Online,UPI,Returned,South
ORD001931,CUST00424,2026-01-15,PROD0086,3,0.25,5.11,Online,Credit Card,Delivered,West
ORD001932,CUST01834,2026-05-03,PROD0088,1,0.25,10.47,Mobile App,Debit Card,Returned,North
ORD001933,CUST00542,2026-01-28,PROD0051,6,0.0,5.49,In-Store,Wallet,Pending,West
ORD001934,CUST01538,2026-06-08,PROD0120,2,0.0,0.01,Online,UPI,Delivered,East
ORD001935,CUST00714,2026-01-16,PROD0097,6,0.0,22.88,Online,COD,Returned,East
ORD001936,CUST01822,2026-07-02,PROD0049,3,0.25,21.1,In-Store,Debit Card,Delivered,North
ORD001937,CUST01411,2026-02-28,PROD0029,1,0.25,18.56,Mobile App,Net Banking,Delivered,West
ORD001938,CUST00776,2026-01-14,PROD0012,6,0.0,4.2,In-Store,Net Banking,Delivered,South
ORD001939,CUST01971,2026-06-02,PROD0118,2,0.2,3.01,In-Store,UPI,Delivered,East
ORD001940,CUST01714,2025-11-08,PROD0044,1,0.0,1.69,In-Store,COD,Delivered,North
ORD001941,CUST00111,2025-08-01,PROD0046,2,0.0,18.1,Mobile App,Credit Card,Delivered,North
ORD001942,CUST01719,2026-02-14,PROD0117,6,0.0,23.22,Mobile App,Credit Card,Delivered,East
ORD001943,CUST01374,2026-07-27,PROD0081,2,0.25,10.76,Online,Net Banking,Delivered,South
ORD001944,CUST01115,2026-03-05,PROD0051,2,0.15,2.98,In-Store,COD,Delivered,North
ORD001945,CUST00374,2025-12-19,PROD0089,5,0.0,12.81,Mobile App,Net Banking,Delivered,North
ORD001946,CUST01346,2025-12-14,PROD0017,5,0.25,,Mobile App,Debit Card,Delivered,North
ORD001947,CUST00537,2025-10-17,PROD0054,4,0.05,9.37,Online,Debit Card,Delivered,West
ORD001948,CUST00172,2026-07-24,PROD0089,5,0.15,15.53,Online,Wallet,Delivered,North
ORD001949,CUST01210,2026-03-27,PROD0046,6,0.15,17.97,In-Store,Credit Card,Delivered,East
ORD001950,CUST00266,2025-12-20,PROD0089,2,0.15,2.77,Mobile App,UPI,Delivered,North
ORD001951,CUST01782,2026-02-09,PROD0092,6,0.0,0.89,Online,Net Banking,Returned,South
ORD001952,CUST00213,2025-12-30,PROD0048,5,0.3,24.86,Mobile App,Debit Card,Delivered,West
ORD001953,CUST01022,2025-12-01,PROD0035,2,0.1,5.82,In-Store,UPI,Delivered,East
ORD001954,CUST00021,2025-07-18,PROD0119,2,0.05,1.35,Online,Net Banking,Pending,North
ORD001955,CUST01677,2026-03-27,PROD0120,5,0.2,4.75,In-Store,Credit Card,Delivered,East
ORD001956,CUST01152,2026-04-04,PROD0116,1,0.0,0.97,Mobile App,Net Banking,Returned,West
ORD001957,CUST00435,2026-03-07,PROD0058,3,0.2,9.8,Mobile App,Wallet,Delivered,West
ORD001958,CUST00677,2026-01-09,PROD0032,4,0.1,20.06,Online,Debit Card,Delivered,West
ORD001959,CUST00983,2026-02-12,PROD0074,5,0.05,8.53,Online,Debit Card,Cancelled,West
ORD001960,CUST00448,2025-09-26,PROD0063,5,0.15,,In-Store,Debit Card,Delivered,West
ORD001961,CUST00594,2025-11-03,PROD0002,3,0.0,16.89,In-Store,Wallet,Delivered,West
ORD001962,CUST00156,2025-09-05,PROD0035,1,0.2,12.72,In-Store,Net Banking,Delivered,South
ORD001963,CUST01243,2026-01-26,PROD0072,5,0.15,21.54,Online,COD,Delivered,West
ORD001964,CUST01080,2026-07-04,PROD0045,4,0.25,21.65,Mobile App,COD,Cancelled,East
ORD001965,CUST01254,2026-06-01,PROD0069,4,0.0,0.25,In-Store,UPI,Delivered,West
ORD001966,CUST00981,2025-08-03,PROD0033,2,0.15,19.45,In-Store,COD,Delivered,South
ORD001967,CUST00933,2026-02-10,PROD0057,1,0.3,11.52,In-Store,COD,Returned,North
ORD001968,CUST00765,2026-05-14,PROD0064,5,0.3,24.72,Mobile App,Wallet,Delivered,South
ORD001969,CUST00663,2025-09-03,PROD0076,5,0.0,12.08,Online,UPI,Delivered,North
ORD001970,CUST01494,2026-02-10,PROD0073,3,0.1,24.67,Online,Net Banking,Delivered,East
ORD001971,CUST00276,2025-10-03,PROD0025,2,0.25,18.86,Mobile App,Debit Card,Delivered,North
ORD001972,CUST00755,2026-07-26,PROD0079,2,0.05,6.22,In-Store,UPI,Returned,North
ORD001973,CUST01877,2026-04-19,PROD0001,2,0.0,13.46,Mobile App,COD,Delivered,East
ORD001974,CUST01612,2026-05-21,PROD0061,6,0.0,24.8,Online,COD,Cancelled,West
ORD001975,CUST01777,2025-11-04,PROD0056,4,0.3,21.44,In-Store,COD,Delivered,West
ORD001976,CUST02000,2026-06-02,PROD0002,4,0.15,2.43,Online,Wallet,Delivered,East
ORD001977,CUST01249,2026-01-03,PROD0115,4,0.2,17.66,Mobile App,Wallet,Delivered,North
ORD001978,CUST00303,2025-07-09,PROD0052,5,0.0,8.64,In-Store,Debit Card,Delivered,South
ORD001979,CUST01512,2025-12-24,PROD0045,2,0.1,0.17,In-Store,COD,Delivered,West
ORD001980,CUST01642,2026-02-12,PROD0082,5,0.25,10.09,In-Store,Net Banking,Delivered,West
ORD001981,CUST00675,2026-06-09,PROD0092,5,0.1,,In-Store,Debit Card,Delivered,North
ORD001982,CUST01069,2026-01-03,PROD0028,4,0.25,20.47,Mobile App,UPI,Delivered,West
ORD001983,CUST00838,2026-07-15,PROD0078,1,0.05,8.43,In-Store,COD,Delivered,South
ORD001984,CUST00058,2026-03-31,PROD0106,4,0.3,20.69,Online,COD,Returned,East
ORD001985,CUST01967,2025-10-23,PROD0093,5,0.0,0.01,Mobile App,Debit Card,Delivered,South
ORD001986,CUST01698,2026-02-28,PROD0068,-1,0.05,7.7,In-Store,Net Banking,Delivered,West
ORD001987,CUST01563,2026-04-13,PROD0067,5,0.2,6.03,Online,COD,Delivered,South
ORD001988,CUST00973,2026-04-01,PROD0062,3,0.0,5.84,In-Store,UPI,Delivered,West
ORD001989,CUST01526,2025-11-02,PROD0097,3,0.0,1.7,Mobile App,Wallet,Returned,West
ORD001990,CUST01690,2026-06-03,PROD0103,1,0.0,4.68,Mobile App,Net Banking,Delivered,North
ORD001991,CUST00433,2025-07-14,PROD0044,3,0.3,13.89,In-Store,Net Banking,Delivered,East
ORD001992,CUST00234,2026-02-27,PROD0003,1,0.0,7.28,In-Store,Credit Card,Delivered,West
ORD001993,CUST00029,2026-07-12,PROD0067,3,0.0,10.43,Mobile App,Credit Card,Delivered,North
ORD001994,CUST01327,2025-08-14,PROD0037,3,0.2,9.42,Online,Wallet,Delivered,East
ORD001995,CUST01313,2025-07-24,PROD0071,3,0.1,21.9,Mobile App,Debit Card,Delivered,West
ORD001996,CUST00788,2025-07-12,PROD0040,5,0.0,22.63,Mobile App,UPI,Delivered,East
ORD001997,CUST01885,2026-02-09,PROD0087,6,0.3,12.32,Online,Wallet,Delivered,South
ORD001998,CUST01580,2026-01-23,PROD0066,2,0.1,8.25,Mobile App,Credit Card,Delivered,South
ORD001999,CUST01325,2025-10-29,PROD0082,3,0.0,2.67,Mobile App,Wallet,Cancelled,West
ORD002000,CUST00533,2026-01-22,PROD0046,6,0.0,23.84,Online,Net Banking,Returned,North
ORD002001,CUST00855,2025-11-17,PROD0064,6,0.3,1.51,Mobile App,Debit Card,Cancelled,North
ORD002002,CUST01187,12-02-2025,PROD0065,5,0.25,7.44,In-Store,Debit Card,Delivered,North
ORD002003,CUST01866,2026-04-29,PROD0072,1,0.2,7.45,Online,Debit Card,Returned,South
ORD002004,CUST00748,2026-05-17,PROD0007,4,0.0,8.01,Online,COD,Delivered,East
ORD002005,CUST01774,2026-01-26,PROD0045,2,0.05,4.11,Online,COD,Delivered,West
ORD002006,CUST01934,2026-01-23,PROD0114,4,0.0,19.58,Mobile App,UPI,Returned,East
ORD002007,CUST00925,2026-03-08,PROD0016,1,0.3,3.06,In-Store,Debit Card,Delivered,North
ORD002008,CUST00569,2026-07-24,PROD0023,4,0.2,15.87,In-Store,Credit Card,Delivered,East
ORD002009,CUST00215,2026-02-15,PROD0048,4,0.1,3.1,Online,COD,Delivered,East
ORD002010,CUST00586,2026-06-15,PROD0094,6,0.2,1.76,In-Store,UPI,Delivered,North
ORD002011,CUST00994,2025-10-21,PROD0107,4,0.1,22.74,In-Store,Debit Card,Delivered,South
ORD002012,CUST01508,2026-04-07,PROD0022,4,0.2,4.75,In-Store,Debit Card,Cancelled,West
ORD002013,CUST00536,2025-07-02,PROD0109,4,0.0,20.53,In-Store,Credit Card,Cancelled,West
ORD002014,CUST00700,2026-06-21,PROD0050,3,0.0,13.62,Online,Net Banking,Delivered,West
ORD002015,CUST01768,2026-07-04,PROD0089,1,0.1,1.95,In-Store,UPI,Delivered,North
ORD002016,CUST01775,2026-04-21,PROD0062,3,0.15,23.89,In-Store,Credit Card,Delivered,North
ORD002017,CUST00899,2026-03-19,PROD0021,6,0.0,6.17,In-Store,Credit Card,Delivered,South
ORD002018,CUST01918,2025-10-14,PROD0014,6,0.05,21.49,Mobile App,Debit Card,Delivered,West
ORD002019,CUST00916,2025-09-20,PROD0118,2,0.2,4.22,Mobile App,COD,Delivered,West
ORD002020,CUST01730,2026-05-11,PROD0038,5,0.0,21.35,In-Store,Net Banking,Pending,West
ORD002021,CUST01251,2026-07-21,PROD0025,6,0.1,0.33,Online,Debit Card,Delivered,East
ORD002022,CUST00534,2026-05-23,PROD0091,2,0.2,12.79,Mobile App,Credit Card,Returned,East
ORD002023,CUST00383,2025-10-26,PROD0005,4,0.3,19.24,Online,Credit Card,Delivered,South
ORD002024,CUST01875,2025-08-24,PROD0027,5,0.05,23.37,Mobile App,Wallet,Delivered,South
ORD002025,CUST00216,2025-10-11,PROD0051,3,0.0,22.73,In-Store,UPI,Delivered,North
ORD002026,CUST00455,2025-09-19,PROD0065,2,0.0,20.49,Mobile App,Wallet,Delivered,East
ORD002027,CUST01115,2025-10-08,PROD0117,3,0.05,22.2,Online,UPI,Delivered,East
ORD002028,CUST01587,2025-08-14,PROD0055,5,0.0,4.98,Online,Net Banking,Delivered,South
ORD002029,CUST00290,2025-10-29,PROD0053,3,0.2,7.1,Mobile App,Debit Card,Cancelled,East
ORD002030,CUST01602,2026-03-11,PROD0071,5,0.15,7.22,Mobile App,Debit Card,Returned,West
ORD002031,CUST00124,2026-05-25,PROD0068,2,0.2,9.43,In-Store,Credit Card,Delivered,West
ORD002032,CUST01453,2026-05-11,PROD0079,4,0.0,9.83,Mobile App,Credit Card,Delivered,West
ORD002033,CUST00102,2026-05-25,PROD0069,4,0.2,13.61,Online,COD,Delivered,West
ORD002034,CUST00907,2026-04-12,PROD0029,6,0.0,4.0,In-Store,Debit Card,Delivered,West
ORD002035,CUST01235,2025-08-12,PROD0115,2,0.05,17.28,Online,Credit Card,Returned,East
ORD002036,CUST01296,2026-07-14,PROD0023,2,0.0,4.19,Mobile App,UPI,Delivered,East
ORD002037,CUST00130,2026-05-31,PROD0030,5,0.3,7.76,Online,COD,Delivered,North
ORD002038,CUST01178,2025-12-17,PROD0059,2,0.05,12.58,Mobile App,Wallet,Delivered,East
ORD002039,CUST01948,2025-11-09,PROD0109,3,0.05,19.91,In-Store,COD,Delivered,East
ORD002040,CUST00740,2025-11-27,PROD0077,1,0.2,18.49,In-Store,COD,Delivered,North
ORD002041,CUST00444,2026-03-01,PROD0052,5,0.1,16.14,In-Store,Net Banking,Cancelled,South
ORD002042,CUST00574,2026-03-02,PROD0107,3,0.15,3.89,In-Store,Net Banking,Delivered,West
ORD002043,CUST01264,2026-01-01,PROD0075,6,0.25,13.68,Online,Wallet,Delivered,West
ORD002044,CUST01448,2025-09-13,PROD0065,1,0.15,2.19,Online,UPI,Delivered,South
ORD002045,CUST00237,2025-08-26,PROD0007,3,0.2,9.43,Online,UPI,Delivered,North
ORD002046,CUST00891,2026-05-13,PROD0022,2,0.0,10.34,Online,COD,Delivered,South
ORD002047,CUST01919,2025-08-09,PROD0030,6,0.2,1.0,Online,Credit Card,Delivered,East
ORD002048,CUST00176,2025-07-27,PROD0089,2,0.0,6.85,In-Store,Credit Card,Delivered,East
ORD002049,CUST01237,2025-12-10,PROD0086,6,0.15,23.89,Mobile App,Net Banking,Delivered,North
ORD002050,CUST01635,2026-05-03,PROD0104,-1,0.2,23.84,Online,Wallet,Delivered,West
ORD002051,CUST00373,2025-10-24,PROD0034,3,0.2,8.81,Online,Debit Card,Delivered,North
ORD002052,CUST00201,2025-09-15,PROD0007,5,0.2,1.08,In-Store,COD,Delivered,West
ORD002053,CUST00913,2025-07-12,PROD0057,5,0.05,4.48,In-Store,UPI,Delivered,East
ORD002054,CUST00264,2026-04-23,PROD0092,4,0.15,9.81,In-Store,Wallet,Delivered,West
ORD002055,CUST00952,2026-06-21,PROD0121,3,0.0,23.69,Mobile App,Net Banking,Delivered,North
ORD002056,CUST00217,2026-01-22,PROD0041,5,0.0,3.53,Online,Credit Card,Delivered,South
ORD002057,CUST00747,2026-07-06,PROD0114,2,0.3,19.09,In-Store,COD,Delivered,North
ORD002058,CUST01813,2026-06-10,PROD0092,4,0.25,2.72,In-Store,Credit Card,Delivered,North
ORD002059,CUST01112,2026-06-15,PROD0046,5,0.15,24.53,In-Store,Wallet,Cancelled,South
ORD002060,CUST00826,11-08-2025,PROD0114,1,0.0,9.54,Online,COD,Delivered,North
ORD002061,CUST01091,2025-10-14,PROD0029,1,0.0,19.38,Online,Wallet,Pending,North
ORD002062,CUST00733,2026-02-18,PROD0108,2,0.25,8.56,In-Store,UPI,Delivered,North
ORD002063,CUST00266,2026-04-18,PROD0100,6,0.15,15.69,In-Store,Wallet,Delivered,West
ORD002064,CUST01782,2026-04-10,PROD0036,2,0.0,4.8,Online,UPI,Delivered,South
ORD002065,CUST00520,2025-12-03,PROD0113,6,0.0,3.65,In-Store,UPI,Returned,West
ORD002066,CUST00128,2026-02-09,PROD0083,5,0.05,23.45,In-Store,UPI,Delivered,North
ORD002067,CUST01653,2025-08-10,PROD0122,5,0.0,22.94,Mobile App,UPI,Delivered,East
ORD002068,CUST00301,2026-05-11,PROD0009,3,0.2,22.19,In-Store,UPI,Delivered,East
ORD002069,CUST00554,2025-10-05,PROD0075,2,0.2,15.64,In-Store,Credit Card,Delivered,East
ORD002070,CUST01902,2026-05-27,PROD0084,1,0.05,20.21,Online,Debit Card,Delivered,East
ORD002071,CUST01113,2026-05-25,PROD0077,2,0.0,1.73,Mobile App,Credit Card,Delivered,West
ORD002072,CUST01142,2026-04-22,PROD0103,6,0.2,8.37,Mobile App,Debit Card,Pending,East
ORD002073,CUST01001,2025-08-24,PROD0040,3,0.1,7.84,In-Store,Debit Card,Delivered,South
ORD002074,CUST01555,2026-01-07,PROD0078,6,0.25,15.89,In-Store,Credit Card,Delivered,West
ORD002075,CUST00157,2026-03-15,PROD0086,2,0.15,8.9,Mobile App,COD,Cancelled,East
ORD002076,CUST00170,2025-07-25,PROD0117,1,0.05,3.71,Mobile App,Credit Card,Delivered,West
ORD002077,CUST00735,2026-04-12,PROD0022,4,0.0,14.91,Mobile App,Credit Card,Delivered,East
ORD002078,CUST01087,2025-07-17,PROD0035,4,0.0,20.36,In-Store,Wallet,Delivered,West
ORD002079,CUST00873,2026-03-16,PROD0121,2,0.0,9.55,Mobile App,Credit Card,Delivered,East
ORD002080,CUST01000,2025-11-15,PROD0066,6,0.2,3.31,Mobile App,Net Banking,Delivered,North
ORD002081,CUST01368,2026-01-18,PROD0106,2,0.0,4.92,Online,COD,Returned,East
ORD002082,CUST01958,2026-05-05,PROD0011,5,0.0,5.94,Online,UPI,Delivered,West
ORD002083,CUST00705,2025-09-09,PROD0121,6,0.05,7.5,In-Store,Credit Card,Delivered,West
ORD002084,CUST01018,2026-06-24,PROD0084,3,0.1,16.07,Mobile App,COD,Delivered,South
ORD002085,CUST01607,2025-12-09,PROD0013,2,0.1,15.02,Mobile App,UPI,Delivered,North
ORD002086,CUST00535,2026-05-08,PROD0015,1,0.05,17.4,In-Store,Wallet,Delivered,North
ORD002087,CUST01357,2026-05-13,PROD0043,3,0.0,9.06,Mobile App,Debit Card,Delivered,East
ORD002088,CUST01177,2025-10-24,PROD0047,6,0.0,20.6,In-Store,Wallet,Cancelled,West
ORD002089,CUST01606,2026-03-11,PROD0024,6,0.2,5.1,In-Store,Debit Card,Delivered,East
ORD002090,CUST01395,2026-02-18,PROD0101,5,0.0,11.73,Online,Debit Card,Delivered,North
ORD002091,CUST00425,2025-10-31,PROD0007,1,0.0,20.02,Online,Credit Card,Delivered,South
ORD002092,CUST01182,2026-01-07,PROD0036,6,0.1,4.5,Mobile App,UPI,Delivered,North
ORD002093,CUST01857,2025-09-26,PROD0005,6,0.05,2.75,Mobile App,COD,Cancelled,East
ORD002094,CUST01702,2026-06-26,PROD0107,4,0.1,22.09,Online,Debit Card,Delivered,East
ORD002095,CUST01946,2026-04-14,PROD0015,5,0.0,8.57,In-Store,Wallet,Delivered,South
ORD002096,CUST00763,2026-01-09,PROD0014,-3,0.05,17.1,Mobile App,Debit Card,Delivered,West
ORD002097,CUST01647,2026-04-05,PROD0032,6,0.3,0.63,Mobile App,Credit Card,Delivered,East
ORD002098,CUST00458,2026-05-29,PROD0102,6,0.3,17.25,Online,COD,Delivered,East
ORD002099,CUST00064,2026-04-21,PROD0057,2,0.15,7.9,In-Store,Credit Card,Delivered,South
ORD002100,CUST01131,2025-12-30,PROD0093,5,0.05,1.39,Online,Wallet,Delivered,North
ORD002101,CUST00660,2026-06-07,PROD0008,2,0.05,15.25,Online,Wallet,Returned,East
ORD002102,CUST01508,2026-03-09,PROD0046,5,0.15,6.02,Online,COD,Delivered,East
ORD002103,CUST00069,2026-02-04,PROD0058,1,0.05,9.67,Online,COD,Delivered,West
ORD002104,CUST00478,2025-08-01,PROD0012,6,0.05,2.01,Online,Net Banking,Cancelled,North
ORD002105,CUST00452,2026-07-03,PROD0004,1,0.15,3.68,Mobile App,Debit Card,Delivered,North
ORD002106,CUST01992,2025-10-06,PROD0060,1,0.25,7.45,Online,Debit Card,Delivered,South
ORD002107,CUST00588,2025-07-15,PROD0118,5,0.0,2.24,In-Store,Net Banking,Delivered,West
ORD002108,CUST01419,2025-09-12,PROD0039,4,0.1,22.77,Online,UPI,Delivered,East
ORD002109,CUST00870,2026-03-02,PROD0121,3,0.15,0.15,In-Store,Debit Card,Delivered,North
ORD002110,CUST00246,2025-12-19,PROD0017,2,0.25,12.1,Online,COD,Pending,North
ORD002111,CUST00643,2026-05-15,PROD0090,5,0.0,3.08,Mobile App,UPI,Delivered,North
ORD002112,CUST00892,2026-04-18,PROD0042,4,0.1,7.69,Mobile App,COD,Pending,North
ORD002113,CUST00534,2026-07-09,PROD0008,3,0.0,23.15,Mobile App,UPI,Returned,East
ORD002114,CUST01612,2026-06-19,PROD0023,4,0.1,,Online,Credit Card,Delivered,West
ORD002115,CUST00050,2025-12-09,PROD0010,5,0.0,24.15,Online,UPI,Returned,North
ORD002116,CUST01291,2025-12-03,PROD0062,3,0.3,5.14,Online,Net Banking,Delivered,East
ORD002117,CUST00101,2025-11-17,PROD0002,3,0.1,,Online,UPI,Delivered,East
ORD002118,CUST01622,2026-07-01,PROD0028,3,0.25,13.67,In-Store,Wallet,Pending,West
ORD002119,CUST00291,2025-12-27,PROD0111,4,0.3,22.11,In-Store,COD,Delivered,East
ORD002120,CUST00964,2026-02-13,PROD0078,1,0.3,13.85,In-Store,Wallet,Delivered,North
ORD002121,CUST01396,2025-09-26,PROD0085,1,0.2,13.36,In-Store,Credit Card,Delivered,North
ORD002122,CUST01926,2026-01-05,PROD0003,5,0.05,4.89,In-Store,Credit Card,Delivered,East
ORD002123,CUST01988,2025-08-06,PROD0093,6,0.25,4.16,Mobile App,COD,Returned,North
ORD002124,CUST00250,2026-05-17,PROD0075,2,0.0,22.91,In-Store,COD,Delivered,South
ORD002125,CUST00600,2026-01-02,PROD0036,4,0.3,8.2,In-Store,Net Banking,Delivered,East
ORD002126,CUST00632,2026-07-25,PROD0011,5,0.0,9.3,Mobile App,Net Banking,Delivered,North
ORD002127,CUST01528,2025-08-15,PROD0088,2,0.0,19.0,Mobile App,UPI,Delivered,South
ORD002128,CUST00546,2026-04-23,PROD0118,6,0.0,8.47,In-Store,Net Banking,Returned,East
ORD002129,CUST01558,2025-07-11,PROD0111,5,0.2,23.8,Mobile App,UPI,Returned,South
ORD002130,CUST00038,2026-04-23,PROD0083,6,0.3,18.45,In-Store,Debit Card,Delivered,West
ORD002131,CUST00093,2026-01-31,PROD0042,5,0.05,14.94,Online,UPI,Cancelled,East
ORD002132,CUST01103,2025-08-27,PROD0074,5,0.2,22.02,In-Store,UPI,Delivered,West
ORD002133,CUST01232,2026-02-07,PROD0025,4,0.0,1.24,In-Store,Debit Card,Delivered,East
ORD002134,CUST00892,2025-09-03,PROD0111,6,0.05,6.43,Mobile App,COD,Cancelled,North
ORD002135,CUST00240,2026-03-29,PROD0004,4,0.25,11.63,Mobile App,UPI,Cancelled,West
ORD002136,CUST01355,2026-07-11,PROD0039,6,0.2,5.67,In-Store,COD,Delivered,West
ORD002137,CUST00114,2025-08-26,PROD0018,3,0.25,18.6,In-Store,Wallet,Delivered,North
ORD002138,CUST01702,2026-01-01,PROD0101,3,0.1,22.98,Mobile App,Wallet,Delivered,East
ORD002139,CUST01946,2026-02-20,PROD0117,2,0.05,10.59,In-Store,Wallet,Delivered,East
ORD002140,CUST01707,2025-12-20,PROD0121,6,0.25,8.55,Mobile App,COD,Delivered,East
ORD002141,CUST01841,2026-06-19,PROD0044,-1,0.0,24.04,Online,Credit Card,Delivered,South
ORD002142,CUST01172,2026-02-26,PROD0042,4,0.0,11.12,Mobile App,Net Banking,Returned,West
ORD002143,CUST01769,2025-07-31,PROD0021,5,0.1,12.23,Mobile App,Wallet,Pending,West
ORD002144,CUST01303,2025-07-12,PROD0024,4,0.3,8.79,In-Store,COD,Delivered,East
ORD002145,CUST00739,2025-11-13,PROD0006,6,0.1,22.74,Online,COD,Delivered,West
ORD002146,CUST00525,2025-08-22,PROD0018,2,0.25,14.22,In-Store,COD,Delivered,East
ORD002147,CUST00878,2026-04-15,PROD0075,5,0.05,19.05,In-Store,Credit Card,Cancelled,West
ORD002148,CUST00152,2025-09-27,PROD0045,2,0.0,20.3,In-Store,Net Banking,Delivered,North
ORD002149,CUST00044,2026-03-03,PROD0068,2,0.25,8.55,Online,Debit Card,Delivered,East
ORD002150,CUST00365,2026-07-13,PROD0107,2,0.25,10.84,In-Store,Net Banking,Returned,South
ORD002151,CUST01427,2026-07-24,PROD0049,5,0.3,,Mobile App,Net Banking,Delivered,North
ORD002152,CUST00539,2025-08-30,PROD0006,2,0.1,9.08,Online,Credit Card,Pending,South
ORD002153,CUST00732,2026-04-10,PROD0076,5,0.1,19.85,In-Store,Credit Card,Pending,South
ORD002154,CUST01235,2025-07-15,PROD0122,2,0.0,23.52,In-Store,COD,Delivered,East
ORD002155,CUST01477,2025-09-17,PROD0062,3,0.3,15.58,In-Store,Wallet,Delivered,East
ORD002156,CUST00495,2025-09-20,PROD0040,3,0.25,18.54,Mobile App,Net Banking,Delivered,East
ORD002157,CUST00973,2025-07-28,PROD0102,1,0.0,20.13,Online,Wallet,Cancelled,West
ORD002158,CUST01724,2026-04-21,PROD0043,1,0.15,21.13,In-Store,Debit Card,Delivered,West
ORD002159,CUST01440,2026-05-13,PROD0066,3,0.1,9.88,Online,Wallet,Delivered,West
ORD002160,CUST01802,2026-04-12,PROD0086,6,0.05,1.28,Mobile App,Net Banking,Cancelled,North
ORD002161,CUST00527,2025-09-26,PROD0064,4,0.3,10.05,Mobile App,COD,Returned,North
ORD002162,CUST01774,2025-07-27,PROD0080,4,0.0,16.84,In-Store,UPI,Delivered,East
ORD002163,CUST00038,2025-08-21,PROD0037,4,0.3,11.26,Online,UPI,Delivered,North
ORD002164,CUST01410,2026-02-21,PROD0032,5,0.1,18.72,In-Store,Credit Card,Pending,South
ORD002165,CUST00455,2026-02-02,PROD0103,5,0.1,8.92,In-Store,UPI,Delivered,South
ORD002166,CUST01474,2026-01-06,PROD0042,1,0.0,15.87,Mobile App,UPI,Delivered,West
ORD002167,CUST00095,2025-10-24,PROD0093,1,0.25,4.66,Mobile App,Wallet,Delivered,West
ORD002168,CUST01949,2025-11-18,PROD0004,1,0.25,18.73,In-Store,Debit Card,Delivered,North
ORD002169,CUST01220,2026-06-27,PROD0062,4,0.05,13.64,Mobile App,Wallet,Delivered,North
ORD002170,CUST01694,2025-08-20,PROD0103,3,0.2,5.1,Mobile App,Net Banking,Cancelled,South
ORD002171,CUST00428,2026-07-07,PROD0068,3,0.0,7.3,In-Store,UPI,Delivered,West
ORD002172,CUST00555,2026-01-23,PROD0032,6,0.0,18.72,In-Store,Net Banking,Delivered,East
ORD002173,CUST00067,2026-02-27,PROD0039,5,0.0,12.07,In-Store,Credit Card,Delivered,East
ORD002174,CUST01867,2026-07-18,PROD0115,1,0.15,5.4,Mobile App,COD,Delivered,South
ORD002175,CUST01550,2026-03-04,PROD0064,2,0.1,24.18,In-Store,Net Banking,Delivered,North
ORD002176,CUST00649,2025-12-15,PROD0061,5,0.15,17.88,In-Store,Credit Card,Cancelled,South
ORD002177,CUST00540,2025-09-30,PROD0085,3,0.2,23.93,Mobile App,Wallet,Delivered,North
ORD002178,CUST00327,2026-07-09,PROD0064,3,0.0,10.68,In-Store,Credit Card,Cancelled,East
ORD002179,CUST00044,2026-04-14,PROD0122,1,0.15,11.88,Online,Net Banking,Delivered,East
ORD002180,CUST01124,2025-12-29,PROD0049,1,0.2,22.45,In-Store,Credit Card,Delivered,East
ORD002181,CUST01534,2025-08-16,PROD0052,3,0.1,13.13,In-Store,Wallet,Delivered,North
ORD002182,CUST01371,2026-06-24,PROD0066,1,0.0,17.68,Mobile App,COD,Pending,South
ORD002183,CUST00293,2026-01-27,PROD0033,5,0.25,6.3,Online,COD,Delivered,North
ORD002184,CUST00161,2025-11-28,PROD0057,1,0.2,11.17,Mobile App,Credit Card,Delivered,North
ORD002185,CUST00463,2025-11-13,PROD0077,3,0.0,3.09,Mobile App,Wallet,Cancelled,West
ORD002186,CUST00941,2026-01-27,PROD0101,6,0.1,5.15,Online,UPI,Delivered,West
ORD002187,CUST01970,02-07-2026,PROD0015,6,0.25,0.02,Mobile App,Wallet,Delivered,North
ORD002188,CUST01995,2025-07-03,PROD0048,4,0.0,0.98,In-Store,COD,Delivered,West
ORD002189,CUST00190,2026-03-05,PROD0078,1,0.25,24.43,Mobile App,Debit Card,Cancelled,South
ORD002190,CUST00022,2026-04-10,PROD0122,3,0.0,6.06,Mobile App,Net Banking,Cancelled,North
ORD002191,CUST00402,2026-01-02,PROD0055,2,0.25,16.58,In-Store,UPI,Cancelled,North
ORD002192,CUST01197,2026-03-26,PROD0104,1,0.0,20.98,In-Store,UPI,Delivered,West
ORD002193,CUST00362,2026-04-29,PROD0086,5,0.3,,Online,UPI,Delivered,South
ORD002194,CUST01106,2025-08-01,PROD0005,4,0.0,3.83,Online,UPI,Delivered,North
ORD002195,CUST00816,2025-08-05,PROD0092,6,0.0,18.2,Online,COD,Delivered,East
ORD002196,CUST01842,2025-12-20,PROD0049,5,0.0,15.01,Online,COD,Delivered,South
ORD002197,CUST01529,2026-04-20,PROD0025,3,0.2,18.28,In-Store,Credit Card,Delivered,East
ORD002198,CUST01658,2025-11-02,PROD0008,4,0.05,19.24,Mobile App,Debit Card,Delivered,East
ORD002199,CUST00550,2026-01-01,PROD0003,5,0.0,24.39,Mobile App,COD,Delivered,West
ORD002200,CUST01674,2025-10-13,PROD0108,6,0.25,14.34,Mobile App,Debit Card,Delivered,East
ORD002201,CUST01106,2025-08-30,PROD0038,1,0.2,8.54,Mobile App,UPI,Pending,South
ORD002202,CUST00567,2026-06-30,PROD0056,5,0.0,16.21,Online,Debit Card,Delivered,East
ORD002203,CUST00787,2026-05-29,PROD0036,1,0.25,1.71,Mobile App,Wallet,Delivered,East
ORD002204,CUST01940,2026-05-16,PROD0041,3,0.0,22.43,Mobile App,Net Banking,Cancelled,North
ORD002205,CUST00328,2025-11-12,PROD0109,2,0.3,2.98,In-Store,COD,Delivered,North
ORD002206,CUST00243,10-05-2025,PROD0115,1,0.0,8.2,Mobile App,Net Banking,Returned,East
ORD002207,CUST00001,2026-03-09,PROD0070,4,0.3,20.39,In-Store,Debit Card,Delivered,North
ORD002208,CUST00706,2026-01-12,PROD0041,2,0.0,14.93,Online,Debit Card,Delivered,South
ORD002209,CUST00675,2026-04-01,PROD0021,3,0.0,9.84,In-Store,COD,Delivered,West
ORD002210,CUST00741,2026-04-10,PROD0016,6,0.15,,Online,Net Banking,Delivered,North
ORD002211,CUST01683,2026-03-29,PROD0038,1,0.15,21.36,Online,Debit Card,Delivered,North
ORD002212,CUST00877,2026-03-10,PROD0075,1,0.15,8.5,Mobile App,Debit Card,Delivered,South
ORD002213,CUST01830,2026-02-28,PROD0118,5,0.2,21.74,Mobile App,UPI,Delivered,West
ORD002214,CUST00418,2026-05-10,PROD0078,5,0.15,2.2,Online,COD,Pending,East
ORD002215,CUST01666,2026-01-28,PROD0109,1,0.0,19.42,Online,Debit Card,Delivered,East
ORD002216,CUST01831,2026-05-12,PROD0056,6,0.0,21.19,In-Store,Net Banking,Delivered,South
ORD002217,CUST00628,2026-02-06,PROD0116,4,0.05,4.55,Mobile App,UPI,Delivered,East
ORD002218,CUST01113,2026-01-07,PROD0075,5,0.15,10.76,In-Store,Credit Card,Returned,West
ORD002219,CUST01265,2026-06-25,PROD0071,6,0.0,4.14,Mobile App,COD,Returned,South
ORD002220,CUST01660,2025-10-31,PROD0106,1,0.0,17.67,Online,Debit Card,Cancelled,South
ORD002221,CUST01488,2025-08-23,PROD0092,0,0.15,,Mobile App,Debit Card,Delivered,East
ORD002222,CUST01903,0000-00-00,PROD0049,3,0.3,15.88,In-Store,Net Banking,Delivered,North
ORD002223,CUST00977,2026-03-13,PROD0094,4,0.0,4.91,Mobile App,Net Banking,Delivered,West
ORD002224,CUST00119,2025-10-12,PROD0108,1,0.25,5.29,Mobile App,Net Banking,Pending,South
ORD002225,CUST01633,2025-10-12,PROD0075,1,0.0,1.04,Mobile App,Debit Card,Delivered,West
ORD002226,CUST00812,2025-07-26,PROD0018,4,0.3,8.05,Online,Credit Card,Delivered,West
ORD002227,CUST01332,2025-10-05,PROD0009,5,0.0,13.99,In-Store,Net Banking,Pending,West
ORD002228,CUST01073,07-06-2025,PROD0009,4,0.3,21.45,Online,COD,Delivered,East
ORD002229,CUST01032,2026-07-08,PROD0119,3,0.1,16.67,Online,COD,Delivered,North
ORD002230,CUST01252,2026-06-12,PROD0079,2,0.1,10.88,In-Store,Net Banking,Delivered,South
ORD002231,CUST00009,2025-09-02,PROD0080,1,0.1,23.83,Mobile App,UPI,Returned,East
ORD002232,CUST01635,2025-11-09,PROD0122,4,0.0,17.98,In-Store,Net Banking,Delivered,East
ORD002233,CUST01300,2026-01-30,PROD0018,3,0.25,23.25,In-Store,Credit Card,Delivered,South
ORD002234,CUST01532,2025-08-05,PROD0094,5,0.2,13.19,In-Store,UPI,Delivered,West
ORD002235,CUST01139,2026-05-22,PROD0002,2,0.3,6.47,Mobile App,Debit Card,Delivered,South
ORD002236,CUST00260,2026-05-25,PROD0054,6,0.05,1.32,Mobile App,Net Banking,Delivered,North
ORD002237,CUST01947,2025-11-25,PROD0082,1,0.15,18.15,Online,Debit Card,Delivered,West
ORD002238,CUST01370,2025-10-11,PROD0044,3,0.0,3.03,In-Store,Debit Card,Delivered,East
ORD002239,CUST00326,2026-07-05,PROD0058,2,0.25,7.57,Online,Wallet,Cancelled,East
ORD002240,CUST00633,2026-05-29,PROD0106,4,0.0,13.31,Online,COD,Delivered,West
ORD002241,CUST01988,2025-11-07,PROD0050,1,0.25,14.11,Online,Credit Card,Delivered,West
ORD002242,CUST00704,2026-03-19,PROD0085,4,0.0,15.01,In-Store,Debit Card,Delivered,West
ORD002243,CUST00332,2026-01-22,PROD0018,5,0.0,4.16,Mobile App,COD,Delivered,East
ORD002244,CUST01059,2025-07-23,PROD0021,1,0.1,9.49,In-Store,Wallet,Returned,South
ORD002245,CUST01646,2026-04-12,PROD0026,5,0.05,15.43,Mobile App,Wallet,Delivered,West
ORD002246,CUST01515,2025-09-09,PROD0054,6,0.2,24.25,Online,Net Banking,Delivered,West
ORD002247,CUST01136,2025-08-14,PROD0007,3,0.25,18.19,Mobile App,UPI,Delivered,North
ORD002248,CUST01284,2026-06-27,PROD0047,5,0.0,23.07,Online,Wallet,Delivered,North
ORD002249,CUST01304,2026-07-09,PROD0106,4,0.1,19.06,Online,Net Banking,Cancelled,North
ORD002250,CUST01224,2025-11-23,PROD0014,1,0.0,,In-Store,COD,Delivered,East
ORD002251,CUST00197,2025-12-06,PROD0061,3,0.05,4.8,Mobile App,UPI,Cancelled,South
ORD002252,CUST00009,2026-06-01,PROD0117,4,0.0,16.67,Mobile App,UPI,Delivered,South
ORD002253,CUST01689,2025-12-22,PROD0026,5,0.25,15.58,Online,COD,Delivered,South
ORD002254,CUST00218,2025-09-19,PROD0006,4,0.2,15.06,Mobile App,COD,Delivered,West
ORD002255,CUST01870,2026-07-20,PROD0033,1,0.0,12.24,Online,Wallet,Delivered,North
ORD002256,CUST01860,2025-07-12,PROD0101,2,0.25,13.22,In-Store,Debit Card,Delivered,East
ORD002257,CUST01873,2026-07-26,PROD0046,3,0.2,8.36,Online,UPI,Pending,East
ORD002258,CUST00843,2026-03-13,PROD0002,6,0.0,12.98,Online,Net Banking,Delivered,East
ORD002259,CUST01228,2025-10-07,PROD0082,5,0.25,4.94,Mobile App,COD,Returned,South
ORD002260,CUST01617,2025-07-31,PROD0068,1,0.15,20.13,Mobile App,Debit Card,Delivered,North
ORD002261,CUST00505,2025-08-20,PROD0081,3,0.0,4.64,Online,Net Banking,Pending,West
ORD002262,CUST01470,2026-06-26,PROD0019,6,0.05,2.12,Mobile App,Wallet,Delivered,West
ORD002263,CUST00111,2026-03-26,PROD0038,4,0.1,10.91,In-Store,COD,Delivered,West
ORD002264,CUST01585,2026-07-04,PROD0038,5,0.3,16.46,Online,Net Banking,Cancelled,West
ORD002265,CUST01173,2026-02-16,PROD0057,6,0.0,10.94,Mobile App,UPI,Delivered,South
ORD002266,CUST00532,2026-05-11,PROD0017,5,0.0,6.92,Online,Debit Card,Delivered,West
ORD002267,CUST01775,2025-12-30,PROD0099,5,0.0,13.95,Online,UPI,Delivered,North
ORD002268,CUST01738,2025-07-01,PROD0107,3,0.0,8.68,Mobile App,Wallet,Delivered,East
ORD002269,CUST01579,2026-06-13,PROD0029,4,0.0,23.32,In-Store,Debit Card,Returned,East
ORD002270,CUST00849,2025-07-29,PROD0110,4,0.3,23.07,Mobile App,Debit Card,Delivered,South
ORD002271,CUST01106,2026-04-29,PROD0096,6,0.15,12.56,Mobile App,UPI,Cancelled,North
ORD002272,CUST00335,2026-07-16,PROD0010,6,0.0,8.2,Mobile App,Credit Card,Cancelled,South
ORD002273,CUST00525,2026-01-18,PROD0034,2,0.3,18.43,In-Store,Net Banking,Delivered,South
ORD002274,CUST00058,2026-07-28,PROD0057,4,0.0,0.92,Online,Net Banking,Delivered,North
ORD002275,CUST00829,2026-05-23,PROD0023,2,0.05,11.87,In-Store,Wallet,Delivered,South
ORD002276,CUST00108,2025-09-05,PROD0033,4,0.25,8.41,Mobile App,COD,Delivered,South
ORD002277,CUST01988,2026-02-11,PROD0084,5,0.15,23.01,Online,Net Banking,Delivered,West
ORD002278,CUST00549,2025-10-08,PROD0014,1,0.1,0.3,Mobile App,Net Banking,Delivered,South
ORD002279,CUST00819,2026-03-17,PROD0104,4,0.0,13.82,Online,Wallet,Delivered,North
ORD002280,CUST01902,2026-01-31,PROD0037,3,0.15,18.52,In-Store,Net Banking,Cancelled,West
ORD002281,CUST00145,2025-08-20,PROD0083,3,0.05,12.13,In-Store,Net Banking,Pending,South
ORD002282,CUST00785,2025-08-06,PROD0113,2,0.25,2.14,Online,Net Banking,Cancelled,North
ORD002283,CUST01643,2026-02-23,PROD0003,6,0.0,24.31,Online,Debit Card,Delivered,West
ORD002284,CUST01547,2025-12-05,PROD0112,5,0.3,12.95,In-Store,Credit Card,Delivered,East
ORD002285,CUST01609,2025-08-31,PROD0054,3,0.0,15.35,Online,Credit Card,Delivered,North
ORD002286,CUST00427,2025-12-17,PROD0022,4,0.2,5.92,Mobile App,Net Banking,Delivered,South
ORD002287,CUST00367,2026-06-28,PROD0051,4,0.2,12.09,Mobile App,Wallet,Delivered,East
ORD002288,CUST01556,2025-10-08,PROD0102,6,0.0,10.73,Online,Net Banking,Delivered,North
ORD002289,CUST01334,2026-02-13,PROD0039,5,0.0,1.87,In-Store,Wallet,Delivered,North
ORD002290,CUST01177,2026-04-30,PROD0098,4,0.15,2.65,Mobile App,COD,Delivered,East
ORD002291,CUST00915,2026-06-08,PROD0121,-3,0.0,20.94,Mobile App,Credit Card,Cancelled,West
ORD002292,CUST00121,2025-10-26,PROD0042,4,0.0,6.0,Mobile App,Credit Card,Returned,South
ORD002293,CUST01089,2025-12-26,PROD0056,1,0.05,4.87,In-Store,Debit Card,Pending,West
ORD002294,CUST01949,2025-12-29,PROD0117,3,0.15,12.62,Online,Net Banking,Delivered,West
ORD002295,CUST00112,2026-07-08,PROD0092,4,0.0,19.22,In-Store,Debit Card,Delivered,North
ORD002296,CUST00776,2026-07-29,PROD0089,2,0.15,1.55,In-Store,COD,Delivered,West
ORD002297,CUST00617,2026-01-02,PROD0011,2,0.25,14.42,Online,UPI,Delivered,East
ORD002298,CUST01605,0000-00-00,PROD0039,6,0.05,2.98,In-Store,Wallet,Delivered,East
ORD002299,CUST01948,2026-06-25,PROD0107,1,0.0,0.91,In-Store,Debit Card,Cancelled,West
ORD002300,CUST01222,2025-10-21,PROD0001,1,0.1,1.32,In-Store,Wallet,Delivered,West
ORD002301,CUST01777,2025-09-15,PROD0008,1,0.2,20.85,In-Store,Credit Card,Cancelled,North
ORD002302,CUST01782,2026-02-07,PROD0059,4,0.05,2.95,Online,UPI,Delivered,East
ORD002303,CUST00883,2025-08-30,PROD0087,6,0.25,1.13,Online,Credit Card,Delivered,East
ORD002304,CUST01126,2026-01-28,PROD0060,5,0.2,10.95,In-Store,Net Banking,Delivered,North
ORD002305,CUST01004,2025-09-15,PROD0070,5,0.3,21.1,Mobile App,UPI,Delivered,West
ORD002306,CUST01274,2026-04-15,PROD0052,5,0.05,6.56,Mobile App,Wallet,Delivered,West
ORD002307,CUST00480,2025-09-29,PROD0002,3,0.0,10.54,Online,Net Banking,Delivered,North
ORD002308,CUST01664,2025-12-14,PROD0025,3,0.15,,Online,COD,Delivered,South
ORD002309,CUST01499,2026-07-08,PROD0067,1,0.2,11.23,Online,UPI,Delivered,South
ORD002310,CUST01248,2026-03-31,PROD0083,3,0.2,14.44,Online,Wallet,Delivered,North
ORD002311,CUST01603,2026-02-01,PROD0028,1,0.0,14.27,Mobile App,Credit Card,Delivered,West
ORD002312,CUST01339,2026-05-24,PROD0107,5,0.05,8.31,Mobile App,Credit Card,Delivered,North
ORD002313,CUST00902,2026-06-29,PROD0077,5,0.0,7.89,Online,UPI,Delivered,East
ORD002314,CUST00202,2025-11-22,PROD0078,1,0.3,2.67,Online,Net Banking,Delivered,South
ORD002315,CUST01405,2026-03-11,PROD0021,1,0.0,9.17,In-Store,Net Banking,Delivered,North
ORD002316,CUST01694,2026-05-16,PROD0119,4,0.0,2.49,Mobile App,Credit Card,Returned,East
ORD002317,CUST00797,2025-12-05,PROD0013,4,0.2,19.16,Online,COD,Delivered,South
ORD002318,CUST01985,2026-05-08,PROD0004,1,0.25,24.16,In-Store,Wallet,Delivered,East
ORD002319,CUST01402,2026-04-10,PROD0076,6,0.25,24.25,Mobile App,UPI,Delivered,South
ORD002320,CUST00133,2025-11-23,PROD0096,1,0.05,21.63,Mobile App,COD,Delivered,East
ORD002321,CUST01251,2026-04-28,PROD0039,4,0.0,15.02,Mobile App,COD,Delivered,North
ORD002322,CUST00744,2026-05-09,PROD0010,3,0.05,17.52,Mobile App,Net Banking,Delivered,North
ORD002323,CUST01711,2025-09-08,PROD0018,4,0.1,7.13,Online,COD,Returned,West
ORD002324,CUST00339,2026-06-23,PROD0055,1,0.1,15.77,Mobile App,Debit Card,Delivered,East
ORD002325,CUST00373,2026-07-15,PROD0012,2,0.1,11.39,Online,Net Banking,Delivered,North
ORD002326,CUST01377,2025-08-31,PROD0048,3,0.1,12.05,Online,Debit Card,Delivered,East
ORD002327,CUST00029,2026-01-05,PROD0065,2,0.05,18.94,Online,Net Banking,Delivered,North
ORD002328,CUST01470,2026-02-22,PROD0029,2,0.0,7.05,Online,UPI,Delivered,South
ORD002329,CUST01815,2025-08-19,PROD0056,5,0.25,7.95,In-Store,COD,Delivered,North
ORD002330,CUST00531,2026-03-09,PROD0110,2,0.0,23.12,Mobile App,UPI,Delivered,North
ORD002331,CUST01758,2025-12-04,PROD0087,2,0.1,1.41,Mobile App,Debit Card,Delivered,South
ORD002332,CUST01777,2026-01-04,PROD0094,5,0.0,12.14,Mobile App,COD,Delivered,West
ORD002333,CUST01483,2026-07-21,PROD0028,6,0.3,22.82,In-Store,Credit Card,Delivered,East
ORD002334,CUST01920,2025-12-28,PROD0091,6,0.0,15.26,Mobile App,Credit Card,Pending,West
ORD002335,CUST01303,2026-01-08,PROD0121,1,0.05,13.66,In-Store,Wallet,Delivered,South
ORD002336,CUST00692,2025-12-01,PROD0097,3,0.25,6.24,In-Store,Wallet,Delivered,West
ORD002337,CUST01204,2025-10-17,PROD0069,1,0.25,8.58,In-Store,Credit Card,Delivered,East
ORD002338,CUST00155,2025-11-05,PROD0103,5,0.3,21.3,Online,Wallet,Delivered,South
ORD002339,CUST01532,2026-06-03,PROD0047,4,0.15,13.98,Online,Wallet,Delivered,West
ORD002340,CUST00317,2025-11-16,PROD0121,3,0.15,12.87,Online,Debit Card,Delivered,South
ORD002341,CUST01408,2025-11-21,PROD0094,3,0.0,2.49,In-Store,Credit Card,Delivered,North
ORD002342,CUST01493,2026-02-15,PROD0056,6,0.2,0.4,Mobile App,Net Banking,Cancelled,South
ORD002343,CUST01084,2026-05-06,PROD0026,3,0.2,24.09,Mobile App,Wallet,Delivered,South
ORD002344,CUST01422,2025-08-06,PROD0024,5,0.2,,In-Store,Net Banking,Delivered,West
ORD002345,CUST00738,2025-08-24,PROD0049,2,0.05,15.08,Mobile App,UPI,Delivered,West
ORD002346,CUST00151,2025-09-29,PROD0018,1,0.2,1.99,Online,UPI,Delivered,North
ORD002347,CUST01562,2026-06-12,PROD0004,5,0.3,17.08,Mobile App,Credit Card,Delivered,North
ORD002348,CUST00053,2026-02-21,PROD0032,5,0.05,23.31,In-Store,Net Banking,Delivered,East
ORD002349,CUST01706,2026-04-12,PROD0063,3,0.1,14.39,Online,Credit Card,Cancelled,South
ORD002350,CUST00436,2026-02-06,PROD0111,6,0.25,3.15,Mobile App,Debit Card,Delivered,North
ORD002351,CUST00478,2026-07-02,PROD0066,6,0.0,14.54,In-Store,Wallet,Delivered,West
ORD002352,CUST01612,2026-04-18,PROD0034,3,0.2,19.16,Online,Credit Card,Delivered,North
ORD002353,CUST00188,2025-08-03,PROD0092,6,0.25,10.16,Mobile App,Debit Card,Delivered,South
ORD002354,CUST00118,2026-01-14,PROD0017,6,0.2,,Mobile App,Debit Card,Delivered,North
ORD002355,CUST01441,2026-03-08,PROD0032,4,0.0,16.22,Online,COD,Cancelled,North
ORD002356,CUST00050,2025-08-10,PROD0110,5,0.0,22.48,In-Store,Credit Card,Delivered,South
ORD002357,CUST00705,2026-02-18,PROD0029,4,0.0,,Online,Credit Card,Delivered,North
ORD002358,CUST01777,2026-02-21,PROD0082,2,0.0,3.28,Online,Debit Card,Delivered,North
ORD002359,CUST01159,2025-08-08,PROD0084,4,0.0,,Mobile App,Credit Card,Cancelled,East
ORD002360,CUST01443,2025-07-03,PROD0031,3,0.2,5.04,In-Store,Credit Card,Returned,West
ORD002361,CUST01426,2025-09-12,PROD0092,2,0.1,22.72,Mobile App,Net Banking,Delivered,South
ORD002362,CUST00230,2026-06-19,PROD0052,3,0.05,19.01,Mobile App,Debit Card,Delivered,East
ORD002363,CUST00073,2025-08-04,PROD0113,5,0.0,16.91,In-Store,Wallet,Delivered,East
ORD002364,CUST00113,2025-08-21,PROD0111,6,0.2,7.52,Mobile App,Debit Card,Delivered,North
ORD002365,CUST01394,2026-03-02,PROD0054,6,0.15,4.6,In-Store,UPI,Delivered,North
ORD002366,CUST00742,2025-10-22,PROD0062,2,0.3,18.91,In-Store,Debit Card,Delivered,North
ORD002367,CUST01132,2026-04-28,PROD0039,5,0.0,,Online,COD,Delivered,West
ORD002368,CUST01328,2026-03-07,PROD0016,1,0.2,5.64,In-Store,COD,Delivered,North
ORD002369,CUST00739,2025-10-24,PROD0066,6,0.15,15.42,Mobile App,Wallet,Delivered,East
ORD002370,CUST00217,2026-01-15,PROD0098,3,0.0,1.01,Mobile App,Net Banking,Delivered,South
ORD002371,CUST01122,09-25-2025,PROD0120,4,0.0,8.15,Mobile App,Credit Card,Delivered,North
ORD002372,CUST00704,2026-05-01,PROD0016,4,0.0,11.71,Mobile App,Net Banking,Returned,West
ORD002373,CUST01814,2026-02-22,PROD0051,3,0.1,3.7,Mobile App,Debit Card,Delivered,East
ORD002374,CUST01523,2025-10-09,PROD0112,6,0.2,24.62,Mobile App,Net Banking,Cancelled,West
ORD002375,CUST00165,09-23-2025,PROD0114,1,0.3,5.23,Online,Debit Card,Delivered,East
ORD002376,CUST01609,2025-10-25,PROD0019,4,0.0,3.26,Mobile App,Wallet,Returned,West
ORD002377,CUST00132,2025-08-28,PROD0111,5,0.1,5.09,In-Store,UPI,Delivered,East
ORD002378,CUST01473,2025-07-08,PROD0075,1,0.0,19.23,In-Store,UPI,Delivered,East
ORD002379,CUST01216,2026-02-03,PROD0033,3,0.25,10.64,Online,COD,Delivered,North
ORD002380,CUST01321,0000-00-00,PROD0067,5,0.1,14.14,Online,UPI,Delivered,East
ORD002381,CUST01008,2026-02-12,PROD0008,2,0.25,0.53,In-Store,Credit Card,Delivered,East
ORD002382,CUST01522,2025-09-25,PROD0012,2,0.0,0.86,In-Store,COD,Delivered,South
ORD002383,CUST00545,0000-00-00,PROD0087,5,0.0,11.15,Online,Credit Card,Delivered,West
ORD002384,CUST00913,2026-05-11,PROD0025,5,0.0,20.42,Mobile App,Debit Card,Delivered,West
ORD002385,CUST01199,2026-05-13,PROD0055,1,0.3,22.13,Mobile App,Wallet,Pending,West
ORD002386,CUST00569,2025-08-25,PROD0093,1,0.2,2.17,In-Store,COD,Delivered,West
ORD002387,CUST01888,2026-04-11,PROD0046,4,0.0,13.46,Online,Wallet,Delivered,East
ORD002388,CUST01808,2025-11-04,PROD0002,5,0.0,22.83,Mobile App,Net Banking,Returned,West
ORD002389,CUST00220,08-31-2025,PROD0033,5,0.15,9.7,Online,Net Banking,Delivered,South
ORD002390,CUST01378,2025-12-13,PROD0112,2,0.0,20.74,Mobile App,Net Banking,Delivered,East
ORD002391,CUST00715,2026-04-15,PROD0024,1,0.3,3.34,Mobile App,Debit Card,Cancelled,North
ORD002392,CUST01109,2025-12-21,PROD0029,4,0.0,23.38,Online,Debit Card,Delivered,East
ORD002393,CUST01214,2025-07-10,PROD0019,4,0.25,18.79,Mobile App,Wallet,Returned,North
ORD002394,CUST00072,07-12-2026,PROD0078,1,0.0,23.53,In-Store,COD,Delivered,East
ORD002395,CUST00239,2025-12-26,PROD0114,3,0.2,16.92,In-Store,Debit Card,Delivered,West
ORD002396,CUST01896,2026-02-27,PROD0082,6,0.0,9.09,In-Store,Wallet,Cancelled,West
ORD002397,CUST01154,2026-03-11,PROD0049,3,0.25,23.45,Online,Wallet,Delivered,South
ORD002398,CUST00088,2026-07-02,PROD0025,2,0.05,6.89,Mobile App,Wallet,Delivered,North
ORD002399,CUST00544,2025-12-15,PROD0009,3,0.0,8.3,Mobile App,Debit Card,Delivered,North
ORD002400,CUST01598,2026-02-15,PROD0065,6,0.0,17.52,In-Store,COD,Cancelled,North
ORD002401,CUST01285,2026-05-25,PROD0012,4,0.15,19.13,Mobile App,Credit Card,Delivered,North
ORD002402,CUST00905,2025-09-20,PROD0033,2,0.2,23.24,Mobile App,Wallet,Delivered,South
ORD002403,CUST00395,2026-03-31,PROD0037,2,0.3,5.12,Online,Debit Card,Delivered,West
ORD002404,CUST00134,2026-07-02,PROD0014,4,0.0,19.95,Mobile App,UPI,Delivered,South
ORD002405,CUST01537,2025-07-13,PROD0030,3,0.25,18.46,Mobile App,UPI,Delivered,East
ORD002406,CUST00398,2025-12-13,PROD0009,4,0.25,1.59,Mobile App,Credit Card,Delivered,East
ORD002407,CUST01779,2026-04-30,PROD0083,4,0.0,,Mobile App,Net Banking,Delivered,South
ORD002408,CUST01823,2025-07-24,PROD0014,5,0.25,7.07,In-Store,UPI,Returned,North
ORD002409,CUST01041,2026-03-23,PROD0088,1,0.1,7.61,Mobile App,Credit Card,Delivered,South
ORD002410,CUST01602,2025-11-22,PROD0022,4,0.0,24.57,In-Store,Credit Card,Delivered,East
ORD002411,CUST00161,2026-06-20,PROD0034,5,0.2,16.07,Mobile App,Debit Card,Delivered,North
ORD002412,CUST00015,2025-10-06,PROD0040,2,0.05,17.94,In-Store,Credit Card,Delivered,North
ORD002413,CUST00823,2026-05-25,PROD0037,6,0.0,24.42,In-Store,COD,Delivered,South
ORD002414,CUST00197,2026-07-07,PROD0027,5,0.2,9.43,Online,Wallet,Delivered,South
ORD002415,CUST00154,2026-06-23,PROD0047,4,0.3,20.05,In-Store,Debit Card,Delivered,South
ORD002416,CUST00815,2026-01-03,PROD0063,5,0.0,10.86,Online,COD,Delivered,South
ORD002417,CUST00932,2025-11-03,PROD0052,1,0.25,21.74,Online,Debit Card,Delivered,East
ORD002418,CUST00146,2026-05-03,PROD0001,4,0.1,4.52,In-Store,Wallet,Delivered,North
ORD002419,CUST00910,2026-01-30,PROD0079,1,0.3,23.69,Mobile App,Debit Card,Delivered,East
ORD002420,CUST01624,2026-05-21,PROD0024,1,0.0,5.47,In-Store,Wallet,Pending,North
ORD002421,CUST01586,2025-11-18,PROD0054,3,0.15,8.16,Mobile App,Net Banking,Delivered,South
ORD002422,CUST01761,2025-09-28,PROD0087,2,0.3,18.9,Online,UPI,Delivered,South
ORD002423,CUST01391,2025-10-27,PROD0074,6,0.3,,In-Store,COD,Delivered,North
ORD002424,CUST00002,2025-11-19,PROD0033,1,0.3,15.21,In-Store,COD,Delivered,South
ORD002425,CUST00915,2025-07-20,PROD0040,2,0.0,11.11,Mobile App,UPI,Delivered,South
ORD002426,CUST00454,2026-02-15,PROD0103,5,0.0,18.56,Online,COD,Delivered,West
ORD002427,CUST01446,2025-07-13,PROD0031,2,0.15,5.71,In-Store,Net Banking,Delivered,North
ORD002428,CUST00515,2026-02-04,PROD0083,4,0.2,1.46,Online,COD,Delivered,South
ORD002429,CUST00176,2026-06-11,PROD0116,6,0.15,7.5,Mobile App,UPI,Delivered,East
ORD002430,CUST00283,2026-03-04,PROD0089,6,0.3,11.86,Mobile App,UPI,Pending,South
ORD002431,CUST00393,2026-01-28,PROD0057,6,0.3,4.2,In-Store,UPI,Delivered,South
ORD002432,CUST00665,2025-10-06,PROD0001,4,0.0,8.87,Online,UPI,Cancelled,West
ORD002433,CUST00355,2026-03-12,PROD0080,2,0.25,10.0,In-Store,Net Banking,Delivered,North
ORD002434,CUST00427,2026-01-20,PROD0098,0,0.25,1.43,Online,Net Banking,Delivered,South
ORD002435,CUST00524,2026-03-18,PROD0012,6,0.1,14.58,Mobile App,Debit Card,Delivered,North
ORD002436,CUST00847,2026-03-20,PROD0100,3,0.0,,Online,Net Banking,Cancelled,West
ORD002437,CUST00424,2025-07-02,PROD0087,6,0.05,3.79,Online,Debit Card,Delivered,East
ORD002438,CUST01847,2025-07-17,PROD0006,4,0.1,14.95,Online,COD,Delivered,East
ORD002439,CUST01138,2026-01-03,PROD0010,3,0.05,16.62,Online,Wallet,Returned,West
ORD002440,CUST01822,2026-06-08,PROD0044,1,0.2,10.48,In-Store,COD,Delivered,East
ORD002441,CUST01696,2025-08-29,PROD0015,0,0.2,17.53,In-Store,Wallet,Returned,East
ORD002442,CUST00337,2025-10-08,PROD0038,4,0.0,10.27,In-Store,Wallet,Delivered,West
ORD002443,CUST01415,2026-06-25,PROD0115,5,0.05,12.62,In-Store,Net Banking,Pending,East
ORD002444,CUST00391,2026-02-20,PROD0035,3,0.0,0.18,Online,COD,Delivered,South
ORD002445,CUST01206,2025-10-29,PROD0122,5,0.1,17.29,In-Store,Net Banking,Delivered,North
ORD002446,CUST01552,2026-04-06,PROD0041,6,0.0,16.53,Mobile App,Net Banking,Delivered,North
ORD002447,CUST01079,2025-11-26,PROD0057,2,0.05,0.96,In-Store,UPI,Delivered,West
ORD002448,CUST00324,2025-08-31,PROD0084,2,0.0,9.21,Mobile App,Net Banking,Delivered,North
ORD002449,CUST00174,2026-05-04,PROD0102,3,0.0,24.48,Online,UPI,Pending,East
ORD002450,CUST00974,2025-12-17,PROD0024,5,0.0,10.52,In-Store,COD,Delivered,West
ORD002451,CUST00714,2025-09-06,PROD0058,1,0.05,12.55,Mobile App,Debit Card,Delivered,North
ORD002452,CUST00484,2026-05-28,PROD0052,1,0.0,22.75,In-Store,COD,Delivered,West
ORD002453,CUST01474,2026-03-07,PROD0122,5,0.05,17.93,Online,UPI,Returned,West
ORD002454,CUST01597,2026-03-03,PROD0058,1,0.25,14.55,Mobile App,Credit Card,Cancelled,North
ORD002455,CUST01280,2026-05-06,PROD0114,3,0.0,19.95,Mobile App,UPI,Returned,South
ORD002456,CUST00572,2026-04-13,PROD0016,5,0.25,21.61,Online,Wallet,Delivered,West
ORD002457,CUST01195,2025-11-16,PROD0051,5,0.3,11.42,Mobile App,Credit Card,Delivered,West
ORD002458,CUST01419,2026-03-23,PROD0031,5,0.1,11.88,In-Store,Net Banking,Delivered,East
ORD002459,CUST00382,2026-05-09,PROD0059,3,0.1,9.65,Online,COD,Delivered,East
ORD002460,CUST01233,2025-11-17,PROD0043,2,0.2,24.17,In-Store,COD,Cancelled,South
ORD002461,CUST00504,2026-04-08,PROD0079,1,0.0,17.43,Online,UPI,Delivered,North
ORD002462,CUST00848,2025-10-31,PROD0067,2,0.0,2.08,Mobile App,Net Banking,Delivered,North
ORD002463,CUST01825,2026-04-13,PROD0093,3,0.25,21.57,In-Store,UPI,Delivered,South
ORD002464,CUST00807,2026-04-21,PROD0122,5,0.0,12.01,In-Store,Net Banking,Returned,West
ORD002465,CUST00982,2026-06-20,PROD0100,6,0.05,1.72,In-Store,Credit Card,Delivered,South
ORD002466,CUST00827,2026-01-25,PROD0116,4,0.3,13.74,Online,Debit Card,Delivered,West
ORD002467,CUST01638,2025-10-15,PROD0053,1,0.05,10.43,Online,UPI,Delivered,West
ORD002468,CUST00567,0000-00-00,PROD0073,3,0.15,21.94,In-Store,COD,Delivered,East
ORD002469,CUST01978,2025-10-24,PROD0073,3,0.05,5.1,Mobile App,UPI,Delivered,South
ORD002470,CUST01737,2025-08-25,PROD0010,4,0.3,20.66,Mobile App,Debit Card,Returned,South
ORD002471,CUST01207,2025-11-08,PROD0021,2,0.0,13.94,Online,UPI,Delivered,West
ORD002472,CUST00858,0000-00-00,PROD0077,6,0.3,1.37,Online,Credit Card,Returned,South
ORD002473,CUST00558,2025-10-20,PROD0115,3,0.1,,Online,UPI,Delivered,East
ORD002474,CUST00855,2026-03-21,PROD0109,6,0.25,12.82,Online,Wallet,Cancelled,West
ORD002475,CUST00464,2026-02-15,PROD0031,6,0.05,7.27,In-Store,COD,Returned,East
ORD002476,CUST01973,09-18-2025,PROD0049,5,0.15,11.74,Online,COD,Returned,South
ORD002477,CUST00577,2026-04-21,PROD0009,6,0.0,21.45,Online,Debit Card,Delivered,East
ORD002478,CUST00755,2025-08-02,PROD0106,4,0.0,7.62,Online,Debit Card,Delivered,West
ORD002479,CUST01350,2026-01-06,PROD0103,3,0.0,4.82,Online,Debit Card,Delivered,East
ORD002480,CUST01383,2026-07-13,PROD0007,4,0.2,3.23,Online,Net Banking,Pending,South
ORD002481,CUST01695,2026-06-27,PROD0043,5,0.1,7.45,Online,UPI,Returned,East
ORD002482,CUST01092,2025-10-01,PROD0086,6,0.2,19.5,In-Store,Wallet,Delivered,West
ORD002483,CUST01038,2026-06-21,PROD0037,1,0.05,11.79,Mobile App,COD,Cancelled,North
ORD002484,CUST01267,2025-11-03,PROD0012,3,0.25,5.69,Mobile App,Wallet,Delivered,East
ORD002485,CUST01376,2026-06-23,PROD0120,2,0.0,4.15,In-Store,UPI,Delivered,East
ORD002486,CUST01279,2025-08-09,PROD0122,4,0.2,8.32,Mobile App,UPI,Delivered,West
ORD002487,CUST00647,2025-10-20,PROD0069,2,0.0,23.5,In-Store,COD,Delivered,East
ORD002488,CUST00035,2025-11-16,PROD0008,2,0.15,8.58,Mobile App,Debit Card,Delivered,South
ORD002489,CUST00031,2025-08-25,PROD0113,1,0.3,24.7,In-Store,Wallet,Delivered,North
ORD002490,CUST01528,2025-07-20,PROD0080,3,0.05,12.13,Online,COD,Delivered,East
ORD002491,CUST01485,2026-06-14,PROD0049,6,0.15,4.48,Online,Net Banking,Delivered,West
ORD002492,CUST00450,2026-01-07,PROD0107,3,0.25,22.28,Online,Net Banking,Delivered,East
ORD002493,CUST01034,2025-10-15,PROD0066,5,0.0,11.51,In-Store,COD,Delivered,South
ORD002494,CUST01487,2026-03-29,PROD0112,1,0.15,17.74,Mobile App,Debit Card,Delivered,South
ORD002495,CUST00741,2025-07-07,PROD0081,1,0.3,24.59,Mobile App,Net Banking,Cancelled,East
ORD002496,CUST01544,2026-01-23,PROD0038,6,0.0,1.25,In-Store,COD,Delivered,East
ORD002497,CUST00917,2026-06-13,PROD0013,6,0.05,2.42,Mobile App,Wallet,Delivered,East
ORD002498,CUST01361,2026-03-24,PROD0017,3,0.3,18.01,Online,COD,Delivered,South
ORD002499,CUST00427,2025-07-24,PROD0075,5,0.25,7.05,Online,Wallet,Delivered,East
ORD002500,CUST00611,2026-03-30,PROD0081,4,0.0,4.61,In-Store,UPI,Delivered,West
ORD002501,CUST01534,2025-10-29,PROD0087,5,0.3,0.98,Online,Credit Card,Delivered,North
ORD002502,CUST01988,2026-07-23,PROD0084,4,0.0,0.55,Online,Wallet,Delivered,East
ORD002503,CUST00861,2025-09-03,PROD0036,1,0.2,19.36,In-Store,Credit Card,Pending,West
ORD002504,CUST00277,2026-06-21,PROD0090,3,0.15,3.36,Mobile App,Credit Card,Delivered,North
ORD002505,CUST00792,2026-06-16,PROD0011,2,0.0,11.69,Mobile App,Net Banking,Delivered,North
ORD002506,CUST01009,2025-12-17,PROD0038,5,0.0,15.15,Online,Wallet,Delivered,West
ORD002507,CUST01645,2026-06-30,PROD0038,2,0.3,10.71,Online,Net Banking,Cancelled,South
ORD002508,CUST01515,2025-08-19,PROD0033,2,0.1,0.68,In-Store,COD,Delivered,West
ORD002509,CUST00929,2025-07-25,PROD0068,1,0.05,19.59,Mobile App,Net Banking,Delivered,East
ORD002510,CUST00053,2025-09-01,PROD0065,1,0.0,0.26,Mobile App,UPI,Delivered,North
ORD002511,CUST00556,2026-07-07,PROD0060,1,0.15,19.05,Mobile App,Wallet,Delivered,East
ORD002512,CUST01816,2026-04-03,PROD0029,4,0.25,22.33,Mobile App,Debit Card,Delivered,West
ORD002513,CUST01909,2026-07-08,PROD0078,5,0.1,10.82,Online,Credit Card,Cancelled,South
ORD002514,CUST00824,2026-07-16,PROD0041,4,0.3,13.39,Online,Debit Card,Delivered,North
ORD002515,CUST01254,2025-11-25,PROD0105,2,0.05,,Mobile App,Debit Card,Delivered,West
ORD002516,CUST00537,07-17-2025,PROD0058,2,0.25,9.73,In-Store,Debit Card,Cancelled,West
ORD002517,CUST00700,2025-11-26,PROD0011,1,0.05,22.19,Online,COD,Cancelled,South
ORD002518,CUST00184,2026-05-21,PROD0061,2,0.15,22.35,Online,COD,Pending,South
ORD002519,CUST01994,2025-07-15,PROD0108,1,0.1,8.4,Mobile App,Wallet,Delivered,West
ORD002520,CUST00624,2026-06-21,PROD0090,2,0.3,,Online,Credit Card,Delivered,East
ORD002521,CUST00274,2026-06-14,PROD0057,4,0.0,23.17,Online,Wallet,Delivered,North
ORD002522,CUST01844,2025-07-01,PROD0055,1,0.25,24.05,Online,UPI,Delivered,East
ORD002523,CUST00026,2025-09-16,PROD0058,4,0.25,12.72,Online,COD,Delivered,West
ORD002524,CUST01816,2025-11-18,PROD0031,6,0.0,11.32,In-Store,Net Banking,Cancelled,West
ORD002525,CUST00703,2026-04-08,PROD0023,2,0.1,6.97,In-Store,COD,Delivered,West
ORD002526,CUST01662,2026-04-02,PROD0097,5,0.25,23.97,Online,Wallet,Cancelled,East
ORD002527,CUST01333,2025-08-15,PROD0032,4,0.0,3.57,Mobile App,COD,Delivered,North
ORD002528,CUST01979,2025-08-21,PROD0008,6,0.15,14.5,Mobile App,COD,Cancelled,North
ORD002529,CUST01293,2025-12-27,PROD0095,1,0.2,7.06,Online,Debit Card,Delivered,East
ORD002530,CUST00188,2026-03-07,PROD0047,2,0.2,6.98,Mobile App,Wallet,Delivered,East
ORD002531,CUST00188,2026-06-17,PROD0051,2,0.3,10.12,Online,Wallet,Cancelled,North
ORD002532,CUST01425,2026-02-08,PROD0094,6,0.0,24.97,In-Store,COD,Delivered,South
ORD002533,CUST01309,2025-07-14,PROD0067,5,0.15,1.37,Online,UPI,Returned,East
ORD002534,CUST01911,2026-04-17,PROD0067,2,0.3,14.46,In-Store,COD,Delivered,South
ORD002535,CUST00870,2025-11-23,PROD0060,3,0.1,2.06,In-Store,Debit Card,Delivered,West
ORD002536,CUST00268,2026-07-17,PROD0078,1,0.1,3.86,Mobile App,Debit Card,Delivered,South
ORD002537,CUST00688,2026-07-09,PROD0014,4,0.0,10.99,In-Store,Wallet,Delivered,North
ORD002538,CUST00898,2026-04-11,PROD0062,3,0.0,12.76,Online,Debit Card,Delivered,South
ORD002539,CUST00806,2025-12-20,PROD0052,2,0.3,6.47,Online,UPI,Delivered,North
ORD002540,CUST01465,2026-05-15,PROD0024,6,0.25,7.91,Online,UPI,Delivered,West
ORD002541,CUST00760,2026-03-22,PROD0010,1,0.0,2.17,In-Store,Credit Card,Delivered,South
ORD002542,CUST01283,2026-05-19,PROD0107,3,0.25,,In-Store,Credit Card,Delivered,East
ORD002543,CUST00860,2026-02-11,PROD0040,3,0.0,24.16,Mobile App,COD,Delivered,North
ORD002544,CUST01015,2025-10-24,PROD0069,2,0.25,23.62,Online,Debit Card,Delivered,East
ORD002545,CUST01692,2026-04-03,PROD0103,2,0.15,8.37,Mobile App,Net Banking,Delivered,North
ORD002546,CUST00869,2026-06-05,PROD0090,3,0.1,14.27,In-Store,UPI,Delivered,East
ORD002547,CUST00600,2025-08-20,PROD0087,5,0.0,22.74,In-Store,Debit Card,Delivered,North
ORD002548,CUST00642,2026-05-19,PROD0067,5,0.05,0.15,In-Store,UPI,Delivered,North
ORD002549,CUST01004,2026-06-11,PROD0090,4,0.0,20.27,Online,UPI,Delivered,East
ORD002550,CUST00578,2025-10-08,PROD0035,-3,0.0,23.71,In-Store,Net Banking,Returned,East
ORD002551,CUST01989,2025-07-08,PROD0113,1,0.0,2.28,Mobile App,Net Banking,Delivered,South
ORD002552,CUST01565,2026-04-16,PROD0050,4,0.0,4.04,In-Store,Net Banking,Delivered,North
ORD002553,CUST01683,2025-09-18,PROD0054,2,0.1,24.02,Mobile App,UPI,Delivered,South
ORD002554,CUST00366,03-26-2026,PROD0053,2,0.2,13.44,Online,Credit Card,Delivered,East
ORD002555,CUST01048,2026-04-23,PROD0002,6,0.3,0.35,Online,Wallet,Delivered,North
ORD002556,CUST01773,2025-12-18,PROD0068,4,0.3,6.44,Mobile App,COD,Delivered,South
ORD002557,CUST01759,2025-07-27,PROD0070,2,0.0,11.25,Online,COD,Delivered,South
ORD002558,CUST00802,2025-09-24,PROD0022,6,0.2,17.32,Online,UPI,Delivered,East
ORD002559,CUST01718,2026-06-22,PROD0100,5,0.0,18.33,Mobile App,Debit Card,Delivered,South
ORD002560,CUST00838,2026-05-14,PROD0028,6,0.0,24.89,In-Store,Net Banking,Delivered,South
ORD002561,CUST01580,2025-12-04,PROD0115,6,0.05,7.19,Mobile App,Net Banking,Delivered,East
ORD002562,CUST01529,2026-05-12,PROD0030,5,0.0,13.46,Online,UPI,Delivered,East
ORD002563,CUST01342,2026-02-19,PROD0028,2,0.05,13.33,Mobile App,Net Banking,Cancelled,North
ORD002564,CUST01137,2026-02-08,PROD0063,5,0.15,10.14,In-Store,Debit Card,Delivered,South
ORD002565,CUST01793,2026-04-27,PROD0087,3,0.0,4.23,Mobile App,UPI,Delivered,West
ORD002566,CUST01221,2026-04-16,PROD0100,6,0.0,24.44,Mobile App,Net Banking,Delivered,North
ORD002567,CUST01152,2025-11-18,PROD0122,3,0.0,21.33,Mobile App,Credit Card,Delivered,South
ORD002568,CUST00528,2026-03-20,PROD0006,5,0.25,12.46,Online,Net Banking,Returned,West
ORD002569,CUST01721,2025-10-03,PROD0003,5,0.15,15.08,In-Store,Wallet,Delivered,North
ORD002570,CUST00165,2025-07-29,PROD0073,6,0.25,5.68,In-Store,UPI,Returned,East
ORD002571,CUST01678,2026-02-14,PROD0116,2,0.0,13.59,Mobile App,UPI,Returned,West
ORD002572,CUST01493,0000-00-00,PROD0002,6,0.2,17.37,Online,Credit Card,Delivered,North
ORD002573,CUST00601,2025-09-04,PROD0080,4,0.1,12.88,Mobile App,Wallet,Delivered,West
ORD002574,CUST01419,2026-06-13,PROD0006,2,0.15,24.76,In-Store,Wallet,Delivered,South
ORD002575,CUST00969,2025-12-05,PROD0089,4,0.15,15.28,In-Store,Debit Card,Cancelled,West
ORD002576,CUST01089,2026-03-06,PROD0028,4,0.0,9.27,In-Store,COD,Delivered,North
ORD002577,CUST01313,2026-05-13,PROD0059,6,0.2,19.3,In-Store,Wallet,Delivered,North
ORD002578,CUST00316,03-16-2026,PROD0021,3,0.0,4.26,Online,Credit Card,Delivered,West
ORD002579,CUST01587,2025-12-24,PROD0084,2,0.2,9.61,Online,Net Banking,Cancelled,West
ORD002580,CUST01043,2025-12-24,PROD0053,3,0.15,8.67,Mobile App,UPI,Pending,East
ORD002581,CUST01026,2025-07-13,PROD0062,4,0.1,10.8,Mobile App,Debit Card,Delivered,East
ORD002582,CUST00722,2026-03-19,PROD0034,2,0.0,19.54,In-Store,Wallet,Delivered,South
ORD002583,CUST01302,2025-10-31,PROD0081,5,0.0,12.1,Mobile App,UPI,Delivered,North
ORD002584,CUST01365,2025-11-24,PROD0096,6,0.15,19.85,In-Store,Debit Card,Delivered,West
ORD002585,CUST01210,2025-07-21,PROD0051,3,0.0,14.41,Mobile App,Credit Card,Delivered,West
ORD002586,CUST01178,2026-01-03,PROD0068,3,0.1,8.55,Online,Wallet,Delivered,South
ORD002587,CUST00166,2025-11-25,PROD0067,6,0.25,20.25,Online,Credit Card,Delivered,West
ORD002588,CUST01700,2026-02-12,PROD0034,4,0.05,5.96,Mobile App,Net Banking,Pending,East
ORD002589,CUST01175,2026-05-06,PROD0099,1,0.05,5.61,In-Store,COD,Delivered,South
ORD002590,CUST00435,2026-05-22,PROD0092,4,0.3,12.61,Mobile App,COD,Delivered,North
ORD002591,CUST01982,2026-06-24,PROD0094,6,0.25,6.52,In-Store,Net Banking,Delivered,East
ORD002592,CUST00138,2025-10-05,PROD0116,5,0.15,0.23,Mobile App,COD,Cancelled,North
ORD002593,CUST00860,2026-05-24,PROD0003,3,0.0,16.21,In-Store,UPI,Delivered,West
ORD002594,CUST00619,2025-12-01,PROD0119,6,0.3,12.78,In-Store,Net Banking,Delivered,West
ORD002595,CUST00852,2026-02-02,PROD0067,3,0.0,11.14,Online,Debit Card,Delivered,South
ORD002596,CUST01882,2026-02-16,PROD0040,1,0.05,24.17,Online,Debit Card,Delivered,East
ORD002597,CUST00115,2025-12-15,PROD0096,2,0.15,14.28,Online,UPI,Delivered,West
ORD002598,CUST00426,2025-08-09,PROD0043,4,0.25,21.59,Online,UPI,Delivered,West
ORD002599,CUST00526,2025-10-11,PROD0082,6,0.05,3.49,Online,Debit Card,Delivered,North
ORD002600,CUST01701,2025-07-23,PROD0038,1,0.25,14.23,In-Store,Debit Card,Delivered,West
ORD002601,CUST00751,2025-07-02,PROD0051,6,0.05,21.7,In-Store,Credit Card,Delivered,South
ORD002602,CUST00678,2026-04-30,PROD0020,6,0.0,14.58,Online,UPI,Delivered,North
ORD002603,CUST00196,2025-11-15,PROD0061,6,0.15,17.95,Online,Wallet,Delivered,West
ORD002604,CUST00348,2026-03-17,PROD0050,3,0.1,9.3,Online,Wallet,Returned,South
ORD002605,CUST00346,2026-07-05,PROD0033,3,0.25,2.31,Online,UPI,Returned,East
ORD002606,CUST01256,2025-10-30,PROD0003,4,0.0,11.45,Online,UPI,Delivered,South
ORD002607,CUST01008,2026-02-28,PROD0005,6,0.1,9.86,In-Store,COD,Delivered,South
ORD002608,CUST01137,2025-10-21,PROD0009,3,0.3,21.68,Mobile App,Debit Card,Delivered,South
ORD002609,CUST00087,2026-05-10,PROD0006,4,0.2,6.1,In-Store,Wallet,Delivered,South
ORD002610,CUST00796,2025-10-12,PROD0001,1,0.0,24.17,Mobile App,Wallet,Delivered,East
ORD002611,CUST00032,2025-11-06,PROD0043,3,0.25,23.95,In-Store,Wallet,Cancelled,East
ORD002612,CUST00662,2025-12-13,PROD0069,5,0.0,6.19,In-Store,Net Banking,Delivered,South
ORD002613,CUST00126,2025-09-22,PROD0052,3,0.1,8.7,Online,Wallet,Delivered,North
ORD002614,CUST00505,2025-07-20,PROD0049,5,0.0,22.39,Online,UPI,Delivered,North
ORD002615,CUST00223,2025-12-02,PROD0018,2,0.0,24.17,Online,Debit Card,Delivered,West
ORD002616,CUST01905,2026-06-13,PROD0043,1,0.0,11.09,In-Store,Debit Card,Delivered,South
ORD002617,CUST00115,2025-09-26,PROD0002,1,0.0,8.02,Online,Credit Card,Delivered,West
ORD002618,CUST00483,2026-03-27,PROD0043,2,0.0,13.15,Online,Wallet,Delivered,West
ORD002619,CUST01994,2026-04-17,PROD0049,2,0.0,17.19,Online,Wallet,Pending,West
ORD002620,CUST01000,2025-10-03,PROD0103,6,0.1,6.84,In-Store,UPI,Delivered,West
ORD002621,CUST00008,2026-02-20,PROD0071,3,0.0,18.41,Online,Credit Card,Delivered,North
ORD002622,CUST00264,2026-05-02,PROD0063,2,0.05,1.29,Online,Credit Card,Delivered,East
ORD002623,CUST01910,2026-02-02,PROD0118,6,0.0,1.23,Online,COD,Delivered,South
ORD002624,CUST01772,2025-11-27,PROD0059,5,0.25,9.66,Online,Net Banking,Delivered,South
ORD002625,CUST01217,2026-06-19,PROD0021,5,0.1,8.84,Online,Debit Card,Pending,South
ORD002626,CUST00335,2025-10-09,PROD0028,1,0.15,7.89,In-Store,Net Banking,Pending,West
ORD002627,CUST01676,2025-09-13,PROD0109,1,0.1,12.28,Online,Wallet,Delivered,East
ORD002628,CUST00318,2025-12-01,PROD0033,3,0.0,8.02,In-Store,COD,Delivered,North
ORD002629,CUST01429,2026-03-25,PROD0083,6,0.05,4.81,In-Store,Credit Card,Delivered,South
ORD002630,CUST00722,2026-06-21,PROD0119,6,0.25,7.74,Online,UPI,Delivered,South
ORD002631,CUST00164,2025-10-15,PROD0094,4,0.15,24.37,Mobile App,Credit Card,Delivered,North
ORD002632,CUST00708,2026-04-23,PROD0008,3,0.25,10.28,Mobile App,Wallet,Pending,East
ORD002633,CUST00988,2026-03-02,PROD0001,2,0.05,,Mobile App,COD,Returned,North
ORD002634,CUST00935,2026-04-12,PROD0037,3,0.1,14.41,In-Store,Wallet,Delivered,East
ORD002635,CUST01955,2025-09-25,PROD0083,1,0.05,24.58,In-Store,UPI,Delivered,West
ORD002636,CUST00682,2026-04-19,PROD0105,2,0.0,6.04,Online,Wallet,Delivered,East
ORD002637,CUST01791,2026-05-17,PROD0048,1,0.0,17.03,In-Store,Wallet,Delivered,East
ORD002638,CUST01040,2025-08-06,PROD0004,6,0.2,17.9,Mobile App,Net Banking,Cancelled,North
ORD002639,CUST00869,2026-07-14,PROD0106,4,0.0,15.18,In-Store,Debit Card,Cancelled,East
ORD002640,CUST01742,2026-07-24,PROD0093,6,0.2,2.21,Mobile App,Debit Card,Delivered,West
ORD002641,CUST01855,2026-05-21,PROD0115,2,0.0,16.92,Online,COD,Delivered,South
ORD002642,CUST01728,2026-06-30,PROD0120,1,0.0,1.6,In-Store,Net Banking,Delivered,North
ORD002643,CUST00382,2026-05-13,PROD0021,6,0.0,14.9,In-Store,Debit Card,Delivered,West
ORD002644,CUST00898,2025-11-19,PROD0084,3,0.25,18.49,Mobile App,Wallet,Delivered,East
ORD002645,CUST01350,2025-09-22,PROD0095,6,0.05,5.27,Online,COD,Delivered,North
ORD002646,CUST01987,2026-07-10,PROD0038,1,0.1,21.04,Mobile App,Credit Card,Delivered,East
ORD002647,CUST01338,2025-09-04,PROD0003,6,0.1,0.76,Online,UPI,Delivered,North
ORD002648,CUST01409,2025-07-28,PROD0010,6,0.0,21.1,Mobile App,UPI,Returned,South
ORD002649,CUST01819,2025-07-16,PROD0034,5,0.2,11.51,Online,Debit Card,Delivered,West
ORD002650,CUST01640,2025-07-21,PROD0045,3,0.05,5.44,In-Store,Credit Card,Delivered,East
ORD002651,CUST00032,2026-07-08,PROD0099,4,0.0,3.34,In-Store,COD,Pending,East
ORD002652,CUST00148,2026-05-28,PROD0043,1,0.05,23.83,In-Store,Credit Card,Delivered,North
ORD002653,CUST01595,2025-11-14,PROD0030,4,0.0,1.82,Mobile App,COD,Delivered,East
ORD002654,CUST00525,2025-09-01,PROD0027,6,0.25,4.98,In-Store,Net Banking,Delivered,North
ORD002655,CUST00522,2025-07-19,PROD0090,6,0.15,,In-Store,Debit Card,Pending,East
ORD002656,CUST00153,2025-10-19,PROD0024,6,0.05,15.51,Online,Credit Card,Delivered,East
ORD002657,CUST01532,2026-07-11,PROD0023,6,0.15,13.62,In-Store,Credit Card,Delivered,West
ORD002658,CUST01936,2026-07-04,PROD0030,6,0.0,3.14,Online,COD,Delivered,North
ORD002659,CUST01210,2026-04-25,PROD0013,5,0.0,7.24,Mobile App,UPI,Delivered,North
ORD002660,CUST00227,2026-05-01,PROD0102,5,0.25,5.97,Mobile App,Debit Card,Delivered,South
ORD002661,CUST01769,2026-03-22,PROD0116,3,0.15,5.34,In-Store,Net Banking,Delivered,East
ORD002662,CUST00874,2025-11-13,PROD0034,3,0.0,10.28,Mobile App,Debit Card,Delivered,West
ORD002663,CUST01800,2026-05-17,PROD0011,4,0.1,17.6,Online,UPI,Delivered,South
ORD002664,CUST00556,2026-04-16,PROD0025,2,0.25,5.44,Online,Wallet,Delivered,West
ORD002665,CUST00137,2026-03-12,PROD0002,2,0.25,9.17,In-Store,Credit Card,Delivered,South
ORD002666,CUST00171,2025-11-06,PROD0092,5,0.05,9.77,Mobile App,Debit Card,Delivered,North
ORD002667,CUST01621,2025-12-29,PROD0056,2,0.0,24.41,In-Store,Credit Card,Cancelled,West
ORD002668,CUST01981,2026-05-26,PROD0042,1,0.0,23.87,Mobile App,Credit Card,Delivered,West
ORD002669,CUST00858,2026-05-26,PROD0122,4,0.3,20.0,Mobile App,COD,Delivered,North
ORD002670,CUST00370,2025-07-11,PROD0085,1,0.0,6.04,Mobile App,Wallet,Pending,West
ORD002671,CUST00855,2026-01-17,PROD0030,2,0.0,1.7,Online,Debit Card,Cancelled,East
ORD002672,CUST01623,2025-07-23,PROD0092,6,0.25,7.92,In-Store,UPI,Delivered,North
ORD002673,CUST00089,2026-05-29,PROD0054,1,0.0,6.67,Mobile App,Net Banking,Delivered,North
ORD002674,CUST01973,2026-06-20,PROD0048,5,0.15,12.65,In-Store,UPI,Delivered,North
ORD002675,CUST00856,2026-04-26,PROD0009,3,0.0,19.44,In-Store,Credit Card,Delivered,South
ORD002676,CUST00189,2026-05-02,PROD0075,5,0.0,21.46,Online,Wallet,Delivered,East
ORD002677,CUST00030,2026-05-09,PROD0031,2,0.3,21.12,Online,Credit Card,Delivered,East
ORD002678,CUST00892,2026-04-15,PROD0057,6,0.0,8.99,In-Store,UPI,Delivered,North
ORD002679,CUST00216,2025-11-20,PROD0043,4,0.05,17.18,In-Store,UPI,Delivered,South
ORD002680,CUST00807,2025-09-29,PROD0005,1,0.05,7.82,Online,Net Banking,Delivered,West
ORD002681,CUST00967,2026-03-11,PROD0122,4,0.15,1.52,In-Store,Debit Card,Delivered,East
ORD002682,CUST01226,2025-08-08,PROD0120,2,0.25,17.54,Online,COD,Delivered,North
ORD002683,CUST01106,2025-09-26,PROD0012,5,0.0,0.25,Online,Credit Card,Delivered,South
ORD002684,CUST00830,2025-07-03,PROD0002,2,0.0,10.23,Mobile App,Wallet,Delivered,West
ORD002685,CUST00821,2025-12-25,PROD0052,5,0.15,8.23,Online,Net Banking,Delivered,West
ORD002686,CUST00592,2025-11-11,PROD0096,5,0.05,17.33,Mobile App,Wallet,Returned,West
ORD002687,CUST01413,2026-07-03,PROD0108,6,0.0,19.16,In-Store,Debit Card,Delivered,North
ORD002688,CUST00782,2025-12-22,PROD0003,6,0.0,7.6,Mobile App,Debit Card,Delivered,East
ORD002689,CUST01204,2026-01-28,PROD0041,3,0.0,20.29,In-Store,Net Banking,Delivered,West
ORD002690,CUST01370,2025-11-06,PROD0075,5,0.05,7.35,In-Store,UPI,Delivered,North
ORD002691,CUST00173,2026-03-30,PROD0101,2,0.3,11.16,Mobile App,UPI,Delivered,South
ORD002692,CUST00774,2026-07-10,PROD0099,2,0.25,18.18,Mobile App,Wallet,Delivered,North
ORD002693,CUST00907,2026-03-20,PROD0051,3,0.25,17.32,Online,Credit Card,Delivered,South
ORD002694,CUST01910,2026-05-31,PROD0076,6,0.0,24.68,Online,Wallet,Delivered,East
ORD002695,CUST01617,2025-09-19,PROD0115,3,0.0,5.63,Online,Credit Card,Delivered,West
ORD002696,CUST00041,2026-03-09,PROD0049,1,0.2,16.56,In-Store,UPI,Delivered,West
ORD002697,CUST00739,2026-03-15,PROD0071,6,0.15,15.24,Online,Net Banking,Delivered,East
ORD002698,CUST01283,2025-11-06,PROD0044,1,0.1,22.88,Online,Wallet,Delivered,West
ORD002699,CUST00799,2025-10-08,PROD0078,2,0.2,3.91,Online,Net Banking,Delivered,East
ORD002700,CUST00829,2025-11-28,PROD0102,4,0.0,18.79,In-Store,Debit Card,Delivered,South
ORD002701,CUST01231,2025-08-09,PROD0103,2,0.0,14.21,Online,Net Banking,Delivered,East
ORD002702,CUST00128,2026-06-27,PROD0066,4,0.0,6.87,Mobile App,Wallet,Cancelled,South
ORD002703,CUST01323,2025-11-19,PROD0096,1,0.3,11.86,In-Store,UPI,Delivered,North
ORD002704,CUST01007,2026-03-18,PROD0097,4,0.0,8.34,Mobile App,UPI,Delivered,East
ORD002705,CUST00410,2025-07-13,PROD0077,3,0.0,14.48,In-Store,Wallet,Delivered,North
ORD002706,CUST00071,2026-02-12,PROD0100,4,0.15,22.23,In-Store,Debit Card,Pending,East
ORD002707,CUST01336,2026-03-05,PROD0029,6,0.2,14.23,In-Store,COD,Delivered,West
ORD002708,CUST01566,2025-08-04,PROD0107,3,0.0,15.79,Online,COD,Delivered,South
ORD002709,CUST01576,2026-05-12,PROD0102,4,0.1,12.97,Mobile App,Debit Card,Pending,East
ORD002710,CUST00332,2026-05-31,PROD0090,3,0.0,1.28,In-Store,Wallet,Delivered,West
ORD002711,CUST01009,2026-02-28,PROD0086,4,0.2,,In-Store,Credit Card,Delivered,East
ORD002712,CUST01386,2025-07-14,PROD0066,1,0.0,12.3,Online,Wallet,Delivered,West
ORD002713,CUST00981,2025-09-03,PROD0049,2,0.3,7.76,In-Store,UPI,Delivered,South
ORD002714,CUST01815,2025-11-30,PROD0025,4,0.1,4.54,In-Store,UPI,Delivered,North
ORD002715,CUST01321,2025-09-04,PROD0099,2,0.15,12.6,In-Store,UPI,Delivered,South
ORD002716,CUST00516,2026-06-07,PROD0044,3,0.25,8.07,Mobile App,UPI,Delivered,East
ORD002717,CUST00740,2026-04-26,PROD0080,5,0.05,6.45,In-Store,UPI,Delivered,East
ORD002718,CUST00680,2026-05-18,PROD0033,2,0.1,11.6,In-Store,COD,Returned,East
ORD002719,CUST01152,2026-03-16,PROD0094,6,0.0,3.33,Mobile App,COD,Delivered,South
ORD002720,CUST00301,2026-02-14,PROD0111,2,0.15,23.19,Mobile App,COD,Delivered,East
ORD002721,CUST00270,2026-07-29,PROD0106,2,0.1,21.69,Mobile App,Net Banking,Delivered,West
ORD002722,CUST00125,2026-07-03,PROD0020,3,0.0,17.69,Mobile App,UPI,Cancelled,North
ORD002723,CUST00096,2025-12-02,PROD0070,5,0.3,2.66,Mobile App,COD,Delivered,East
ORD002724,CUST00719,2026-06-02,PROD0058,2,0.25,19.4,Mobile App,COD,Delivered,North
ORD002725,CUST01517,2025-12-22,PROD0063,1,0.2,20.2,Online,COD,Returned,North
ORD002726,CUST01431,2025-10-29,PROD0082,6,0.0,19.19,Online,Credit Card,Delivered,North
ORD002727,CUST01382,2026-01-20,PROD0085,6,0.0,2.85,In-Store,Net Banking,Delivered,West
ORD002728,CUST00369,2026-03-03,PROD0040,4,0.0,16.1,In-Store,Net Banking,Pending,South
ORD002729,CUST00087,2025-09-03,PROD0088,4,0.3,20.86,In-Store,Credit Card,Delivered,West
ORD002730,CUST00289,2025-08-17,PROD0043,5,0.15,14.43,In-Store,Net Banking,Delivered,South
ORD002731,CUST00054,2025-10-07,PROD0101,2,0.0,16.16,Mobile App,Debit Card,Delivered,North
ORD002732,CUST00586,2025-10-23,PROD0062,2,0.1,11.46,Online,Credit Card,Delivered,East
ORD002733,CUST01159,2026-03-23,PROD0043,2,0.3,13.22,Online,COD,Delivered,North
ORD002734,CUST01241,2026-02-16,PROD0026,4,0.2,0.86,Online,Debit Card,Delivered,West
ORD002735,CUST00331,2025-11-30,PROD0045,5,0.2,15.97,In-Store,Credit Card,Cancelled,East
ORD002736,CUST00182,2025-11-03,PROD0005,6,0.0,2.04,Online,Debit Card,Delivered,East
ORD002737,CUST01206,2026-06-23,PROD0086,3,0.0,10.88,Mobile App,UPI,Cancelled,West
ORD002738,CUST00878,2026-02-27,PROD0069,1,0.25,,Mobile App,Wallet,Delivered,South
ORD002739,CUST00760,2025-10-04,PROD0050,3,0.05,13.64,Online,COD,Returned,South
ORD002740,CUST00639,2026-02-09,PROD0093,2,0.1,3.34,In-Store,Net Banking,Delivered,North
ORD002741,CUST01560,2025-07-16,PROD0025,2,0.2,17.29,Mobile App,Debit Card,Delivered,West
ORD002742,CUST01249,2026-06-29,PROD0111,3,0.1,19.88,Online,Credit Card,Delivered,South
ORD002743,CUST01234,2025-11-14,PROD0085,2,0.15,4.08,In-Store,Net Banking,Returned,North
ORD002744,CUST00194,2026-04-21,PROD0018,2,0.0,2.61,Online,Debit Card,Delivered,South
ORD002745,CUST01821,2026-04-27,PROD0001,5,0.0,3.64,Mobile App,Wallet,Pending,East
ORD002746,CUST00125,2025-11-30,PROD0093,4,0.3,21.93,Mobile App,COD,Delivered,South
ORD002747,CUST01067,2025-07-20,PROD0003,-1,0.1,13.2,Online,Wallet,Delivered,North
ORD002748,CUST00402,2025-11-18,PROD0024,2,0.15,11.68,Online,Wallet,Returned,North
ORD002749,CUST01554,2025-12-24,PROD0088,3,0.0,2.67,In-Store,Net Banking,Delivered,North
ORD002750,CUST00137,2026-05-02,PROD0031,5,0.0,16.24,In-Store,UPI,Delivered,West
ORD002751,CUST00620,2025-12-10,PROD0070,5,0.15,21.7,Mobile App,Debit Card,Cancelled,North
ORD002752,CUST01549,2026-04-18,PROD0011,1,0.3,,In-Store,Wallet,Delivered,West
ORD002753,CUST01730,2025-07-10,PROD0026,3,0.1,15.65,Mobile App,UPI,Returned,West
ORD002754,CUST00239,2025-10-15,PROD0048,1,0.2,1.88,Online,UPI,Delivered,North
ORD002755,CUST01387,2025-12-31,PROD0072,3,0.0,2.81,Mobile App,Wallet,Cancelled,North
ORD002756,CUST01810,2025-12-01,PROD0090,4,0.2,1.23,In-Store,UPI,Delivered,North
ORD002757,CUST00682,2026-06-15,PROD0115,6,0.1,6.44,Mobile App,COD,Delivered,East
ORD002758,CUST00202,2025-08-21,PROD0081,6,0.15,3.39,Online,Debit Card,Delivered,North
ORD002759,CUST01389,2026-06-21,PROD0047,4,0.0,6.5,Online,Credit Card,Pending,East
ORD002760,CUST00388,2026-06-12,PROD0078,4,0.0,9.63,In-Store,Debit Card,Delivered,North
ORD002761,CUST01868,2026-03-21,PROD0101,5,0.0,23.57,Mobile App,Wallet,Delivered,South
ORD002762,CUST00927,2026-05-08,PROD0061,5,0.25,,Online,Credit Card,Delivered,East
ORD002763,CUST00421,2026-04-09,PROD0089,4,0.1,20.87,Online,COD,Delivered,West
ORD002764,CUST00715,2026-04-09,PROD0089,2,0.0,17.76,Mobile App,Credit Card,Returned,North
ORD002765,CUST01454,2025-12-11,PROD0050,1,0.05,2.81,Online,COD,Returned,North
ORD002766,CUST00224,2025-07-20,PROD0093,5,0.1,18.4,Mobile App,Debit Card,Delivered,East
ORD002767,CUST00339,2026-03-17,PROD0041,1,0.1,6.88,In-Store,Debit Card,Delivered,West
ORD002768,CUST01919,2025-09-13,PROD0020,3,0.1,15.98,Mobile App,Wallet,Delivered,West
ORD002769,CUST00299,2025-08-01,PROD0076,1,0.0,8.52,In-Store,Credit Card,Delivered,West
ORD002770,CUST01537,2025-08-26,PROD0091,3,0.05,24.94,Online,Net Banking,Delivered,East
ORD002771,CUST00795,2026-07-23,PROD0105,6,0.0,6.59,In-Store,Wallet,Delivered,North
ORD002772,CUST00450,2026-06-25,PROD0090,0,0.0,6.98,Online,Credit Card,Delivered,West
ORD002773,CUST00383,2025-12-20,PROD0029,6,0.25,23.27,Mobile App,Wallet,Delivered,South
ORD002774,CUST01825,2026-01-15,PROD0022,1,0.1,0.62,Online,Net Banking,Delivered,West
ORD002775,CUST01761,2025-11-13,PROD0094,6,0.05,17.42,Mobile App,Wallet,Delivered,East
ORD002776,CUST00141,2025-07-04,PROD0056,6,0.0,18.13,Mobile App,Debit Card,Delivered,East
ORD002777,CUST00957,2026-02-14,PROD0037,1,0.3,20.91,Online,Credit Card,Cancelled,East
ORD002778,CUST01536,2026-04-25,PROD0113,3,0.3,24.36,Online,UPI,Delivered,North
ORD002779,CUST00869,2026-04-09,PROD0033,3,0.15,24.39,Online,Wallet,Delivered,South
ORD002780,CUST01075,2025-08-19,PROD0062,2,0.0,1.63,Mobile App,Wallet,Delivered,North
ORD002781,CUST00787,2026-06-05,PROD0041,2,0.25,20.55,Online,Wallet,Delivered,East
ORD002782,CUST00228,2025-09-13,PROD0032,6,0.25,16.16,Online,UPI,Delivered,West
ORD002783,CUST00575,2025-09-09,PROD0109,2,0.0,16.18,Online,Debit Card,Delivered,North
ORD002784,CUST00578,2025-08-27,PROD0032,3,0.1,3.21,In-Store,Wallet,Delivered,North
ORD002785,CUST01978,2026-01-07,PROD0061,5,0.0,16.25,Online,Wallet,Delivered,North
ORD002786,CUST01508,2026-07-15,PROD0067,4,0.25,24.56,In-Store,Wallet,Delivered,West
ORD002787,CUST00713,2026-06-09,PROD0002,6,0.0,22.8,In-Store,Wallet,Delivered,East
ORD002788,CUST00390,2026-05-13,PROD0028,4,0.25,10.98,Mobile App,COD,Delivered,North
ORD002789,CUST00098,2026-02-12,PROD0085,1,0.1,1.0,In-Store,Wallet,Delivered,North
ORD002790,CUST00292,2025-08-18,PROD0017,4,0.0,9.06,Mobile App,UPI,Returned,South
ORD002791,CUST00624,2025-10-29,PROD0030,2,0.3,20.66,Online,Credit Card,Delivered,North
ORD002792,CUST00630,2026-02-06,PROD0117,6,0.25,17.54,In-Store,Net Banking,Delivered,West
ORD002793,CUST01622,2025-08-28,PROD0015,5,0.15,11.48,Online,UPI,Delivered,West
ORD002794,CUST01326,2025-09-04,PROD0048,1,0.25,1.38,Mobile App,COD,Delivered,West
ORD002795,CUST01044,2025-12-02,PROD0069,4,0.1,10.67,Mobile App,UPI,Delivered,South
ORD002796,CUST01771,2026-02-14,PROD0004,3,0.3,11.73,Mobile App,Wallet,Delivered,West
ORD002797,CUST00124,2026-05-18,PROD0020,4,0.1,23.21,Mobile App,COD,Cancelled,East
ORD002798,CUST00877,2025-09-26,PROD0007,2,0.05,16.03,In-Store,UPI,Delivered,West
ORD002799,CUST01078,2026-07-12,PROD0022,1,0.0,7.79,Mobile App,COD,Delivered,South
ORD002800,CUST01061,2025-11-29,PROD0095,4,0.2,13.13,In-Store,UPI,Delivered,West
ORD002801,CUST01699,2025-10-29,PROD0103,2,0.0,1.65,Mobile App,Credit Card,Delivered,West
ORD002802,CUST01572,2025-12-15,PROD0112,1,0.15,24.31,Mobile App,UPI,Delivered,West
ORD002803,CUST00906,2026-05-02,PROD0083,1,0.0,9.0,Online,UPI,Delivered,East
ORD002804,CUST00213,2025-12-20,PROD0100,1,0.0,11.95,In-Store,Credit Card,Delivered,South
ORD002805,CUST00918,2025-12-27,PROD0089,1,0.3,8.88,Online,UPI,Delivered,East
ORD002806,CUST00592,2025-12-23,PROD0082,6,0.0,17.06,Mobile App,UPI,Delivered,South
ORD002807,CUST00631,2026-05-29,PROD0020,2,0.1,16.56,Mobile App,Wallet,Delivered,South
ORD002808,CUST01853,2025-07-13,PROD0074,1,0.0,17.88,In-Store,Credit Card,Delivered,West
ORD002809,CUST01052,2025-12-22,PROD0060,1,0.0,6.7,In-Store,Credit Card,Delivered,West
ORD002810,CUST01996,2025-10-27,PROD0016,3,0.05,7.89,Mobile App,Net Banking,Delivered,South
ORD002811,CUST01831,2025-09-30,PROD0073,-3,0.15,3.13,In-Store,Wallet,Delivered,East
ORD002812,CUST00513,2026-04-03,PROD0075,3,0.0,16.39,In-Store,Credit Card,Delivered,North
ORD002813,CUST01007,2025-07-18,PROD0052,6,0.3,0.99,Mobile App,Credit Card,Delivered,West
ORD002814,CUST01973,2025-09-12,PROD0107,2,0.15,14.94,In-Store,UPI,Delivered,West
ORD002815,CUST01072,2026-02-28,PROD0056,2,0.2,,In-Store,Debit Card,Delivered,East
ORD002816,CUST01694,2026-06-13,PROD0006,3,0.0,22.27,In-Store,Debit Card,Delivered,North
ORD002817,CUST01908,2026-02-19,PROD0122,2,0.25,11.23,Mobile App,UPI,Returned,South
ORD002818,CUST00996,2026-07-11,PROD0100,3,0.2,11.48,In-Store,Wallet,Delivered,West
ORD002819,CUST00424,2025-10-18,PROD0005,5,0.0,1.92,Mobile App,UPI,Delivered,South
ORD002820,CUST00954,2025-10-15,PROD0064,3,0.0,16.77,In-Store,Credit Card,Delivered,North
ORD002821,CUST01249,2026-01-20,PROD0052,6,0.1,20.53,Mobile App,UPI,Delivered,East
ORD002822,CUST01523,2025-08-26,PROD0047,6,0.0,6.12,In-Store,Wallet,Delivered,West
ORD002823,CUST00248,2026-04-26,PROD0114,6,0.25,10.53,In-Store,Wallet,Delivered,West
ORD002824,CUST00305,2026-05-10,PROD0079,1,0.2,20.97,In-Store,Wallet,Delivered,East
ORD002825,CUST00953,2025-11-12,PROD0111,5,0.1,21.93,Online,Debit Card,Delivered,West
ORD002826,CUST01595,2026-02-20,PROD0106,1,0.05,6.08,Online,Debit Card,Pending,South
ORD002827,CUST01656,2026-07-21,PROD0051,6,0.15,13.76,Online,UPI,Delivered,East
ORD002828,CUST00805,2025-08-14,PROD0094,5,0.2,4.81,Online,Debit Card,Returned,West
ORD002829,CUST00234,2026-03-06,PROD0024,1,0.25,2.55,In-Store,Net Banking,Delivered,West
ORD002830,CUST01563,2025-09-30,PROD0019,5,0.1,22.78,Online,Net Banking,Delivered,East
ORD002831,CUST00980,2025-11-04,PROD0119,1,0.15,20.51,In-Store,Credit Card,Delivered,East
ORD002832,CUST01840,2026-06-13,PROD0105,2,0.15,19.0,Mobile App,Debit Card,Delivered,North
ORD002833,CUST00412,2026-03-13,PROD0094,2,0.1,1.22,Online,COD,Delivered,West
ORD002834,CUST00832,2026-05-22,PROD0049,6,0.2,21.09,Mobile App,Net Banking,Delivered,North
ORD002835,CUST00382,2026-03-04,PROD0104,4,0.0,,Online,COD,Pending,North
ORD002836,CUST01790,2026-05-12,PROD0001,4,0.0,8.56,Mobile App,Debit Card,Delivered,South
ORD002837,CUST00968,2025-10-22,PROD0037,1,0.0,13.66,In-Store,Debit Card,Delivered,South
ORD002838,CUST01791,2026-04-23,PROD0074,2,0.3,2.28,In-Store,UPI,Delivered,West
ORD002839,CUST01498,2026-07-15,PROD0074,5,0.05,18.92,Mobile App,Debit Card,Delivered,East
ORD002840,CUST01264,2025-07-16,PROD0107,2,0.3,14.56,In-Store,Net Banking,Delivered,West
ORD002841,CUST00064,2025-08-08,PROD0077,1,0.3,4.66,Mobile App,Net Banking,Delivered,East
ORD002842,CUST00551,2025-07-10,PROD0100,2,0.0,4.71,In-Store,UPI,Cancelled,South
ORD002843,CUST00275,2026-03-05,PROD0089,3,0.25,4.61,Mobile App,Wallet,Delivered,South
ORD002844,CUST00656,2025-10-03,PROD0007,1,0.15,1.43,Online,COD,Delivered,South
ORD002845,CUST01363,2025-10-04,PROD0051,4,0.0,14.69,In-Store,Wallet,Pending,North
ORD002846,CUST01605,02-02-2026,PROD0042,4,0.1,21.01,Online,Debit Card,Delivered,West
ORD002847,CUST00663,2026-02-04,PROD0109,1,0.15,0.44,Online,Wallet,Delivered,West
ORD002848,CUST00435,2026-07-16,PROD0117,4,0.0,1.23,Online,Wallet,Delivered,South
ORD002849,CUST01994,2025-10-07,PROD0052,1,0.0,14.32,In-Store,UPI,Returned,West
ORD002850,CUST01855,2025-10-20,PROD0101,6,0.3,20.49,Online,COD,Delivered,West
ORD002851,CUST01223,2026-05-29,PROD0049,3,0.0,8.17,In-Store,Net Banking,Delivered,North
ORD002852,CUST01175,2026-07-15,PROD0102,2,0.1,8.74,In-Store,Wallet,Delivered,East
ORD002853,CUST00516,2025-10-29,PROD0020,1,0.05,14.91,In-Store,Net Banking,Delivered,West
ORD002854,CUST01451,2025-09-18,PROD0116,1,0.25,6.86,In-Store,Debit Card,Delivered,North
ORD002855,CUST01627,2025-10-04,PROD0076,2,0.0,0.67,In-Store,Debit Card,Pending,North
ORD002856,CUST00418,2026-06-08,PROD0014,6,0.05,18.38,In-Store,UPI,Delivered,South
ORD002857,CUST01037,2026-04-29,PROD0095,5,0.3,15.64,Online,Debit Card,Delivered,North
ORD002858,CUST00446,2025-07-13,PROD0041,2,0.15,14.52,Mobile App,COD,Delivered,East
ORD002859,CUST00780,2025-10-24,PROD0030,4,0.0,18.54,Online,UPI,Delivered,North
ORD002860,CUST01309,2026-06-25,PROD0082,3,0.05,16.88,Mobile App,Debit Card,Delivered,North
ORD002861,CUST00302,2026-03-06,PROD0005,5,0.0,5.15,In-Store,Net Banking,Delivered,East
ORD002862,CUST00710,2025-12-22,PROD0059,6,0.3,8.81,Online,Wallet,Delivered,North
ORD002863,CUST00361,2026-07-23,PROD0048,6,0.0,3.15,In-Store,Net Banking,Delivered,North
ORD002864,CUST01886,2025-12-02,PROD0067,6,0.0,3.25,In-Store,Credit Card,Cancelled,West
ORD002865,CUST00023,2026-02-24,PROD0041,4,0.0,16.9,In-Store,Debit Card,Delivered,North
ORD002866,CUST00261,2026-03-05,PROD0064,6,0.2,21.47,Mobile App,UPI,Delivered,West
ORD002867,CUST00929,2026-05-07,PROD0102,3,0.0,24.07,Mobile App,Net Banking,Delivered,North
ORD002868,CUST00873,2026-06-05,PROD0058,5,0.0,15.71,Online,Credit Card,Delivered,West
ORD002869,CUST01821,2025-09-25,PROD0057,1,0.0,4.6,Mobile App,Wallet,Delivered,West
ORD002870,CUST00295,2026-06-19,PROD0082,3,0.0,2.64,In-Store,UPI,Delivered,North
ORD002871,CUST00211,2026-02-17,PROD0056,3,0.1,20.32,Online,UPI,Delivered,East
ORD002872,CUST00577,2025-07-26,PROD0045,4,0.2,14.47,In-Store,COD,Cancelled,North
ORD002873,CUST00804,2026-04-24,PROD0026,3,0.0,15.46,In-Store,Wallet,Delivered,South
ORD002874,CUST00238,2026-03-18,PROD0121,3,0.3,19.54,Online,Debit Card,Delivered,West
ORD002875,CUST01400,2026-03-06,PROD0086,3,0.15,17.58,In-Store,Net Banking,Delivered,West
ORD002876,CUST01347,2026-02-24,PROD0074,5,0.2,20.86,Online,Debit Card,Delivered,East
ORD002877,CUST01019,2025-10-25,PROD0013,4,0.2,1.41,Online,COD,Cancelled,West
ORD002878,CUST00400,2026-01-06,PROD0078,6,0.15,18.69,In-Store,UPI,Cancelled,West
ORD002879,CUST01103,2026-06-06,PROD0053,5,0.0,21.27,Online,Credit Card,Delivered,West
ORD002880,CUST01189,2026-06-26,PROD0027,3,0.1,7.15,Mobile App,Net Banking,Delivered,South
ORD002881,CUST00146,2025-08-13,PROD0046,5,0.1,16.01,In-Store,UPI,Delivered,North
ORD002882,CUST01950,2026-04-23,PROD0047,4,0.0,7.85,In-Store,UPI,Delivered,North
ORD002883,CUST01619,2026-01-06,PROD0003,6,0.25,23.95,Online,UPI,Delivered,West
ORD002884,CUST01350,2026-02-06,PROD0113,2,0.25,0.84,In-Store,Net Banking,Cancelled,West
ORD002885,CUST00725,2025-12-12,PROD0099,0,0.2,14.49,Online,Net Banking,Cancelled,North
ORD002886,CUST01488,2026-03-07,PROD0006,2,0.2,4.16,In-Store,Credit Card,Delivered,North
ORD002887,CUST00294,2026-03-13,PROD0106,2,0.0,17.81,In-Store,Credit Card,Delivered,South
ORD002888,CUST01604,0000-00-00,PROD0095,2,0.15,4.4,Online,UPI,Delivered,West
ORD002889,CUST00493,2025-09-29,PROD0062,1,0.15,5.88,Mobile App,Debit Card,Delivered,North
ORD002890,CUST01902,2025-11-07,PROD0070,4,0.1,12.36,In-Store,UPI,Delivered,West
ORD002891,CUST00630,2025-10-27,PROD0114,2,0.3,22.87,Mobile App,COD,Delivered,North
ORD002892,CUST00604,2025-10-15,PROD0012,5,0.0,5.29,Online,Credit Card,Delivered,North
ORD002893,CUST00085,2026-01-24,PROD0026,3,0.1,3.61,In-Store,Wallet,Delivered,South
ORD002894,CUST01281,2025-11-26,PROD0025,1,0.25,18.97,Online,UPI,Delivered,South
ORD002895,CUST01474,2026-07-20,PROD0105,1,0.25,12.52,Online,Credit Card,Delivered,South
ORD002896,CUST01166,2025-08-17,PROD0022,6,0.2,22.79,Online,Credit Card,Delivered,West
ORD002897,CUST01688,2026-02-22,PROD0004,6,0.0,3.67,Mobile App,Credit Card,Delivered,South
ORD002898,CUST01578,2026-04-04,PROD0087,4,0.25,16.15,Online,Wallet,Cancelled,West
ORD002899,CUST01351,2026-05-08,PROD0009,2,0.2,5.82,Online,Net Banking,Delivered,South
ORD002900,CUST01213,2025-12-26,PROD0073,4,0.3,3.92,Mobile App,COD,Delivered,North
ORD002901,CUST00145,2026-06-05,PROD0061,5,0.0,17.09,Mobile App,UPI,Delivered,East
ORD002902,CUST01275,12-12-2025,PROD0087,1,0.0,14.84,In-Store,COD,Delivered,West
ORD002903,CUST01742,2026-05-12,PROD0092,3,0.0,,In-Store,Debit Card,Delivered,South
ORD002904,CUST00108,2026-02-13,PROD0110,3,0.1,7.74,Online,Wallet,Delivered,West
ORD002905,CUST00742,2026-01-17,PROD0071,5,0.05,11.2,In-Store,Wallet,Delivered,South
ORD002906,CUST00621,2025-07-14,PROD0100,6,0.15,10.14,In-Store,Net Banking,Cancelled,West
ORD002907,CUST01491,2026-05-01,PROD0106,4,0.15,24.6,Mobile App,Net Banking,Cancelled,West
ORD002908,CUST00926,2025-07-08,PROD0059,6,0.0,7.31,In-Store,Net Banking,Delivered,South
ORD002909,CUST00153,2025-12-24,PROD0004,6,0.3,7.37,Online,Debit Card,Delivered,East
ORD002910,CUST00139,2025-08-24,PROD0008,2,0.0,8.86,Online,Net Banking,Delivered,East
ORD002911,CUST00440,2026-02-15,PROD0060,3,0.0,14.11,Online,Wallet,Delivered,West
ORD002912,CUST01632,2026-07-30,PROD0024,6,0.05,6.31,Online,UPI,Delivered,West
ORD002913,CUST00337,2026-02-05,PROD0063,5,0.0,22.88,In-Store,COD,Delivered,South
ORD002914,CUST01309,2025-10-18,PROD0080,5,0.15,6.64,In-Store,COD,Returned,West
ORD002915,CUST00068,2025-09-20,PROD0075,2,0.15,22.4,Mobile App,Net Banking,Delivered,East
ORD002916,CUST00876,2025-08-08,PROD0109,4,0.05,2.59,Online,COD,Delivered,South
ORD002917,CUST01864,2025-12-26,PROD0040,3,0.15,16.41,In-Store,COD,Delivered,East
ORD002918,CUST01149,2026-06-05,PROD0053,4,0.0,22.67,In-Store,Credit Card,Delivered,West
ORD002919,CUST00282,2025-11-21,PROD0112,1,0.0,4.22,In-Store,COD,Delivered,North
ORD002920,CUST00095,2025-12-06,PROD0109,4,0.25,24.21,Mobile App,Net Banking,Delivered,East
ORD002921,CUST01443,2026-06-18,PROD0101,1,0.2,11.32,Online,Net Banking,Delivered,East
ORD002922,CUST01259,2025-08-22,PROD0021,4,0.0,,Online,UPI,Delivered,South
ORD002923,CUST01377,2026-07-28,PROD0093,2,0.0,16.92,In-Store,UPI,Delivered,West
ORD002924,CUST00602,2025-09-07,PROD0066,4,0.0,7.54,In-Store,UPI,Delivered,West
ORD002925,CUST01544,2026-05-19,PROD0104,6,0.15,4.71,Mobile App,Net Banking,Delivered,East
ORD002926,CUST01285,2025-10-23,PROD0108,2,0.1,7.59,Mobile App,Wallet,Delivered,North
ORD002927,CUST01127,2026-02-07,PROD0092,2,0.15,2.33,In-Store,Wallet,Delivered,North
ORD002928,CUST01017,2025-09-05,PROD0086,5,0.0,3.6,In-Store,Net Banking,Delivered,North
ORD002929,CUST00053,2025-09-01,PROD0073,5,0.05,2.62,Mobile App,Net Banking,Delivered,North
ORD002930,CUST00798,2025-12-09,PROD0082,3,0.15,10.57,Online,Net Banking,Delivered,East
ORD002931,CUST01065,0000-00-00,PROD0027,6,0.25,19.89,In-Store,Wallet,Pending,East
ORD002932,CUST01385,2026-05-04,PROD0066,2,0.1,3.53,In-Store,Credit Card,Returned,South
ORD002933,CUST01121,2026-04-06,PROD0057,4,0.0,3.26,Online,UPI,Delivered,East
ORD002934,CUST01710,2025-12-07,PROD0058,1,0.05,16.09,In-Store,Credit Card,Pending,West
ORD002935,CUST01374,2026-04-23,PROD0055,6,0.2,4.93,Mobile App,UPI,Delivered,East
ORD002936,CUST01737,2025-08-21,PROD0077,5,0.3,2.44,In-Store,UPI,Delivered,East
ORD002937,CUST01195,2026-04-02,PROD0080,4,0.0,4.17,Online,Debit Card,Delivered,North
ORD002938,CUST00891,2026-01-08,PROD0114,6,0.1,23.09,Online,Net Banking,Delivered,West
ORD002939,CUST00158,2026-02-03,PROD0085,1,0.05,20.54,Online,Credit Card,Returned,East
ORD002940,CUST01600,2026-01-04,PROD0061,6,0.0,8.85,Online,Wallet,Delivered,East
ORD002941,CUST00735,2025-10-08,PROD0073,6,0.05,16.4,Mobile App,Wallet,Delivered,North
ORD002942,CUST00006,2025-11-02,PROD0015,6,0.3,13.43,Mobile App,Net Banking,Delivered,North
ORD002943,CUST01918,2025-08-31,PROD0021,2,0.15,16.93,Online,Debit Card,Delivered,South
ORD002944,CUST01799,2025-09-24,PROD0098,6,0.0,17.07,Online,Debit Card,Delivered,West
ORD002945,CUST01666,2026-07-31,PROD0079,2,0.3,15.72,Mobile App,Credit Card,Cancelled,North
ORD002946,CUST01922,2025-10-07,PROD0019,2,0.0,6.65,Online,Credit Card,Delivered,East
ORD002947,CUST01055,2026-06-03,PROD0100,2,0.0,0.98,Mobile App,Credit Card,Delivered,East
ORD002948,CUST01992,2026-04-27,PROD0019,1,0.0,11.39,Mobile App,UPI,Pending,North
ORD002949,CUST00564,2025-07-08,PROD0098,6,0.1,22.27,Online,COD,Delivered,North
ORD002950,CUST01609,2026-04-03,PROD0013,6,0.05,14.24,Online,COD,Delivered,East
ORD002951,CUST01514,2025-10-16,PROD0086,2,0.0,20.81,In-Store,Net Banking,Delivered,North
ORD002952,CUST00837,2026-03-12,PROD0065,2,0.3,24.79,Online,Debit Card,Delivered,East
ORD002953,CUST00590,2025-09-18,PROD0052,6,0.2,4.09,Online,Credit Card,Delivered,West
ORD002954,CUST00217,2025-07-05,PROD0106,4,0.3,17.29,Online,UPI,Delivered,West
ORD002955,CUST01697,2026-02-07,PROD0074,6,0.05,16.86,Online,Credit Card,Delivered,South
ORD002956,CUST00525,2026-07-06,PROD0119,6,0.0,24.5,Mobile App,COD,Delivered,East
ORD002957,CUST01927,2025-07-14,PROD0075,5,0.3,24.64,Mobile App,UPI,Delivered,East
ORD002958,CUST01350,2026-07-12,PROD0116,2,0.25,17.17,Online,UPI,Delivered,East
ORD002959,CUST00527,2025-09-03,PROD0076,4,0.2,6.09,Online,UPI,Cancelled,East
ORD002960,CUST00744,2025-08-21,PROD0063,3,0.2,19.96,In-Store,Net Banking,Delivered,East
ORD002961,CUST01094,2026-07-14,PROD0086,3,0.3,2.68,In-Store,UPI,Delivered,North
ORD002962,CUST01143,2026-04-13,PROD0038,1,0.0,19.52,Online,Credit Card,Delivered,North
ORD002963,CUST01080,2025-10-23,PROD0029,6,0.25,22.75,Mobile App,Debit Card,Delivered,West
ORD002964,CUST00311,2025-09-06,PROD0021,4,0.15,9.57,In-Store,Credit Card,Delivered,East
ORD002965,CUST00564,2026-07-26,PROD0097,1,0.3,15.77,Online,Debit Card,Delivered,South
ORD002966,CUST01872,2025-10-01,PROD0009,4,0.0,10.75,Mobile App,COD,Delivered,West
ORD002967,CUST01221,2025-07-26,PROD0118,1,0.05,10.94,Mobile App,Net Banking,Delivered,West
ORD002968,CUST01877,2026-02-19,PROD0068,3,0.0,7.76,Online,Wallet,Delivered,East
ORD002969,CUST00180,2026-06-15,PROD0068,2,0.05,19.05,Mobile App,UPI,Cancelled,East
ORD002970,CUST01412,2025-08-21,PROD0075,5,0.3,23.4,Mobile App,Wallet,Delivered,North
ORD002971,CUST01018,2025-08-21,PROD0105,5,0.0,23.52,Mobile App,Net Banking,Delivered,South
ORD002972,CUST01661,05-25-2026,PROD0040,3,0.15,4.37,Online,Debit Card,Delivered,West
ORD002973,CUST01698,2026-06-30,PROD0119,5,0.0,21.87,Mobile App,Wallet,Pending,South
ORD002974,CUST01256,2025-11-27,PROD0083,2,0.0,18.44,Online,Wallet,Delivered,West
ORD002975,CUST00008,2025-10-24,PROD0085,2,0.1,6.32,Mobile App,Wallet,Cancelled,West
ORD002976,CUST01174,2026-07-27,PROD0095,3,0.3,1.68,Online,COD,Delivered,South
ORD002977,CUST00885,2025-08-12,PROD0120,2,0.3,6.7,Mobile App,Credit Card,Delivered,East
ORD002978,CUST00334,2025-08-27,PROD0036,5,0.0,22.81,In-Store,Wallet,Delivered,South
ORD002979,CUST01672,2025-07-20,PROD0116,5,0.0,15.83,Mobile App,Debit Card,Delivered,West
ORD002980,CUST01873,2026-03-10,PROD0008,3,0.2,18.03,Online,Net Banking,Delivered,East
ORD002981,CUST00122,2025-11-19,PROD0015,1,0.25,6.43,Mobile App,Debit Card,Delivered,West
ORD002982,CUST00040,2025-09-09,PROD0028,4,0.0,17.98,In-Store,COD,Delivered,East
ORD002983,CUST00485,2026-02-27,PROD0071,2,0.25,0.7,In-Store,COD,Pending,North
ORD002984,CUST01774,2026-07-17,PROD0050,3,0.15,9.38,Online,Credit Card,Returned,North
ORD002985,CUST01748,2025-09-28,PROD0061,1,0.05,15.67,Online,UPI,Cancelled,North
ORD002986,CUST01475,2025-09-10,PROD0012,5,0.05,3.65,Online,Debit Card,Delivered,South
ORD002987,CUST01141,0000-00-00,PROD0093,1,0.25,20.58,Online,Wallet,Delivered,South
ORD002988,CUST01673,2026-04-21,PROD0097,3,0.2,5.88,Mobile App,Wallet,Delivered,West
ORD002989,CUST01842,2025-10-22,PROD0077,4,0.1,16.31,Online,Debit Card,Delivered,South
ORD002990,CUST00524,2025-12-29,PROD0056,3,0.05,10.13,In-Store,COD,Returned,South
ORD002991,CUST01319,2025-09-24,PROD0057,6,0.0,14.9,Mobile App,Credit Card,Delivered,East
ORD002992,CUST00350,2026-07-20,PROD0089,2,0.1,2.69,Online,UPI,Delivered,West
ORD002993,CUST00769,2025-11-11,PROD0035,2,0.25,0.42,Online,COD,Delivered,West
ORD002994,CUST01869,2025-07-21,PROD0122,2,0.3,22.74,Online,Credit Card,Delivered,North
ORD002995,CUST00189,2025-09-01,PROD0013,3,0.15,6.74,Mobile App,Wallet,Delivered,East
ORD002996,CUST00535,2025-11-21,PROD0028,-1,0.0,20.49,Mobile App,COD,Delivered,North
ORD002997,CUST01080,2026-06-26,PROD0092,5,0.3,24.98,Mobile App,UPI,Returned,South
ORD002998,CUST01256,2026-02-04,PROD0058,3,0.25,5.29,Mobile App,Net Banking,Delivered,West
ORD002999,CUST01328,2025-11-11,PROD0008,6,0.0,6.63,Mobile App,UPI,Delivered,South
ORD003000,CUST01082,2026-03-02,PROD0042,5,0.25,16.57,Online,Wallet,Returned,West
ORD003001,CUST01563,2026-03-25,PROD0041,4,0.25,24.14,Online,Credit Card,Delivered,North
ORD003002,CUST01593,2025-12-18,PROD0119,5,0.25,22.9,Mobile App,UPI,Delivered,North
ORD003003,CUST00846,2026-05-05,PROD0062,6,0.0,12.57,Online,Wallet,Delivered,South
ORD003004,CUST00018,2026-02-23,PROD0093,2,0.0,,Online,Wallet,Cancelled,East
ORD003005,CUST00719,2026-05-10,PROD0058,2,0.3,3.39,Online,UPI,Delivered,South
ORD003006,CUST00042,2025-07-22,PROD0009,2,0.05,24.44,In-Store,UPI,Cancelled,East
ORD003007,CUST00118,2025-08-25,PROD0028,4,0.1,24.11,In-Store,COD,Delivered,North
ORD003008,CUST00546,2026-01-15,PROD0006,6,0.3,4.09,Online,Credit Card,Delivered,South
ORD003009,CUST00542,2025-07-18,PROD0053,6,0.25,7.49,In-Store,Net Banking,Delivered,West
ORD003010,CUST01643,2026-03-01,PROD0074,2,0.0,2.5,Online,COD,Delivered,South
ORD003011,CUST01306,2026-03-09,PROD0078,1,0.0,6.79,Mobile App,COD,Delivered,North
ORD003012,CUST00759,2025-07-01,PROD0081,4,0.3,20.4,Mobile App,Wallet,Cancelled,West
ORD003013,CUST00694,2026-07-16,PROD0101,0,0.0,9.46,Online,COD,Delivered,West
ORD003014,CUST00240,2025-08-01,PROD0022,0,0.0,2.21,Mobile App,COD,Delivered,South
ORD003015,CUST01980,2026-05-11,PROD0107,1,0.0,8.56,Online,Net Banking,Returned,West
ORD003016,CUST00783,2026-04-16,PROD0118,3,0.0,,In-Store,COD,Delivered,West
ORD003017,CUST01621,2025-08-03,PROD0103,1,0.1,15.74,In-Store,Debit Card,Cancelled,South
ORD003018,CUST01868,2026-07-16,PROD0118,1,0.1,10.4,Mobile App,UPI,Delivered,West
ORD003019,CUST01604,2025-09-01,PROD0020,2,0.25,,In-Store,UPI,Cancelled,West
ORD003020,CUST00172,2025-12-09,PROD0109,2,0.0,24.65,Mobile App,Wallet,Pending,South
ORD003021,CUST00956,2025-12-14,PROD0122,3,0.0,20.52,In-Store,Net Banking,Cancelled,East
ORD003022,CUST00284,2025-07-02,PROD0054,2,0.1,7.04,Online,Debit Card,Pending,South
ORD003023,CUST01020,2025-10-25,PROD0121,4,0.1,1.75,Online,Wallet,Pending,South
ORD003024,CUST01306,2025-07-02,PROD0017,4,0.05,1.42,Online,Debit Card,Delivered,West
ORD003025,CUST01061,2026-02-16,PROD0114,6,0.25,3.01,Online,Debit Card,Delivered,West
ORD003026,CUST01841,04-10-2026,PROD0039,2,0.0,14.52,Mobile App,COD,Delivered,West
ORD003027,CUST00775,2026-01-30,PROD0005,4,0.2,23.22,Mobile App,Debit Card,Pending,West
ORD003028,CUST01464,2026-05-30,PROD0064,5,0.0,12.42,Online,COD,Delivered,East
ORD003029,CUST01863,2025-11-09,PROD0053,3,0.1,21.07,In-Store,COD,Delivered,North
ORD003030,CUST00343,2025-11-03,PROD0060,6,0.15,11.15,Mobile App,Wallet,Delivered,South
ORD003031,CUST01591,2026-03-24,PROD0023,4,0.0,17.71,In-Store,COD,Delivered,East
ORD003032,CUST00625,2025-11-09,PROD0099,5,0.0,18.3,Mobile App,UPI,Pending,East
ORD003033,CUST00319,2025-12-23,PROD0083,6,0.0,4.35,Online,UPI,Delivered,West
ORD003034,CUST01133,2025-12-15,PROD0023,5,0.05,9.03,Online,Debit Card,Pending,East
ORD003035,CUST00332,2025-12-18,PROD0017,2,0.2,15.93,Mobile App,Net Banking,Pending,West
ORD003036,CUST01994,2026-01-03,PROD0101,6,0.0,1.77,Online,Wallet,Delivered,North
ORD003037,CUST01253,2025-08-27,PROD0010,6,0.2,9.04,In-Store,Wallet,Delivered,North
ORD003038,CUST01582,2025-08-20,PROD0068,1,0.0,13.37,Online,Wallet,Delivered,South
ORD003039,CUST00232,2025-10-17,PROD0046,2,0.0,24.91,Mobile App,COD,Returned,West
ORD003040,CUST00747,2025-12-20,PROD0003,1,0.25,11.86,In-Store,COD,Cancelled,South
ORD003041,CUST00128,2025-08-31,PROD0004,3,0.3,20.4,Mobile App,Net Banking,Cancelled,East
ORD003042,CUST00029,10-22-2025,PROD0087,2,0.05,10.8,In-Store,UPI,Delivered,East
ORD003043,CUST01297,2025-09-13,PROD0068,4,0.3,,Online,COD,Returned,South
ORD003044,CUST00505,2026-01-18,PROD0011,4,0.0,14.89,Mobile App,Credit Card,Delivered,South
ORD003045,CUST01742,2026-05-02,PROD0024,4,0.1,22.16,In-Store,Wallet,Returned,South
ORD003046,CUST01820,2026-04-30,PROD0015,4,0.1,10.27,In-Store,Debit Card,Delivered,South
ORD003047,CUST01484,2026-07-08,PROD0018,6,0.25,15.11,Mobile App,Net Banking,Delivered,East
ORD003048,CUST01143,2025-12-07,PROD0102,3,0.25,15.75,Mobile App,UPI,Delivered,East
ORD003049,CUST00684,2025-09-07,PROD0105,5,0.0,10.43,Mobile App,COD,Returned,South
ORD003050,CUST01334,2025-10-04,PROD0121,3,0.1,,In-Store,Debit Card,Delivered,North
ORD003051,CUST01700,2025-08-27,PROD0108,5,0.0,2.34,In-Store,COD,Delivered,East
ORD003052,CUST00902,2026-01-07,PROD0091,6,0.0,0.42,Mobile App,Net Banking,Delivered,South
ORD003053,CUST00694,2026-07-16,PROD0103,2,0.05,21.84,Online,Wallet,Cancelled,North
ORD003054,CUST01219,2026-07-17,PROD0043,2,0.15,5.91,Mobile App,Debit Card,Returned,East
ORD003055,CUST00447,2026-01-21,PROD0014,4,0.25,5.29,Online,UPI,Delivered,East
ORD003056,CUST00195,2026-03-29,PROD0095,4,0.0,18.4,Online,Credit Card,Delivered,North
ORD003057,CUST01827,2026-03-09,PROD0038,2,0.05,8.0,Mobile App,Wallet,Delivered,East
ORD003058,CUST01815,2025-08-14,PROD0071,5,0.05,12.65,In-Store,Credit Card,Delivered,North
ORD003059,CUST01427,2025-10-27,PROD0086,6,0.05,4.06,Mobile App,Wallet,Delivered,North
ORD003060,CUST00326,2025-12-27,PROD0093,3,0.0,23.99,In-Store,Debit Card,Delivered,East
ORD003061,CUST00316,2025-10-10,PROD0001,2,0.2,21.29,Mobile App,Net Banking,Delivered,West
ORD003062,CUST01366,2026-06-04,PROD0089,6,0.3,21.59,In-Store,COD,Delivered,East
ORD003063,CUST00901,2025-10-22,PROD0111,4,0.0,10.17,Mobile App,UPI,Delivered,West
ORD003064,CUST01120,2026-01-09,PROD0041,1,0.0,19.06,Mobile App,COD,Delivered,East
ORD003065,CUST01569,2025-11-27,PROD0116,3,0.05,3.6,Online,Credit Card,Delivered,East
ORD003066,CUST00085,2025-12-07,PROD0051,2,0.0,0.22,Mobile App,Wallet,Delivered,North
ORD003067,CUST01515,2026-07-02,PROD0016,4,0.05,0.5,Mobile App,UPI,Returned,South
ORD003068,CUST01424,2026-05-01,PROD0115,4,0.2,14.67,Online,COD,Delivered,South
ORD003069,CUST01396,2026-05-14,PROD0042,4,0.1,11.38,In-Store,UPI,Returned,South
ORD003070,CUST01564,07-16-2025,PROD0115,6,0.15,12.95,In-Store,Wallet,Delivered,East
ORD003071,CUST01027,2025-09-01,PROD0027,3,0.15,0.19,Online,COD,Delivered,South
ORD003072,CUST00936,2026-01-04,PROD0095,2,0.05,10.57,In-Store,COD,Delivered,West
ORD003073,CUST01775,2026-01-23,PROD0044,4,0.0,17.95,Online,COD,Delivered,West
ORD003074,CUST01918,2026-02-04,PROD0047,4,0.15,,Mobile App,Debit Card,Delivered,North
ORD003075,CUST01564,2026-02-01,PROD0033,4,0.05,18.31,In-Store,UPI,Returned,East
ORD003076,CUST00893,2025-08-02,PROD0067,3,0.1,5.83,In-Store,Net Banking,Cancelled,East
ORD003077,CUST01131,2026-04-25,PROD0085,4,0.0,20.33,Mobile App,Debit Card,Delivered,West
ORD003078,CUST00442,2025-08-24,PROD0091,2,0.3,14.71,Mobile App,Net Banking,Delivered,South
ORD003079,CUST01754,2026-03-02,PROD0014,1,0.05,5.27,Mobile App,Net Banking,Delivered,South
ORD003080,CUST00954,2025-08-19,PROD0095,1,0.3,5.92,In-Store,COD,Delivered,North
ORD003081,CUST00655,2025-08-22,PROD0096,5,0.25,15.7,Online,Debit Card,Delivered,East
ORD003082,CUST00345,2026-05-02,PROD0066,3,0.3,20.75,Online,COD,Returned,East
ORD003083,CUST01259,2026-07-19,PROD0099,4,0.05,10.39,In-Store,UPI,Delivered,North
ORD003084,CUST00874,2025-10-31,PROD0103,6,0.25,6.46,Online,UPI,Delivered,South
ORD003085,CUST00657,2026-03-09,PROD0056,3,0.3,21.68,In-Store,Wallet,Delivered,North
ORD003086,CUST00676,2026-01-13,PROD0033,1,0.25,16.73,Mobile App,Wallet,Delivered,South
ORD003087,CUST00480,2026-03-31,PROD0101,6,0.05,11.2,In-Store,Credit Card,Delivered,East
ORD003088,CUST01969,01-22-2026,PROD0065,4,0.2,12.2,In-Store,UPI,Delivered,East
ORD003089,CUST01056,2026-02-05,PROD0109,3,0.3,5.11,In-Store,Debit Card,Delivered,South
ORD003090,CUST01003,2025-08-24,PROD0061,3,0.3,15.67,In-Store,Credit Card,Returned,East
ORD003091,CUST01363,2025-07-30,PROD0049,1,0.05,8.97,In-Store,Credit Card,Delivered,West
ORD003092,CUST00449,2025-12-13,PROD0070,5,0.2,24.89,In-Store,UPI,Delivered,West
ORD003093,CUST01063,2025-08-10,PROD0107,1,0.05,12.0,Mobile App,Wallet,Delivered,North
ORD003094,CUST01485,2025-07-14,PROD0080,4,0.0,12.15,In-Store,COD,Cancelled,East
ORD003095,CUST01294,2026-02-01,PROD0007,6,0.2,14.15,Online,Net Banking,Delivered,West
ORD003096,CUST00069,2026-02-11,PROD0111,4,0.1,22.92,Mobile App,Wallet,Delivered,South
ORD003097,CUST01444,2026-04-26,PROD0008,1,0.0,20.02,Online,Debit Card,Delivered,East
ORD003098,CUST01508,2025-07-19,PROD0088,2,0.3,11.28,Online,COD,Delivered,South
ORD003099,CUST01846,2025-07-28,PROD0056,6,0.2,17.97,Mobile App,UPI,Delivered,East
ORD003100,CUST01049,2026-03-01,PROD0039,5,0.25,14.66,In-Store,Net Banking,Delivered,West
ORD003101,CUST00599,2026-05-14,PROD0112,3,0.25,12.31,Mobile App,Credit Card,Delivered,East
ORD003102,CUST01860,2026-01-30,PROD0121,5,0.2,4.81,Online,Debit Card,Delivered,East
ORD003103,CUST01561,0000-00-00,PROD0064,6,0.05,11.6,Mobile App,Net Banking,Pending,West
ORD003104,CUST00037,2026-03-24,PROD0003,5,0.3,6.15,Online,Debit Card,Pending,East
ORD003105,CUST00198,2025-07-31,PROD0035,1,0.0,22.87,Online,Credit Card,Delivered,West
ORD003106,CUST00579,2026-01-08,PROD0077,2,0.0,8.39,In-Store,COD,Delivered,South
ORD003107,CUST01106,2026-06-30,PROD0035,5,0.0,23.81,Mobile App,Wallet,Delivered,West
ORD003108,CUST00816,2025-07-28,PROD0009,3,0.2,13.33,Online,Wallet,Delivered,West
ORD003109,CUST01293,2026-01-27,PROD0042,2,0.05,15.79,In-Store,Credit Card,Pending,South
ORD003110,CUST01401,2025-08-31,PROD0113,2,0.3,13.57,In-Store,Net Banking,Cancelled,East
ORD003111,CUST01569,2025-11-03,PROD0043,1,0.0,3.23,Mobile App,Credit Card,Delivered,North
ORD003112,CUST00516,2025-09-28,PROD0024,6,0.05,9.4,Online,COD,Delivered,South
ORD003113,CUST01283,2025-08-09,PROD0057,6,0.0,2.48,Online,Net Banking,Delivered,West
ORD003114,CUST01899,2026-01-18,PROD0085,1,0.25,15.57,Mobile App,Wallet,Pending,South
ORD003115,CUST01016,2026-05-25,PROD0115,1,0.0,11.17,In-Store,Net Banking,Delivered,North
ORD003116,CUST01500,2026-06-28,PROD0120,1,0.15,19.45,In-Store,Wallet,Delivered,South
ORD003117,CUST01673,2025-08-11,PROD0011,3,0.1,5.51,Mobile App,COD,Delivered,East
ORD003118,CUST00992,2025-08-17,PROD0007,4,0.0,4.11,In-Store,UPI,Returned,West
ORD003119,CUST00919,2026-03-17,PROD0060,2,0.15,10.16,Online,Wallet,Returned,West
ORD003120,CUST01343,2025-09-01,PROD0112,5,0.05,23.16,Mobile App,Credit Card,Delivered,West
ORD003121,CUST01325,2025-07-01,PROD0057,4,0.0,17.76,Mobile App,COD,Delivered,East
ORD003122,CUST00001,2025-12-04,PROD0090,4,0.1,10.47,Online,Debit Card,Delivered,West
ORD003123,CUST01949,2026-03-14,PROD0044,1,0.1,12.93,Mobile App,UPI,Delivered,North
ORD003124,CUST01047,2026-06-03,PROD0063,5,0.1,2.11,Mobile App,UPI,Delivered,South
ORD003125,CUST01133,2026-06-23,PROD0110,2,0.0,24.61,In-Store,Net Banking,Delivered,South
ORD003126,CUST01759,2026-02-26,PROD0037,6,0.3,16.66,In-Store,COD,Delivered,West
ORD003127,CUST00037,2025-12-14,PROD0117,5,0.2,7.14,Mobile App,Credit Card,Delivered,South
ORD003128,CUST00336,2025-09-27,PROD0054,4,0.1,14.65,In-Store,UPI,Delivered,East
ORD003129,CUST01514,2026-07-10,PROD0083,5,0.15,2.74,Mobile App,COD,Delivered,East
ORD003130,CUST01655,2026-07-30,PROD0085,6,0.2,24.15,In-Store,COD,Delivered,North
ORD003131,CUST01970,2025-10-12,PROD0009,2,0.3,4.37,Online,Credit Card,Delivered,East
ORD003132,CUST01289,2026-03-27,PROD0059,6,0.2,16.2,Mobile App,Net Banking,Delivered,West
ORD003133,CUST01256,2026-05-10,PROD0099,2,0.05,6.14,Online,Debit Card,Delivered,South
ORD003134,CUST01632,2026-03-27,PROD0052,4,0.05,17.94,Mobile App,Net Banking,Cancelled,South
ORD003135,CUST00210,2025-12-24,PROD0117,4,0.2,19.42,In-Store,UPI,Delivered,South
ORD003136,CUST01997,2025-11-05,PROD0063,4,0.05,16.84,Online,Wallet,Delivered,South
ORD003137,CUST01874,2025-08-28,PROD0077,5,0.3,15.36,In-Store,Credit Card,Delivered,South
ORD003138,CUST00950,2025-11-26,PROD0020,5,0.0,22.31,Mobile App,Debit Card,Delivered,West
ORD003139,CUST00910,2025-10-03,PROD0104,1,0.25,1.97,Mobile App,COD,Pending,South
ORD003140,CUST00093,2026-06-25,PROD0046,1,0.0,8.27,Mobile App,Net Banking,Delivered,West
ORD003141,CUST00741,2026-03-14,PROD0028,5,0.05,6.21,Mobile App,COD,Delivered,West
ORD003142,CUST00495,2025-09-19,PROD0020,2,0.0,24.7,In-Store,Net Banking,Delivered,West
ORD003143,CUST00228,2025-10-05,PROD0079,1,0.1,9.73,Mobile App,COD,Delivered,North
ORD003144,CUST01991,2025-10-17,PROD0061,3,0.05,18.32,Online,UPI,Delivered,South
ORD003145,CUST01072,2026-05-03,PROD0042,4,0.2,17.12,Online,Credit Card,Delivered,East
ORD003146,CUST01623,2025-10-25,PROD0002,6,0.3,5.3,Online,Net Banking,Delivered,West
ORD003147,CUST01796,2026-02-08,PROD0041,6,0.1,5.97,Mobile App,Credit Card,Returned,North
ORD003148,CUST00707,2025-11-14,PROD0093,3,0.25,7.03,Mobile App,COD,Delivered,South
ORD003149,CUST01267,2025-11-24,PROD0073,3,0.2,10.28,In-Store,Credit Card,Delivered,West
ORD003150,CUST00307,2026-03-13,PROD0021,5,0.25,5.86,Online,Wallet,Delivered,West
ORD003151,CUST00022,2026-07-09,PROD0019,3,0.05,0.49,In-Store,Credit Card,Delivered,East
ORD003152,CUST01420,2026-07-15,PROD0056,4,0.25,21.98,Mobile App,Net Banking,Delivered,North
ORD003153,CUST01218,2025-12-11,PROD0087,3,0.3,24.14,Online,Credit Card,Returned,North
ORD003154,CUST00825,2025-09-18,PROD0079,1,0.0,8.54,Mobile App,Wallet,Delivered,East
ORD003155,CUST01831,2026-01-04,PROD0085,3,0.05,8.46,Online,Debit Card,Returned,East
ORD003156,CUST00197,2025-12-11,PROD0039,4,0.05,0.18,Mobile App,Net Banking,Pending,East
ORD003157,CUST01864,2025-11-21,PROD0058,2,0.15,17.01,In-Store,Net Banking,Delivered,South
ORD003158,CUST00086,2025-07-27,PROD0062,1,0.15,20.64,Online,UPI,Delivered,West
ORD003159,CUST00428,2026-05-03,PROD0053,1,0.2,3.67,Online,Wallet,Cancelled,South
ORD003160,CUST00131,2026-03-23,PROD0059,3,0.3,3.99,Online,Credit Card,Delivered,South
ORD003161,CUST01650,2026-03-29,PROD0067,3,0.3,19.75,Mobile App,Net Banking,Delivered,West
ORD003162,CUST00116,2025-09-08,PROD0047,-3,0.0,15.41,Online,Credit Card,Delivered,North
ORD003163,CUST01170,2025-12-12,PROD0013,1,0.05,1.12,Online,Wallet,Delivered,East
ORD003164,CUST00668,2026-06-25,PROD0034,3,0.3,15.56,Mobile App,Net Banking,Delivered,East
ORD003165,CUST01700,2025-11-17,PROD0055,5,0.3,7.72,In-Store,UPI,Delivered,South
ORD003166,CUST00937,2026-03-13,PROD0040,1,0.15,9.22,Mobile App,COD,Delivered,West
ORD003167,CUST00804,2026-01-11,PROD0001,1,0.0,19.24,Mobile App,Wallet,Pending,East
ORD003168,CUST01822,2026-05-17,PROD0117,1,0.0,20.27,Mobile App,Wallet,Delivered,East
ORD003169,CUST00114,2025-07-27,PROD0109,6,0.2,10.01,In-Store,Credit Card,Pending,North
ORD003170,CUST00993,2026-03-19,PROD0069,6,0.25,23.68,Mobile App,Debit Card,Cancelled,West
ORD003171,CUST00463,2026-04-20,PROD0060,2,0.1,10.16,Online,Net Banking,Cancelled,North
ORD003172,CUST00038,2026-06-26,PROD0076,2,0.2,19.3,Online,Credit Card,Delivered,West
ORD003173,CUST00207,2025-11-17,PROD0010,3,0.05,12.1,Mobile App,Net Banking,Delivered,West
ORD003174,CUST01296,2026-05-28,PROD0120,6,0.25,22.44,Mobile App,Credit Card,Cancelled,South
ORD003175,CUST00333,2025-07-04,PROD0032,5,0.1,22.69,In-Store,Net Banking,Returned,North
ORD003176,CUST00542,2025-10-15,PROD0082,2,0.0,2.19,Online,UPI,Delivered,West
ORD003177,CUST00084,2026-04-09,PROD0005,5,0.15,23.41,Online,Wallet,Delivered,East
ORD003178,CUST01772,2026-06-24,PROD0115,5,0.25,20.64,Online,Credit Card,Cancelled,East
ORD003179,CUST00219,2025-10-22,PROD0072,6,0.15,19.78,Mobile App,Credit Card,Pending,West
ORD003180,CUST01803,2026-05-14,PROD0068,6,0.0,5.02,Mobile App,Credit Card,Delivered,North
ORD003181,CUST00931,2025-11-29,PROD0012,4,0.15,20.13,Online,Credit Card,Returned,West
ORD003182,CUST01134,2026-01-03,PROD0047,2,0.2,21.25,In-Store,UPI,Delivered,South
ORD003183,CUST00739,2026-05-21,PROD0078,2,0.25,7.23,Mobile App,UPI,Delivered,North
ORD003184,CUST01643,2025-09-25,PROD0072,3,0.0,23.81,Online,COD,Delivered,West
ORD003185,CUST00803,2026-02-05,PROD0013,5,0.0,1.25,In-Store,COD,Returned,South
ORD003186,CUST01540,2026-01-23,PROD0027,3,0.0,3.75,Online,Credit Card,Delivered,North
ORD003187,CUST01670,2026-05-19,PROD0014,6,0.15,13.44,In-Store,Credit Card,Delivered,East
ORD003188,CUST01533,2026-03-01,PROD0023,3,0.05,14.39,Online,Net Banking,Returned,North
ORD003189,CUST01805,2026-03-05,PROD0022,1,0.2,16.13,In-Store,Net Banking,Delivered,East
ORD003190,CUST01395,2026-06-04,PROD0064,2,0.15,0.42,In-Store,Credit Card,Delivered,East
ORD003191,CUST01288,2026-02-14,PROD0054,4,0.25,24.01,Online,Wallet,Delivered,West
ORD003192,CUST01038,2025-12-22,PROD0115,5,0.0,1.11,Online,Wallet,Delivered,South
ORD003193,CUST00642,2025-12-16,PROD0010,5,0.15,3.58,Mobile App,Wallet,Delivered,North
ORD003194,CUST00515,2026-01-05,PROD0001,5,0.05,0.35,Online,COD,Cancelled,North
ORD003195,CUST00241,2026-06-09,PROD0039,6,0.1,14.17,In-Store,UPI,Delivered,South
ORD003196,CUST00737,2026-03-10,PROD0049,3,0.0,23.31,Mobile App,Credit Card,Delivered,North
ORD003197,CUST00467,2026-01-11,PROD0025,3,0.15,16.65,In-Store,COD,Returned,East
ORD003198,CUST01038,2025-07-04,PROD0009,1,0.0,20.57,Online,Net Banking,Delivered,North
ORD003199,CUST00209,2026-04-20,PROD0040,6,0.1,0.33,Mobile App,UPI,Delivered,East
ORD003200,CUST00075,2025-12-15,PROD0112,2,0.05,13.55,In-Store,Debit Card,Delivered,West
ORD003201,CUST01066,2026-07-07,PROD0067,5,0.1,11.49,Online,COD,Cancelled,East
ORD003202,CUST00048,2026-03-29,PROD0106,4,0.05,12.47,Mobile App,Net Banking,Delivered,North
ORD003203,CUST00045,2025-12-07,PROD0085,4,0.15,,Online,COD,Delivered,East
ORD003204,CUST01718,2025-12-31,PROD0066,1,0.0,17.11,In-Store,Debit Card,Delivered,North
ORD003205,CUST00936,2025-09-29,PROD0024,4,0.0,12.58,Online,Debit Card,Cancelled,South
ORD003206,CUST01330,2026-02-04,PROD0050,3,0.05,19.13,Online,UPI,Delivered,East
ORD003207,CUST01552,2026-02-23,PROD0106,2,0.0,12.13,Mobile App,UPI,Delivered,South
ORD003208,CUST01575,2025-07-27,PROD0040,3,0.25,3.73,In-Store,Credit Card,Delivered,East
ORD003209,CUST01688,2026-05-11,PROD0008,3,0.0,16.21,Mobile App,Credit Card,Delivered,West
ORD003210,CUST01432,2025-09-19,PROD0032,1,0.0,4.31,Online,COD,Delivered,North
ORD003211,CUST00636,2026-05-08,PROD0092,1,0.2,21.81,Online,Wallet,Pending,South
ORD003212,CUST00087,2026-06-23,PROD0053,3,0.0,15.33,Online,Net Banking,Delivered,South
ORD003213,CUST01262,2025-09-24,PROD0025,3,0.25,3.93,Mobile App,Wallet,Delivered,East
ORD003214,CUST01313,2026-01-05,PROD0062,5,0.0,24.06,In-Store,COD,Delivered,East
ORD003215,CUST01055,2026-05-15,PROD0109,3,0.15,12.96,Mobile App,Wallet,Returned,East
ORD003216,CUST01583,2026-02-09,PROD0059,2,0.2,1.82,Online,Debit Card,Delivered,North
ORD003217,CUST01911,2025-08-10,PROD0090,6,0.05,15.67,Mobile App,COD,Delivered,South
ORD003218,CUST01048,2026-05-25,PROD0028,3,0.1,6.33,In-Store,UPI,Delivered,East
ORD003219,CUST00474,2026-07-22,PROD0080,3,0.3,20.09,In-Store,Net Banking,Pending,South
ORD003220,CUST01412,2026-01-02,PROD0032,3,0.05,20.45,In-Store,Debit Card,Pending,East
ORD003221,CUST01741,2025-08-02,PROD0003,6,0.2,24.47,In-Store,Net Banking,Delivered,South
ORD003222,CUST00851,2026-07-19,PROD0115,1,0.25,12.55,Online,Credit Card,Delivered,North
ORD003223,CUST00430,2025-07-20,PROD0075,1,0.0,11.37,In-Store,UPI,Delivered,North
ORD003224,CUST01867,2026-01-30,PROD0034,2,0.0,18.84,Online,UPI,Pending,South
ORD003225,CUST00541,2026-01-26,PROD0041,6,0.0,3.31,Online,COD,Delivered,North
ORD003226,CUST01012,2025-11-14,PROD0071,5,0.3,13.67,Mobile App,Credit Card,Delivered,North
ORD003227,CUST00866,2026-06-13,PROD0069,3,0.0,13.66,In-Store,Debit Card,Delivered,South
ORD003228,CUST01394,2026-06-27,PROD0006,2,0.1,2.24,Online,Debit Card,Delivered,South
ORD003229,CUST00411,2025-08-14,PROD0091,3,0.25,10.45,Mobile App,Credit Card,Delivered,East
ORD003230,CUST00332,2025-12-21,PROD0081,5,0.2,21.33,In-Store,Credit Card,Returned,South
ORD003231,CUST01254,2025-12-16,PROD0098,1,0.05,,Mobile App,Net Banking,Delivered,North
ORD003232,CUST01922,2026-05-04,PROD0073,1,0.3,2.48,In-Store,Net Banking,Delivered,South
ORD003233,CUST01286,2026-06-07,PROD0073,1,0.0,2.27,In-Store,Net Banking,Pending,West
ORD003234,CUST01357,2025-11-17,PROD0002,2,0.0,6.57,Online,Debit Card,Delivered,East
ORD003235,CUST01841,2025-12-20,PROD0119,3,0.2,21.87,In-Store,Debit Card,Delivered,South
ORD003236,CUST00890,2025-09-23,PROD0065,1,0.2,3.22,In-Store,Net Banking,Delivered,East
ORD003237,CUST01375,2025-10-17,PROD0089,4,0.0,18.0,In-Store,UPI,Returned,North
ORD003238,CUST01915,2025-12-04,PROD0052,3,0.05,2.53,Mobile App,UPI,Delivered,East
ORD003239,CUST01358,2026-07-19,PROD0006,1,0.25,15.58,Online,Wallet,Delivered,South
ORD003240,CUST01564,2026-02-22,PROD0043,4,0.3,8.9,Mobile App,COD,Delivered,South
ORD003241,CUST00537,2025-12-17,PROD0073,3,0.0,19.72,In-Store,UPI,Delivered,North
ORD003242,CUST01985,2025-09-25,PROD0098,5,0.2,5.84,Online,Net Banking,Returned,North
ORD003243,CUST01635,2026-04-09,PROD0039,3,0.0,15.98,Mobile App,Credit Card,Delivered,East
ORD003244,CUST00982,2025-07-31,PROD0081,1,0.05,5.89,In-Store,Wallet,Delivered,West
ORD003245,CUST00844,2025-10-21,PROD0039,3,0.0,17.84,In-Store,Debit Card,Delivered,East
ORD003246,CUST00434,2026-06-18,PROD0077,5,0.0,21.84,Mobile App,COD,Delivered,East
ORD003247,CUST01289,2025-09-03,PROD0036,5,0.25,3.17,Online,UPI,Delivered,West
ORD003248,CUST00363,2026-03-28,PROD0003,6,0.2,21.66,Mobile App,Credit Card,Delivered,North
ORD003249,CUST01597,2025-09-23,PROD0099,4,0.1,14.84,Mobile App,Credit Card,Delivered,West
ORD003250,CUST00032,2025-07-01,PROD0078,5,0.25,3.18,In-Store,Wallet,Delivered,North
ORD003251,CUST00483,2026-06-17,PROD0016,1,0.15,10.69,In-Store,Credit Card,Delivered,East
ORD003252,CUST00632,2025-10-13,PROD0115,5,0.3,4.02,Mobile App,Debit Card,Delivered,West
ORD003253,CUST01009,2025-12-24,PROD0018,2,0.05,17.51,Online,Wallet,Delivered,South
ORD003254,CUST00784,2025-10-31,PROD0074,1,0.0,18.97,In-Store,UPI,Delivered,East
ORD003255,CUST01219,2025-08-04,PROD0054,2,0.0,2.64,Mobile App,Debit Card,Delivered,East
ORD003256,CUST01810,2025-09-19,PROD0028,6,0.0,12.65,Online,Net Banking,Returned,North
ORD003257,CUST00729,2025-10-14,PROD0106,6,0.0,20.37,In-Store,Wallet,Delivered,West
ORD003258,CUST01446,2026-02-07,PROD0026,2,0.2,23.4,In-Store,Credit Card,Delivered,East
ORD003259,CUST01806,2025-12-14,PROD0042,5,0.0,12.84,Mobile App,Debit Card,Cancelled,East
ORD003260,CUST01221,2026-07-07,PROD0109,6,0.05,23.76,In-Store,UPI,Pending,West
ORD003261,CUST01245,2025-12-09,PROD0064,6,0.0,13.39,Online,Wallet,Delivered,North
ORD003262,CUST00084,2026-02-07,PROD0020,2,0.0,9.85,In-Store,UPI,Pending,South
ORD003263,CUST00404,2025-07-05,PROD0019,4,0.0,21.21,In-Store,Wallet,Delivered,South
ORD003264,CUST00257,2026-05-30,PROD0049,1,0.0,12.32,Mobile App,Wallet,Delivered,West
ORD003265,CUST00832,2025-11-30,PROD0122,2,0.0,11.8,In-Store,Wallet,Delivered,East
ORD003266,CUST00888,2025-10-12,PROD0062,4,0.25,12.26,Mobile App,UPI,Delivered,South
ORD003267,CUST00183,2026-01-14,PROD0089,4,0.0,21.17,Online,Debit Card,Delivered,West
ORD003268,CUST01663,2026-05-11,PROD0013,6,0.3,20.8,In-Store,Credit Card,Delivered,West
ORD003269,CUST01755,2026-06-07,PROD0078,1,0.2,10.09,In-Store,Net Banking,Delivered,East
ORD003270,CUST01514,2025-08-31,PROD0006,4,0.0,8.33,Online,Net Banking,Delivered,East
ORD003271,CUST01722,2026-06-19,PROD0021,1,0.3,12.3,Mobile App,COD,Delivered,West
ORD003272,CUST01378,2025-08-06,PROD0120,1,0.2,14.32,In-Store,Net Banking,Delivered,South
ORD003273,CUST01034,2025-09-19,PROD0043,4,0.0,5.96,Online,COD,Delivered,South
ORD003274,CUST01676,2025-07-29,PROD0094,2,0.25,19.85,Mobile App,Credit Card,Delivered,North
ORD003275,CUST01789,2025-09-09,PROD0068,1,0.0,12.16,Mobile App,UPI,Delivered,East
ORD003276,CUST00316,2026-06-25,PROD0122,1,0.0,8.35,Online,COD,Delivered,South
ORD003277,CUST00460,2025-07-24,PROD0074,2,0.3,2.67,Mobile App,Net Banking,Delivered,North
ORD003278,CUST00962,2025-08-24,PROD0118,2,0.25,5.97,Online,Net Banking,Cancelled,West
ORD003279,CUST01930,2026-05-05,PROD0069,5,0.2,23.73,Online,Debit Card,Delivered,East
ORD003280,CUST00624,2025-10-02,PROD0033,4,0.2,7.63,Mobile App,UPI,Cancelled,West
ORD003281,CUST00048,2025-12-21,PROD0049,2,0.2,4.22,Mobile App,Credit Card,Delivered,East
ORD003282,CUST00355,2026-04-16,PROD0108,1,0.25,11.52,Mobile App,Net Banking,Delivered,South
ORD003283,CUST00594,2025-07-06,PROD0115,5,0.05,7.68,Online,Net Banking,Delivered,North
ORD003284,CUST00511,2026-07-22,PROD0115,6,0.25,0.88,Online,Credit Card,Delivered,North
ORD003285,CUST00579,2026-02-18,PROD0037,3,0.15,8.08,Online,Debit Card,Delivered,South
ORD003286,CUST00576,2026-04-19,PROD0122,6,0.0,13.6,Mobile App,UPI,Delivered,North
ORD003287,CUST00560,2026-01-26,PROD0107,4,0.2,13.79,Online,Net Banking,Delivered,East
ORD003288,CUST01037,2025-08-28,PROD0014,6,0.05,8.91,Online,COD,Delivered,East
ORD003289,CUST01899,2026-03-05,PROD0021,3,0.05,11.18,Online,COD,Cancelled,East
ORD003290,CUST01631,2026-05-04,PROD0069,6,0.15,24.14,Online,Net Banking,Delivered,West
ORD003291,CUST01613,2025-10-28,PROD0100,5,0.0,9.43,In-Store,Wallet,Delivered,East
ORD003292,CUST00206,2026-03-03,PROD0100,2,0.0,6.46,Online,Debit Card,Cancelled,North
ORD003293,CUST01129,2025-12-21,PROD0048,6,0.0,6.09,Mobile App,Credit Card,Returned,North
ORD003294,CUST00692,2025-08-18,PROD0082,1,0.15,11.44,Mobile App,COD,Delivered,North
ORD003295,CUST00690,2025-08-19,PROD0055,1,0.0,18.99,Online,Credit Card,Delivered,West
ORD003296,CUST00949,2026-01-19,PROD0068,4,0.3,5.15,Mobile App,Net Banking,Delivered,West
ORD003297,CUST01261,2026-03-20,PROD0026,4,0.3,17.73,Mobile App,Debit Card,Delivered,West
ORD003298,CUST00004,2026-07-18,PROD0081,1,0.1,0.53,Mobile App,Credit Card,Delivered,South
ORD003299,CUST00354,2025-08-18,PROD0040,6,0.1,10.47,Mobile App,Credit Card,Cancelled,East
ORD003300,CUST00952,2026-07-13,PROD0069,3,0.1,19.4,Mobile App,Net Banking,Delivered,East
ORD003301,CUST01905,2026-04-15,PROD0012,3,0.0,8.47,Mobile App,COD,Delivered,South
ORD003302,CUST00183,2025-11-04,PROD0086,1,0.0,14.09,Online,Debit Card,Delivered,South
ORD003303,CUST00793,2025-07-14,PROD0090,4,0.0,5.12,Online,COD,Delivered,West
ORD003304,CUST00278,2026-04-11,PROD0102,4,0.3,18.55,Mobile App,Credit Card,Returned,West
ORD003305,CUST01095,2025-09-03,PROD0050,5,0.0,1.31,Mobile App,COD,Delivered,South
ORD003306,CUST01743,2025-11-21,PROD0119,3,0.15,21.31,In-Store,COD,Delivered,South
ORD003307,CUST00827,2025-08-12,PROD0020,5,0.05,4.95,Online,Wallet,Pending,North
ORD003308,CUST00978,01-25-2026,PROD0095,6,0.1,21.86,Mobile App,Debit Card,Returned,North
ORD003309,CUST01688,0000-00-00,PROD0068,4,0.2,8.81,In-Store,Debit Card,Cancelled,South
ORD003310,CUST01052,2025-08-21,PROD0121,3,0.05,18.07,In-Store,Wallet,Delivered,North
ORD003311,CUST01647,2025-12-04,PROD0021,3,0.0,7.98,In-Store,UPI,Delivered,East
ORD003312,CUST00799,2026-01-13,PROD0054,6,0.2,22.65,In-Store,Credit Card,Delivered,North
ORD003313,CUST01070,2025-08-12,PROD0089,2,0.25,,Mobile App,Credit Card,Delivered,South
ORD003314,CUST01811,2026-07-27,PROD0053,4,0.0,4.46,Online,UPI,Delivered,East
ORD003315,CUST01876,2025-09-09,PROD0109,4,0.0,12.33,Online,Debit Card,Delivered,East
ORD003316,CUST01557,2026-04-01,PROD0086,5,0.3,2.05,Mobile App,Wallet,Delivered,South
ORD003317,CUST01235,07-20-2026,PROD0112,3,0.0,4.9,Mobile App,COD,Delivered,South
ORD003318,CUST00493,2025-09-05,PROD0029,1,0.0,23.59,Mobile App,Net Banking,Delivered,South
ORD003319,CUST01792,2025-07-05,PROD0054,0,0.25,24.41,In-Store,Net Banking,Delivered,North
ORD003320,CUST00001,2025-08-24,PROD0019,1,0.2,9.41,In-Store,COD,Delivered,North
ORD003321,CUST00293,2026-06-10,PROD0088,5,0.15,23.08,In-Store,Wallet,Delivered,North
ORD003322,CUST01563,2025-11-16,PROD0074,4,0.0,13.62,Online,Net Banking,Delivered,West
ORD003323,CUST01863,2025-11-14,PROD0122,5,0.0,6.74,In-Store,Credit Card,Delivered,South
ORD003324,CUST01453,2026-01-16,PROD0059,6,0.0,17.56,In-Store,Debit Card,Delivered,East
ORD003325,CUST00558,2026-06-10,PROD0091,6,0.0,16.47,Mobile App,Wallet,Delivered,North
ORD003326,CUST00336,2026-06-09,PROD0102,1,0.1,24.73,In-Store,COD,Delivered,North
ORD003327,CUST00881,2026-03-31,PROD0021,4,0.15,6.63,In-Store,UPI,Cancelled,North
ORD003328,CUST01682,2026-04-05,PROD0118,6,0.3,16.8,In-Store,COD,Delivered,East
ORD003329,CUST00128,2025-07-13,PROD0057,5,0.05,1.3,In-Store,Wallet,Delivered,South
ORD003330,CUST00434,2025-07-12,PROD0071,3,0.3,2.84,Mobile App,Debit Card,Delivered,North
ORD003331,CUST01408,12-07-2025,PROD0094,4,0.25,0.1,Online,UPI,Cancelled,South
ORD003332,CUST01028,2025-10-19,PROD0085,2,0.05,24.99,Mobile App,Credit Card,Delivered,East
ORD003333,CUST00366,2025-11-29,PROD0107,6,0.05,20.06,Online,Wallet,Pending,North
ORD003334,CUST00944,2026-05-01,PROD0103,5,0.2,19.67,Mobile App,Wallet,Delivered,West
ORD003335,CUST01688,2026-04-16,PROD0119,5,0.3,12.74,In-Store,COD,Delivered,North
ORD003336,CUST00442,02-24-2026,PROD0092,5,0.0,7.5,In-Store,COD,Delivered,South
ORD003337,CUST01488,2025-12-11,PROD0081,4,0.0,3.78,Mobile App,Credit Card,Delivered,North
ORD003338,CUST00050,2025-12-25,PROD0103,5,0.15,7.12,Online,UPI,Delivered,North
ORD003339,CUST00767,2025-12-24,PROD0094,4,0.0,9.4,In-Store,Debit Card,Delivered,West
ORD003340,CUST01108,2025-09-18,PROD0073,2,0.0,18.91,Online,Net Banking,Delivered,North
ORD003341,CUST01452,2025-12-12,PROD0051,1,0.05,13.49,Mobile App,Wallet,Delivered,West
ORD003342,CUST01245,10-03-2025,PROD0025,2,0.1,1.94,Online,Debit Card,Delivered,West
ORD003343,CUST00795,2026-01-04,PROD0111,4,0.1,0.45,Mobile App,UPI,Delivered,South
ORD003344,CUST01151,2025-11-19,PROD0078,3,0.0,2.56,Mobile App,Net Banking,Delivered,West
ORD003345,CUST01085,2026-02-11,PROD0044,6,0.2,10.26,Mobile App,Wallet,Delivered,East
ORD003346,CUST00919,2026-01-18,PROD0073,3,0.0,23.33,Online,UPI,Delivered,South
ORD003347,CUST00296,2026-05-31,PROD0024,5,0.0,15.94,Mobile App,Net Banking,Delivered,South
ORD003348,CUST00532,2025-12-15,PROD0081,5,0.3,20.05,Online,UPI,Delivered,West
ORD003349,CUST01197,2026-06-06,PROD0058,3,0.2,11.66,Mobile App,Wallet,Delivered,North
ORD003350,CUST01790,2025-10-07,PROD0073,5,0.0,9.04,In-Store,Credit Card,Returned,West
ORD003351,CUST00677,2026-02-10,PROD0088,3,0.0,2.71,Mobile App,Credit Card,Delivered,East
ORD003352,CUST00830,2026-02-26,PROD0027,3,0.0,21.9,In-Store,COD,Delivered,West
ORD003353,CUST01828,2025-12-10,PROD0010,3,0.0,19.58,Mobile App,Debit Card,Delivered,South
ORD003354,CUST01702,2026-05-18,PROD0094,6,0.0,4.2,In-Store,Wallet,Delivered,East
ORD003355,CUST01605,2025-08-25,PROD0101,3,0.2,12.81,Online,COD,Delivered,East
ORD003356,CUST01669,2026-04-17,PROD0089,4,0.0,12.18,In-Store,UPI,Delivered,South
ORD003357,CUST01960,2025-10-03,PROD0116,1,0.1,15.63,In-Store,UPI,Delivered,East
ORD003358,CUST00235,2026-07-03,PROD0049,4,0.05,23.65,Mobile App,Debit Card,Delivered,South
ORD003359,CUST00166,2025-09-20,PROD0065,4,0.0,14.49,Online,Credit Card,Delivered,East
ORD003360,CUST01995,2026-05-04,PROD0088,1,0.3,13.51,In-Store,UPI,Delivered,West
ORD003361,CUST01810,2025-11-04,PROD0078,6,0.3,1.26,Online,Debit Card,Delivered,North
ORD003362,CUST01488,2026-04-08,PROD0034,6,0.2,1.57,Mobile App,Net Banking,Delivered,North
ORD003363,CUST01183,2026-03-26,PROD0101,5,0.25,4.68,In-Store,UPI,Delivered,East
ORD003364,CUST01281,2026-02-04,PROD0019,1,0.05,0.81,In-Store,UPI,Delivered,East
ORD003365,CUST01905,2025-12-26,PROD0105,5,0.0,18.58,Online,Net Banking,Delivered,South
ORD003366,CUST01476,2025-07-28,PROD0043,2,0.2,18.08,Mobile App,Net Banking,Returned,West
ORD003367,CUST01987,2025-09-29,PROD0032,3,0.2,3.4,Online,Debit Card,Delivered,East
ORD003368,CUST01200,2025-09-10,PROD0032,1,0.0,20.9,Mobile App,Net Banking,Cancelled,North
ORD003369,CUST00198,2026-06-16,PROD0018,2,0.0,3.87,Mobile App,Wallet,Delivered,North
ORD003370,CUST01465,2025-10-16,PROD0050,3,0.1,7.53,Mobile App,UPI,Delivered,South
ORD003371,CUST00762,03-08-2026,PROD0010,5,0.25,6.22,Mobile App,Credit Card,Delivered,South
ORD003372,CUST01557,2025-09-29,PROD0112,6,0.25,9.31,In-Store,Net Banking,Delivered,South
ORD003373,CUST01303,2025-09-21,PROD0029,3,0.1,6.37,Online,Credit Card,Cancelled,South
ORD003374,CUST00498,2025-09-10,PROD0058,2,0.15,12.22,Mobile App,COD,Pending,West
ORD003375,CUST01272,2025-10-29,PROD0055,3,0.3,10.19,Mobile App,UPI,Delivered,West
ORD003376,CUST01801,2026-04-06,PROD0011,3,0.0,24.66,Online,UPI,Pending,East
ORD003377,CUST00043,2026-03-14,PROD0062,5,0.0,1.4,Mobile App,Credit Card,Delivered,South
ORD003378,CUST00937,2026-07-29,PROD0064,1,0.25,3.55,Mobile App,Wallet,Delivered,South
ORD003379,CUST01945,2025-12-01,PROD0061,6,0.1,1.32,In-Store,Wallet,Delivered,West
ORD003380,CUST01708,2025-08-05,PROD0063,1,0.2,15.65,Online,Credit Card,Delivered,South
ORD003381,CUST01172,2025-11-30,PROD0122,3,0.2,1.36,In-Store,COD,Delivered,East
ORD003382,CUST00710,2026-03-20,PROD0072,1,0.0,20.91,Mobile App,UPI,Delivered,West
ORD003383,CUST01718,2025-09-08,PROD0024,6,0.25,12.8,In-Store,Wallet,Delivered,South
ORD003384,CUST01600,2026-01-16,PROD0057,1,0.0,13.18,Online,Net Banking,Pending,North
ORD003385,CUST01011,2026-03-08,PROD0006,4,0.1,14.04,In-Store,Wallet,Delivered,East
ORD003386,CUST00829,2026-04-23,PROD0085,1,0.0,4.27,Mobile App,UPI,Delivered,South
ORD003387,CUST01823,2025-12-24,PROD0010,2,0.0,4.94,Online,Net Banking,Delivered,North
ORD003388,CUST00269,2025-07-03,PROD0096,2,0.0,7.97,Online,Credit Card,Delivered,South
ORD003389,CUST01083,2026-04-21,PROD0004,4,0.0,14.84,In-Store,COD,Delivered,West
ORD003390,CUST01099,2025-08-29,PROD0024,1,0.1,5.25,In-Store,COD,Cancelled,North
ORD003391,CUST00858,2026-07-29,PROD0042,4,0.0,2.91,Online,Wallet,Delivered,East
ORD003392,CUST00041,2026-02-22,PROD0031,1,0.05,24.25,In-Store,Credit Card,Delivered,East
ORD003393,CUST01949,12-22-2025,PROD0008,2,0.25,0.55,Mobile App,Wallet,Delivered,South
ORD003394,CUST00527,2025-11-18,PROD0100,6,0.2,20.07,Mobile App,Wallet,Delivered,East
ORD003395,CUST01755,2026-01-12,PROD0121,4,0.1,19.7,Online,UPI,Delivered,East
ORD003396,CUST01927,07-05-2025,PROD0057,1,0.0,7.43,In-Store,Debit Card,Delivered,East
ORD003397,CUST00366,2026-03-08,PROD0025,1,0.05,3.39,Online,Debit Card,Delivered,South
ORD003398,CUST00429,2025-10-23,PROD0093,2,0.0,3.64,Online,UPI,Delivered,North
ORD003399,CUST00864,2025-12-23,PROD0105,4,0.15,17.44,In-Store,Credit Card,Delivered,North
ORD003400,CUST00781,07-19-2025,PROD0021,3,0.0,16.07,Mobile App,Wallet,Delivered,South
ORD003401,CUST00175,2026-05-16,PROD0037,2,0.3,19.57,Online,Debit Card,Delivered,West
ORD003402,CUST01385,2025-10-24,PROD0068,3,0.15,23.44,Online,Wallet,Delivered,West
ORD003403,CUST00435,2026-01-06,PROD0015,3,0.0,17.3,Mobile App,Debit Card,Delivered,South
ORD003404,CUST00795,2025-10-07,PROD0069,6,0.1,3.9,Mobile App,UPI,Delivered,South
ORD003405,CUST01125,2026-05-20,PROD0121,2,0.1,6.09,In-Store,Debit Card,Delivered,South
ORD003406,CUST01659,2026-01-23,PROD0058,3,0.0,21.05,Online,Debit Card,Cancelled,West
ORD003407,CUST00709,2026-06-04,PROD0038,1,0.05,5.23,Mobile App,Net Banking,Delivered,South
ORD003408,CUST00795,2026-02-28,PROD0022,1,0.3,1.81,Mobile App,Wallet,Delivered,East
ORD003409,CUST00046,2026-01-31,PROD0039,6,0.0,17.58,Online,Net Banking,Delivered,West
ORD003410,CUST01510,2025-07-06,PROD0111,3,0.0,10.06,Mobile App,Debit Card,Delivered,South
ORD003411,CUST00740,2025-08-14,PROD0072,4,0.2,23.0,Online,Credit Card,Delivered,East
ORD003412,CUST01185,2025-10-23,PROD0111,6,0.0,16.26,Online,Net Banking,Delivered,West
ORD003413,CUST00809,2026-04-23,PROD0070,6,0.25,2.26,In-Store,Debit Card,Delivered,East
ORD003414,CUST00348,2026-06-03,PROD0023,5,0.1,23.7,Online,COD,Cancelled,South
ORD003415,CUST01638,2025-12-21,PROD0107,5,0.0,,In-Store,Net Banking,Delivered,West
ORD003416,CUST01473,2026-01-05,PROD0110,2,0.1,8.43,Online,Net Banking,Delivered,South
ORD003417,CUST01708,2025-11-26,PROD0097,5,0.0,10.06,Online,COD,Delivered,South
ORD003418,CUST01018,2026-02-17,PROD0075,4,0.05,1.28,Mobile App,Wallet,Cancelled,South
ORD003419,CUST01996,2026-03-14,PROD0063,5,0.25,12.41,In-Store,Wallet,Delivered,North
ORD003420,CUST00895,2025-10-24,PROD0009,2,0.25,3.08,In-Store,UPI,Delivered,East
ORD003421,CUST00012,2025-08-24,PROD0003,5,0.1,10.02,Online,Credit Card,Delivered,North
ORD003422,CUST01122,2025-10-25,PROD0076,6,0.0,8.77,Online,UPI,Returned,North
ORD003423,CUST01353,2025-08-17,PROD0082,2,0.0,19.32,Mobile App,Wallet,Returned,South
ORD003424,CUST01456,2026-02-24,PROD0054,2,0.05,20.08,In-Store,UPI,Delivered,East
ORD003425,CUST00402,2026-02-04,PROD0027,1,0.3,3.84,In-Store,UPI,Delivered,West
ORD003426,CUST00945,2025-12-06,PROD0095,1,0.0,9.16,Mobile App,Credit Card,Delivered,North
ORD003427,CUST00770,2026-03-19,PROD0045,2,0.0,9.33,In-Store,Credit Card,Delivered,West
ORD003428,CUST01189,2026-04-05,PROD0016,2,0.2,3.79,In-Store,Wallet,Cancelled,South
ORD003429,CUST01029,2026-07-09,PROD0104,4,0.0,19.96,Mobile App,COD,Delivered,West
ORD003430,CUST01223,2025-12-29,PROD0058,3,0.2,17.68,In-Store,Wallet,Pending,West
ORD003431,CUST01849,2026-03-09,PROD0060,2,0.3,,In-Store,Credit Card,Delivered,West
ORD003432,CUST01846,2026-03-26,PROD0029,6,0.25,9.17,Mobile App,Debit Card,Delivered,East
ORD003433,CUST01025,2026-06-19,PROD0052,6,0.2,2.65,In-Store,COD,Delivered,South
ORD003434,CUST01523,2026-05-27,PROD0097,3,0.2,,In-Store,Debit Card,Delivered,West
ORD003435,CUST00899,2025-10-16,PROD0088,2,0.15,3.03,Mobile App,Net Banking,Delivered,North
ORD003436,CUST01540,2025-09-23,PROD0112,6,0.15,24.65,In-Store,COD,Delivered,South
ORD003437,CUST01499,2025-07-29,PROD0075,5,0.0,19.52,Mobile App,Credit Card,Cancelled,North
ORD003438,CUST00578,2026-01-30,PROD0029,6,0.0,9.76,In-Store,UPI,Delivered,West
ORD003439,CUST00814,2025-12-06,PROD0063,-3,0.1,14.46,Online,Credit Card,Delivered,South
ORD003440,CUST00414,2025-11-28,PROD0055,6,0.2,22.78,In-Store,Wallet,Cancelled,East
ORD003441,CUST00366,2025-08-23,PROD0035,2,0.2,13.85,Online,Net Banking,Delivered,South
ORD003442,CUST00207,2026-04-13,PROD0048,1,0.05,4.36,In-Store,COD,Delivered,North
ORD003443,CUST00015,2026-06-12,PROD0035,1,0.0,9.47,In-Store,Wallet,Delivered,South
ORD003444,CUST01128,2026-07-02,PROD0120,4,0.3,21.08,Mobile App,Credit Card,Delivered,North
ORD003445,CUST00072,2025-11-02,PROD0025,5,0.2,16.11,In-Store,COD,Delivered,North
ORD003446,CUST00526,2026-02-28,PROD0117,1,0.25,16.27,Online,UPI,Delivered,East
ORD003447,CUST01761,2026-01-03,PROD0027,1,0.0,21.67,In-Store,UPI,Delivered,West
ORD003448,CUST00049,2026-07-22,PROD0089,5,0.2,22.35,Online,COD,Delivered,West
ORD003449,CUST00604,2026-07-02,PROD0034,4,0.0,22.99,Online,UPI,Delivered,East
ORD003450,CUST00532,05-30-2026,PROD0060,5,0.15,2.37,Online,COD,Delivered,West
ORD003451,CUST00426,2026-05-17,PROD0034,4,0.0,13.6,Online,UPI,Cancelled,South
ORD003452,CUST01196,2025-11-18,PROD0009,3,0.2,18.51,Mobile App,UPI,Delivered,North
ORD003453,CUST00156,04-19-2026,PROD0107,3,0.15,18.92,Mobile App,UPI,Delivered,West
ORD003454,CUST01597,2025-10-15,PROD0116,5,0.2,15.17,Online,Debit Card,Returned,North
ORD003455,CUST00880,2025-07-26,PROD0099,5,0.0,4.17,In-Store,Debit Card,Pending,East
ORD003456,CUST01641,2026-07-23,PROD0021,1,0.3,19.94,Mobile App,Credit Card,Delivered,North
ORD003457,CUST01676,2026-01-13,PROD0122,2,0.0,18.0,In-Store,Debit Card,Delivered,South
ORD003458,CUST01423,2025-09-07,PROD0111,4,0.0,2.15,Mobile App,Debit Card,Delivered,North
ORD003459,CUST00055,2025-09-10,PROD0055,6,0.05,,Online,Debit Card,Delivered,North
ORD003460,CUST00849,2026-03-20,PROD0064,6,0.1,4.35,Mobile App,Credit Card,Delivered,West
ORD003461,CUST00175,2025-09-01,PROD0013,5,0.25,8.44,In-Store,Debit Card,Delivered,South
ORD003462,CUST00430,2025-10-30,PROD0047,6,0.0,0.45,Online,Credit Card,Returned,South
ORD003463,CUST01472,2025-12-28,PROD0040,6,0.25,10.01,In-Store,Wallet,Cancelled,North
ORD003464,CUST01625,2026-07-30,PROD0058,6,0.1,13.75,Mobile App,COD,Delivered,West
ORD003465,CUST01333,2026-04-08,PROD0017,6,0.0,15.49,In-Store,UPI,Delivered,South
ORD003466,CUST01072,2025-08-19,PROD0056,4,0.25,,Mobile App,UPI,Delivered,West
ORD003467,CUST00517,2025-10-27,PROD0021,6,0.0,20.91,In-Store,Debit Card,Delivered,South
ORD003468,CUST00702,2026-01-18,PROD0018,1,0.1,5.39,Mobile App,COD,Pending,East
ORD003469,CUST00185,2026-03-02,PROD0057,1,0.25,3.01,In-Store,UPI,Delivered,East
ORD003470,CUST00659,08-09-2025,PROD0024,4,0.0,21.29,In-Store,Debit Card,Delivered,South
ORD003471,CUST00569,2026-05-20,PROD0094,3,0.3,3.92,In-Store,Credit Card,Delivered,East
ORD003472,CUST01889,2025-12-11,PROD0104,5,0.25,24.37,In-Store,COD,Delivered,North
ORD003473,CUST00710,2026-07-16,PROD0102,4,0.2,21.06,Mobile App,Credit Card,Delivered,West
ORD003474,CUST00256,2025-09-27,PROD0034,3,0.25,12.52,Mobile App,UPI,Delivered,West
ORD003475,CUST00714,2025-09-23,PROD0023,3,0.0,24.54,Mobile App,Wallet,Pending,South
ORD003476,CUST01147,2025-07-03,PROD0110,4,0.0,2.43,Online,Net Banking,Delivered,West
ORD003477,CUST00351,2026-05-25,PROD0005,1,0.3,7.58,Mobile App,Debit Card,Delivered,North
ORD003478,CUST00708,2025-07-03,PROD0087,5,0.0,15.96,In-Store,COD,Delivered,South
ORD003479,CUST01965,2025-07-26,PROD0075,4,0.0,8.75,Online,Debit Card,Delivered,North
ORD003480,CUST00279,2025-07-08,PROD0109,2,0.3,23.21,In-Store,COD,Delivered,South
ORD003481,CUST00346,2025-12-18,PROD0056,6,0.1,1.64,Online,Debit Card,Delivered,South
ORD003482,CUST00066,2025-12-01,PROD0002,1,0.25,13.74,Online,COD,Delivered,North
ORD003483,CUST00304,2026-03-09,PROD0038,3,0.2,14.77,In-Store,Credit Card,Delivered,East
ORD003484,CUST00734,2026-04-21,PROD0011,6,0.15,16.32,Online,Debit Card,Delivered,West
ORD003485,CUST00594,2026-01-13,PROD0074,1,0.25,6.39,In-Store,Credit Card,Delivered,West
ORD003486,CUST01706,2025-08-26,PROD0118,5,0.05,9.11,Mobile App,Wallet,Delivered,West
ORD003487,CUST00299,2025-09-03,PROD0041,5,0.0,21.09,Mobile App,Net Banking,Delivered,East
ORD003488,CUST01908,2026-03-24,PROD0088,3,0.0,4.87,Mobile App,COD,Delivered,West
ORD003489,CUST01500,2026-05-18,PROD0106,3,0.0,20.67,Mobile App,Wallet,Delivered,East
ORD003490,CUST00168,2026-06-10,PROD0101,5,0.15,14.07,Mobile App,UPI,Delivered,West
ORD003491,CUST01444,2025-07-27,PROD0096,1,0.0,19.05,Online,Debit Card,Delivered,South
ORD003492,CUST00963,2026-01-22,PROD0023,3,0.0,17.84,Online,UPI,Delivered,East
ORD003493,CUST00889,2026-07-21,PROD0054,3,0.3,5.19,Online,Credit Card,Pending,East
ORD003494,CUST00623,2026-06-07,PROD0019,4,0.0,14.22,Online,Credit Card,Cancelled,East
ORD003495,CUST00792,2026-05-10,PROD0042,6,0.0,21.69,Mobile App,Net Banking,Delivered,West
ORD003496,CUST00571,2025-10-14,PROD0029,6,0.1,10.8,Online,Debit Card,Cancelled,East
ORD003497,CUST00240,2025-07-12,PROD0106,0,0.3,24.16,Online,Credit Card,Returned,South
ORD003498,CUST00712,2026-04-11,PROD0099,3,0.05,11.31,In-Store,Net Banking,Cancelled,East
ORD003499,CUST01187,2025-08-11,PROD0063,5,0.3,3.57,Mobile App,Wallet,Delivered,East
ORD003500,CUST00821,2025-08-03,PROD0075,5,0.1,9.74,Mobile App,Credit Card,Returned,South
ORD003501,CUST00581,2025-11-16,PROD0079,6,0.05,,In-Store,Credit Card,Delivered,North
ORD003502,CUST00192,2025-07-18,PROD0078,4,0.2,7.99,Mobile App,Wallet,Delivered,South
ORD003503,CUST00789,2025-08-13,PROD0037,5,0.0,21.7,Online,Wallet,Delivered,North
ORD003504,CUST00882,2026-02-14,PROD0036,3,0.0,22.03,Online,Net Banking,Delivered,West
ORD003505,CUST00037,2026-02-15,PROD0103,5,0.2,8.75,In-Store,Net Banking,Delivered,North
ORD003506,CUST00725,2026-04-03,PROD0089,2,0.1,2.08,In-Store,Wallet,Delivered,South
ORD003507,CUST01157,2025-08-13,PROD0032,6,0.15,18.11,In-Store,COD,Pending,North
ORD003508,CUST00015,2025-09-14,PROD0061,4,0.3,7.79,Mobile App,Wallet,Delivered,West
ORD003509,CUST00082,2026-06-26,PROD0081,2,0.0,19.57,Online,Credit Card,Delivered,North
ORD003510,CUST01880,2026-02-23,PROD0068,2,0.0,11.07,Mobile App,Credit Card,Delivered,North
ORD003511,CUST01118,2025-09-23,PROD0004,4,0.15,12.13,In-Store,Net Banking,Cancelled,East
ORD003512,CUST01782,2025-09-03,PROD0085,4,0.0,19.45,Online,UPI,Delivered,West
ORD003513,CUST01117,2025-12-09,PROD0039,2,0.1,9.56,In-Store,Net Banking,Delivered,East
ORD003514,CUST00137,2025-08-14,PROD0107,1,0.0,11.08,Mobile App,Wallet,Delivered,North
ORD003515,CUST01523,2025-12-19,PROD0119,6,0.2,9.4,In-Store,Debit Card,Cancelled,West
ORD003516,CUST02000,2025-12-26,PROD0114,5,0.05,9.18,Mobile App,Credit Card,Delivered,West
ORD003517,CUST01320,2026-01-16,PROD0039,4,0.0,13.15,Online,Credit Card,Pending,South
ORD003518,CUST01887,2025-08-23,PROD0116,3,0.25,,In-Store,Net Banking,Delivered,South
ORD003519,CUST00893,2025-11-20,PROD0029,1,0.25,9.04,In-Store,Credit Card,Delivered,West
ORD003520,CUST01565,2026-07-12,PROD0100,1,0.0,13.11,In-Store,COD,Delivered,South
ORD003521,CUST00854,2025-12-31,PROD0044,-1,0.25,16.77,In-Store,Net Banking,Delivered,South
ORD003522,CUST00533,2025-09-04,PROD0121,4,0.15,6.74,Online,COD,Returned,North
ORD003523,CUST01737,2025-08-12,PROD0017,5,0.05,6.94,Mobile App,Wallet,Returned,North
ORD003524,CUST01781,2025-09-24,PROD0093,6,0.1,23.34,In-Store,COD,Delivered,North
ORD003525,CUST01557,2026-02-18,PROD0010,6,0.05,18.09,In-Store,COD,Delivered,South
ORD003526,CUST00696,2025-12-13,PROD0025,2,0.3,14.43,Mobile App,Credit Card,Delivered,East
ORD003527,CUST00227,2026-04-04,PROD0045,2,0.1,16.19,Online,Wallet,Returned,West
ORD003528,CUST00398,2025-11-07,PROD0084,5,0.0,0.73,Mobile App,Debit Card,Delivered,South
ORD003529,CUST01052,2025-09-06,PROD0006,4,0.3,15.45,In-Store,Credit Card,Delivered,South
ORD003530,CUST01687,2025-08-12,PROD0087,3,0.1,12.74,Online,Debit Card,Pending,East
ORD003531,CUST01751,2025-08-21,PROD0084,5,0.05,13.64,Online,COD,Delivered,North
ORD003532,CUST01808,2026-04-30,PROD0061,3,0.15,8.99,In-Store,Wallet,Delivered,West
ORD003533,CUST00252,2025-09-16,PROD0096,4,0.0,2.04,Online,Credit Card,Delivered,East
ORD003534,CUST00706,2026-06-19,PROD0111,6,0.25,4.83,Mobile App,Wallet,Pending,South
ORD003535,CUST01983,2025-07-03,PROD0058,2,0.0,23.77,Online,COD,Pending,East
ORD003536,CUST01662,2025-10-25,PROD0077,6,0.15,10.22,Mobile App,Net Banking,Delivered,South
ORD003537,CUST01730,2025-08-03,PROD0002,3,0.0,11.67,Mobile App,Wallet,Delivered,North
ORD003538,CUST01949,2026-02-01,PROD0092,4,0.0,1.32,Mobile App,Credit Card,Delivered,North
ORD003539,CUST00160,2026-03-13,PROD0006,6,0.05,0.94,Mobile App,Credit Card,Delivered,East
ORD003540,CUST00698,2026-01-17,PROD0106,3,0.0,17.93,In-Store,COD,Delivered,West
ORD003541,CUST01405,2026-06-29,PROD0082,1,0.15,13.45,Online,Debit Card,Delivered,South
ORD003542,CUST00440,2026-04-20,PROD0024,6,0.0,12.72,In-Store,UPI,Delivered,North
ORD003543,CUST00969,2026-03-09,PROD0102,4,0.2,6.08,In-Store,UPI,Delivered,East
ORD003544,CUST01562,2026-05-02,PROD0010,5,0.1,18.62,Online,Wallet,Delivered,East
ORD003545,CUST00832,2026-06-16,PROD0005,4,0.0,4.21,Mobile App,Net Banking,Delivered,West
ORD003546,CUST01317,2026-04-05,PROD0092,1,0.0,4.75,In-Store,Wallet,Delivered,East
ORD003547,CUST00728,2025-11-20,PROD0101,6,0.3,11.52,Mobile App,COD,Delivered,East
ORD003548,CUST00754,2025-12-02,PROD0060,1,0.0,7.16,Online,Net Banking,Delivered,North
ORD003549,CUST01617,2025-11-09,PROD0075,6,0.0,6.19,Online,UPI,Delivered,South
ORD003550,CUST00271,2026-02-11,PROD0028,3,0.0,16.13,Mobile App,Net Banking,Delivered,East
ORD003551,CUST01594,2026-01-04,PROD0015,6,0.15,16.27,Online,COD,Delivered,North
ORD003552,CUST01271,2026-01-28,PROD0087,4,0.05,20.61,In-Store,Net Banking,Delivered,South
ORD003553,CUST01940,2025-11-08,PROD0122,4,0.25,10.44,Online,Net Banking,Delivered,North
ORD003554,CUST00324,2026-07-25,PROD0067,6,0.05,1.83,Mobile App,Net Banking,Cancelled,South
ORD003555,CUST01308,2026-07-06,PROD0121,4,0.3,6.84,In-Store,UPI,Delivered,North
ORD003556,CUST00273,2026-01-17,PROD0059,3,0.0,24.5,Mobile App,UPI,Delivered,West
ORD003557,CUST01794,2025-09-21,PROD0092,6,0.0,14.91,Online,UPI,Delivered,North
ORD003558,CUST01733,2025-12-04,PROD0110,3,0.15,17.74,In-Store,Net Banking,Delivered,East
ORD003559,CUST00500,2025-10-13,PROD0070,1,0.2,0.18,In-Store,UPI,Delivered,East
ORD003560,CUST01995,2025-07-02,PROD0088,6,0.0,12.96,Mobile App,Wallet,Pending,East
ORD003561,CUST01795,2026-04-13,PROD0078,1,0.0,0.94,Online,Credit Card,Delivered,South
ORD003562,CUST00082,2025-07-13,PROD0022,6,0.0,14.23,Mobile App,UPI,Returned,West
ORD003563,CUST00413,2026-02-04,PROD0090,5,0.2,23.02,Mobile App,Debit Card,Delivered,West
ORD003564,CUST01226,2026-06-28,PROD0121,3,0.0,24.21,Mobile App,COD,Delivered,East
ORD003565,CUST01699,2026-06-19,PROD0077,5,0.0,13.51,In-Store,Net Banking,Delivered,North
ORD003566,CUST00332,2025-09-11,PROD0044,3,0.05,11.46,Online,UPI,Delivered,South
ORD003567,CUST00873,2026-02-07,PROD0061,4,0.05,23.63,Mobile App,UPI,Returned,East
ORD003568,CUST00245,0000-00-00,PROD0010,6,0.3,16.84,Mobile App,Wallet,Delivered,East
ORD003569,CUST00466,2026-07-22,PROD0021,2,0.15,1.62,Online,COD,Cancelled,East
ORD003570,CUST00029,2025-12-28,PROD0046,2,0.1,11.64,Mobile App,Debit Card,Delivered,North
ORD003571,CUST01188,2026-02-22,PROD0020,5,0.05,6.01,Mobile App,Net Banking,Delivered,West
ORD003572,CUST01390,2026-01-15,PROD0044,5,0.0,11.75,Mobile App,Debit Card,Delivered,East
ORD003573,CUST00871,2025-12-07,PROD0014,1,0.05,11.39,In-Store,Credit Card,Delivered,South
ORD003574,CUST01445,2026-05-31,PROD0018,4,0.25,14.55,Online,Credit Card,Returned,East
ORD003575,CUST00907,2025-07-28,PROD0073,5,0.0,8.92,Mobile App,Debit Card,Delivered,West
ORD003576,CUST01041,2026-02-28,PROD0048,5,0.0,4.11,Mobile App,Credit Card,Returned,North
ORD003577,CUST00916,2026-07-15,PROD0067,3,0.1,12.59,In-Store,Wallet,Delivered,North
ORD003578,CUST01859,2026-07-29,PROD0101,1,0.3,20.76,Mobile App,COD,Delivered,East
ORD003579,CUST00235,2025-08-09,PROD0120,4,0.0,16.6,Mobile App,Debit Card,Delivered,North
ORD003580,CUST00979,2026-05-18,PROD0109,5,0.0,8.46,In-Store,Wallet,Delivered,North
ORD003581,CUST01851,2026-05-16,PROD0041,5,0.0,23.39,Mobile App,Net Banking,Delivered,East
ORD003582,CUST00888,2025-09-09,PROD0044,4,0.25,22.81,Online,COD,Delivered,West
ORD003583,CUST00908,2026-07-12,PROD0013,4,0.2,5.23,In-Store,UPI,Delivered,North
ORD003584,CUST00756,2026-05-31,PROD0076,1,0.2,0.99,In-Store,Debit Card,Delivered,West
ORD003585,CUST00834,2025-08-30,PROD0082,4,0.3,18.53,Online,UPI,Delivered,South
ORD003586,CUST01348,2025-09-27,PROD0119,1,0.0,,Mobile App,Net Banking,Delivered,North
ORD003587,CUST01519,2025-11-15,PROD0017,1,0.0,24.2,Online,Credit Card,Delivered,East
ORD003588,CUST01165,2026-02-25,PROD0056,5,0.15,22.25,Online,Net Banking,Returned,East
ORD003589,CUST00660,2025-09-05,PROD0103,5,0.0,15.01,Mobile App,Net Banking,Delivered,West
ORD003590,CUST00945,07-19-2026,PROD0067,1,0.0,13.25,Mobile App,UPI,Delivered,South
ORD003591,CUST01391,2026-01-26,PROD0060,2,0.0,0.7,Online,Debit Card,Delivered,North
ORD003592,CUST01282,2026-05-19,PROD0017,6,0.2,6.17,Online,COD,Delivered,South
ORD003593,CUST01475,2026-04-19,PROD0120,2,0.05,11.49,Mobile App,Wallet,Delivered,North
ORD003594,CUST00567,2026-03-18,PROD0045,6,0.1,15.71,Online,Net Banking,Delivered,East
ORD003595,CUST01955,2025-07-24,PROD0066,5,0.0,13.93,Mobile App,UPI,Delivered,North
ORD003596,CUST00860,2025-09-09,PROD0089,0,0.25,18.57,Online,Wallet,Delivered,East
ORD003597,CUST00938,2026-05-13,PROD0077,1,0.1,6.99,Online,UPI,Delivered,East
ORD003598,CUST01307,2025-08-11,PROD0003,4,0.0,14.12,In-Store,Credit Card,Returned,South
ORD003599,CUST01304,2025-11-05,PROD0023,2,0.0,,Mobile App,COD,Delivered,West
ORD003600,CUST01294,2026-05-23,PROD0041,5,0.1,10.34,Online,Credit Card,Delivered,South
ORD003601,CUST01277,2025-10-01,PROD0003,1,0.3,18.75,Online,UPI,Cancelled,South
ORD003602,CUST00625,2025-09-28,PROD0034,2,0.25,17.34,Online,UPI,Delivered,West
ORD003603,CUST01113,2025-07-30,PROD0075,5,0.0,24.77,Mobile App,Net Banking,Delivered,South
ORD003604,CUST01924,2026-06-09,PROD0094,6,0.0,6.95,In-Store,COD,Delivered,West
ORD003605,CUST00193,2025-08-31,PROD0099,5,0.0,12.45,Mobile App,COD,Delivered,North
ORD003606,CUST01395,2025-10-31,PROD0110,4,0.15,8.24,Online,Credit Card,Delivered,East
ORD003607,CUST00058,2026-06-04,PROD0092,3,0.0,11.02,Online,UPI,Pending,West
ORD003608,CUST01762,2025-11-12,PROD0058,2,0.15,21.42,Online,Credit Card,Delivered,East
ORD003609,CUST00897,2026-03-21,PROD0108,3,0.3,17.11,In-Store,Debit Card,Delivered,North
ORD003610,CUST01602,2026-07-20,PROD0071,1,0.0,22.06,Online,Credit Card,Delivered,West
ORD003611,CUST00745,2026-03-07,PROD0065,4,0.2,5.09,In-Store,Net Banking,Delivered,West
ORD003612,CUST00681,2025-08-17,PROD0029,6,0.05,21.83,Mobile App,Debit Card,Delivered,North
ORD003613,CUST00115,2025-10-03,PROD0042,6,0.1,1.49,In-Store,Net Banking,Delivered,West
ORD003614,CUST01522,2026-01-11,PROD0087,5,0.3,22.21,Online,COD,Delivered,West
ORD003615,CUST00537,2025-09-18,PROD0085,1,0.15,8.23,Online,COD,Delivered,North
ORD003616,CUST01489,2026-02-16,PROD0089,4,0.0,7.86,Online,Credit Card,Delivered,East
ORD003617,CUST00983,2026-05-23,PROD0032,6,0.25,12.8,In-Store,Credit Card,Delivered,West
ORD003618,CUST00087,2026-02-18,PROD0101,3,0.3,23.52,Mobile App,COD,Pending,West
ORD003619,CUST00038,2026-03-07,PROD0104,5,0.3,1.19,Online,UPI,Pending,South
ORD003620,CUST00620,2025-10-21,PROD0016,0,0.3,8.81,Mobile App,COD,Cancelled,North
ORD003621,CUST00398,2025-12-11,PROD0008,6,0.05,21.41,Online,Net Banking,Pending,North
ORD003622,CUST00451,2025-10-06,PROD0014,3,0.05,9.9,Online,Wallet,Delivered,North
ORD003623,CUST01263,2025-11-16,PROD0070,5,0.3,4.98,In-Store,Wallet,Delivered,West
ORD003624,CUST00986,2025-10-25,PROD0068,2,0.0,10.62,Online,Net Banking,Delivered,South
ORD003625,CUST00860,2026-06-24,PROD0023,5,0.0,9.64,Online,UPI,Pending,West
ORD003626,CUST01745,2026-04-14,PROD0050,2,0.05,22.89,Mobile App,Credit Card,Returned,East
ORD003627,CUST01944,2026-04-06,PROD0069,1,0.2,19.05,Mobile App,COD,Cancelled,East
ORD003628,CUST00087,2025-11-17,PROD0014,5,0.3,12.63,In-Store,UPI,Delivered,West
ORD003629,CUST01530,2025-09-28,PROD0006,4,0.0,24.71,Mobile App,COD,Delivered,East
ORD003630,CUST01894,2025-09-28,PROD0103,1,0.25,11.63,Online,COD,Delivered,East
ORD003631,CUST01966,2025-09-20,PROD0094,3,0.0,1.46,Mobile App,Debit Card,Delivered,North
ORD003632,CUST01769,2026-06-24,PROD0030,3,0.2,6.56,Mobile App,Debit Card,Delivered,West
ORD003633,CUST00225,2026-07-23,PROD0084,5,0.25,10.9,Mobile App,Net Banking,Delivered,West
ORD003634,CUST00679,2025-07-14,PROD0082,6,0.2,3.92,In-Store,UPI,Returned,North
ORD003635,CUST01601,2026-05-11,PROD0081,5,0.3,23.69,Mobile App,Net Banking,Delivered,West
ORD003636,CUST01564,2026-06-21,PROD0064,4,0.0,19.17,In-Store,Debit Card,Delivered,North
ORD003637,CUST00027,2025-12-14,PROD0003,-3,0.0,6.71,Online,COD,Cancelled,West
ORD003638,CUST00321,2026-04-03,PROD0094,1,0.3,14.77,In-Store,Debit Card,Delivered,East
ORD003639,CUST00376,2025-08-06,PROD0024,4,0.0,18.04,In-Store,Credit Card,Delivered,North
ORD003640,CUST01791,2026-05-16,PROD0034,5,0.0,23.53,Mobile App,UPI,Returned,East
ORD003641,CUST01940,2026-06-03,PROD0021,6,0.1,22.04,In-Store,Net Banking,Returned,South
ORD003642,CUST00156,2025-11-26,PROD0059,4,0.25,12.88,In-Store,Credit Card,Delivered,West
ORD003643,CUST00012,2026-04-12,PROD0088,5,0.1,19.37,In-Store,Credit Card,Delivered,West
ORD003644,CUST01149,2026-05-08,PROD0017,2,0.2,14.05,In-Store,Wallet,Delivered,South
ORD003645,CUST01230,2025-07-16,PROD0009,5,0.25,13.82,Online,Net Banking,Pending,South
ORD003646,CUST00890,2025-08-12,PROD0062,4,0.3,2.87,Online,Credit Card,Delivered,West
ORD003647,CUST00394,2025-09-26,PROD0041,3,0.0,3.15,In-Store,Debit Card,Cancelled,East
ORD003648,CUST01870,2025-11-26,PROD0065,6,0.3,13.24,In-Store,Credit Card,Delivered,North
ORD003649,CUST00382,2025-09-24,PROD0006,6,0.0,6.72,Mobile App,Credit Card,Delivered,North
ORD003650,CUST01636,2025-09-17,PROD0085,5,0.2,0.53,In-Store,Net Banking,Delivered,South
ORD003651,CUST00443,2025-08-19,PROD0113,5,0.0,18.07,In-Store,UPI,Delivered,West
ORD003652,CUST00621,2026-01-29,PROD0095,6,0.1,0.81,Mobile App,Credit Card,Delivered,West
ORD003653,CUST00315,2026-03-11,PROD0001,1,0.15,14.88,Mobile App,Wallet,Pending,West
ORD003654,CUST01918,2025-12-27,PROD0052,5,0.1,13.48,Mobile App,UPI,Delivered,East
ORD003655,CUST01801,2026-05-21,PROD0013,5,0.1,24.22,Online,COD,Delivered,South
ORD003656,CUST01978,2026-04-07,PROD0114,5,0.0,12.11,In-Store,COD,Cancelled,East
ORD003657,CUST01663,2025-07-25,PROD0016,2,0.05,1.59,Mobile App,Debit Card,Returned,South
ORD003658,CUST01281,2026-03-01,PROD0002,3,0.15,13.79,Online,Wallet,Delivered,East
ORD003659,CUST00305,2026-04-06,PROD0031,3,0.25,21.03,Mobile App,COD,Delivered,West
ORD003660,CUST00834,2026-03-24,PROD0026,1,0.15,24.92,Mobile App,Credit Card,Delivered,South
ORD003661,CUST01185,2026-01-24,PROD0108,5,0.0,10.76,Online,COD,Delivered,South
ORD003662,CUST00031,2025-09-25,PROD0028,6,0.2,8.01,In-Store,Credit Card,Delivered,East
ORD003663,CUST01253,2025-12-03,PROD0047,6,0.0,22.67,In-Store,UPI,Delivered,East
ORD003664,CUST01655,2026-07-18,PROD0017,5,0.1,4.78,Mobile App,Debit Card,Cancelled,West
ORD003665,CUST01849,2025-07-18,PROD0009,2,0.05,15.39,Online,Wallet,Delivered,East
ORD003666,CUST01506,2026-03-19,PROD0006,2,0.05,10.14,In-Store,Net Banking,Delivered,North
ORD003667,CUST01242,02-28-2026,PROD0025,3,0.0,1.03,Online,COD,Delivered,North
ORD003668,CUST00157,2025-07-18,PROD0097,3,0.05,8.68,In-Store,COD,Delivered,West
ORD003669,CUST01247,2025-08-23,PROD0078,4,0.3,6.63,In-Store,UPI,Pending,East
ORD003670,CUST01912,2025-10-08,PROD0066,5,0.25,17.15,Online,COD,Delivered,North
ORD003671,CUST01836,2026-05-16,PROD0065,1,0.3,23.72,Mobile App,COD,Delivered,East
ORD003672,CUST01567,2026-06-27,PROD0042,2,0.25,6.7,In-Store,UPI,Delivered,West
ORD003673,CUST01131,2026-06-15,PROD0093,4,0.15,20.29,Mobile App,Wallet,Delivered,East
ORD003674,CUST01446,2026-01-29,PROD0047,6,0.0,1.38,In-Store,Credit Card,Pending,North
ORD003675,CUST01871,2026-07-07,PROD0011,4,0.25,13.45,Mobile App,UPI,Cancelled,West
ORD003676,CUST01684,2025-09-21,PROD0048,5,0.0,1.76,Online,COD,Pending,South
ORD003677,CUST00866,2025-07-14,PROD0093,3,0.05,23.35,In-Store,Wallet,Returned,North
ORD003678,CUST00489,2026-01-21,PROD0063,4,0.05,19.16,In-Store,UPI,Delivered,South
ORD003679,CUST00540,2026-03-21,PROD0075,6,0.05,16.45,Online,Wallet,Delivered,East
ORD003680,CUST01970,2026-03-19,PROD0081,5,0.3,20.6,Online,Wallet,Delivered,West
ORD003681,CUST01575,2026-02-05,PROD0012,2,0.25,16.19,Online,Net Banking,Delivered,South
ORD003682,CUST01531,2026-04-01,PROD0054,1,0.05,24.22,In-Store,COD,Cancelled,West
ORD003683,CUST00632,04-14-2026,PROD0089,6,0.2,17.85,Mobile App,Wallet,Delivered,North
ORD003684,CUST00708,2026-01-17,PROD0001,2,0.25,23.12,Online,Wallet,Delivered,East
ORD003685,CUST01796,2026-07-27,PROD0074,1,0.0,12.93,Online,UPI,Pending,East
ORD003686,CUST00150,2025-10-12,PROD0076,5,0.0,2.93,In-Store,COD,Delivered,North
ORD003687,CUST00051,2026-01-09,PROD0015,2,0.05,13.2,Mobile App,Credit Card,Delivered,West
ORD003688,CUST00041,2026-06-15,PROD0070,4,0.1,3.17,Online,UPI,Pending,West
ORD003689,CUST01555,2025-11-13,PROD0110,4,0.0,14.81,Online,Credit Card,Returned,South
ORD003690,CUST01022,2025-10-22,PROD0049,3,0.05,12.06,Online,Credit Card,Cancelled,East
ORD003691,CUST00219,2025-08-06,PROD0049,6,0.15,15.56,In-Store,Net Banking,Delivered,West
ORD003692,CUST00389,2026-06-21,PROD0079,6,0.0,0.25,Mobile App,COD,Delivered,South
ORD003693,CUST00594,2026-05-28,PROD0090,5,0.0,4.87,Mobile App,COD,Delivered,East
ORD003694,CUST00136,2026-01-04,PROD0085,6,0.0,12.28,Mobile App,Wallet,Cancelled,North
ORD003695,CUST00392,2025-11-12,PROD0114,5,0.15,23.76,In-Store,Net Banking,Delivered,North
ORD003696,CUST01622,2025-08-12,PROD0080,4,0.25,9.59,In-Store,UPI,Delivered,North
ORD003697,CUST01365,2025-11-11,PROD0061,0,0.05,10.61,Online,Wallet,Delivered,South
ORD003698,CUST01959,2026-07-17,PROD0118,1,0.0,17.87,Online,Credit Card,Delivered,West
ORD003699,CUST00124,2026-04-04,PROD0068,4,0.0,15.09,In-Store,Net Banking,Delivered,East
ORD003700,CUST00292,2025-09-28,PROD0024,3,0.3,7.47,Online,Net Banking,Delivered,East
ORD003701,CUST01766,2025-11-14,PROD0049,1,0.0,10.27,In-Store,Debit Card,Delivered,South
ORD003702,CUST00019,2026-05-14,PROD0107,6,0.0,5.44,In-Store,UPI,Delivered,West
ORD003703,CUST01296,2025-09-11,PROD0116,3,0.05,24.15,Mobile App,Wallet,Returned,East
ORD003704,CUST00990,2025-08-12,PROD0003,3,0.0,3.27,Online,UPI,Delivered,North
ORD003705,CUST00742,2026-06-17,PROD0044,4,0.05,9.3,Online,Net Banking,Delivered,East
ORD003706,CUST00331,2025-10-19,PROD0111,2,0.2,0.65,Online,UPI,Delivered,South
ORD003707,CUST00475,2025-12-03,PROD0110,4,0.0,5.54,Online,Credit Card,Delivered,West
ORD003708,CUST00116,2025-11-09,PROD0102,3,0.0,19.51,Mobile App,UPI,Delivered,North
ORD003709,CUST00090,2026-04-04,PROD0105,2,0.25,5.03,Online,Wallet,Returned,East
ORD003710,CUST00110,2026-07-22,PROD0105,2,0.0,2.0,Mobile App,Net Banking,Returned,South
ORD003711,CUST01084,2025-11-08,PROD0119,5,0.0,11.86,In-Store,COD,Delivered,West
ORD003712,CUST01740,2026-01-08,PROD0060,6,0.0,0.25,In-Store,COD,Delivered,West
ORD003713,CUST00290,2025-12-19,PROD0075,4,0.1,2.12,Online,COD,Delivered,North
ORD003714,CUST01690,2025-08-14,PROD0057,2,0.0,20.19,In-Store,Net Banking,Delivered,South
ORD003715,CUST01826,2026-07-26,PROD0046,1,0.0,19.29,Online,Debit Card,Delivered,North
ORD003716,CUST00045,2025-11-18,PROD0094,4,0.1,22.88,Mobile App,Debit Card,Delivered,West
ORD003717,CUST01208,2026-03-13,PROD0032,2,0.1,21.36,Mobile App,COD,Delivered,South
ORD003718,CUST00720,2026-01-09,PROD0027,2,0.25,17.08,Online,Wallet,Delivered,East
ORD003719,CUST01469,2026-03-05,PROD0056,6,0.0,1.31,In-Store,Net Banking,Delivered,South
ORD003720,CUST01290,2026-02-18,PROD0102,4,0.1,19.57,In-Store,Net Banking,Delivered,North
ORD003721,CUST01312,2025-12-24,PROD0032,5,0.05,21.14,Mobile App,COD,Delivered,East
ORD003722,CUST00260,2026-03-28,PROD0121,3,0.1,19.98,Mobile App,Net Banking,Cancelled,South
ORD003723,CUST00049,2026-01-26,PROD0041,4,0.0,12.71,In-Store,Credit Card,Delivered,East
ORD003724,CUST01282,2026-07-31,PROD0070,1,0.1,5.82,Online,Net Banking,Delivered,West
ORD003725,CUST00148,2025-08-23,PROD0094,5,0.0,21.13,Mobile App,COD,Cancelled,West
ORD003726,CUST01315,2025-07-05,PROD0015,6,0.2,18.18,In-Store,COD,Delivered,East
ORD003727,CUST00827,2025-10-04,PROD0080,1,0.0,24.52,In-Store,COD,Delivered,East
ORD003728,CUST01505,2025-11-14,PROD0121,2,0.3,3.89,Online,Net Banking,Cancelled,East
ORD003729,CUST00355,2026-06-29,PROD0064,5,0.0,5.64,Mobile App,Credit Card,Delivered,West
ORD003730,CUST00371,2025-11-04,PROD0031,4,0.0,5.29,Online,Debit Card,Returned,North
ORD003731,CUST01793,2025-12-14,PROD0011,3,0.05,19.81,In-Store,Debit Card,Delivered,North
ORD003732,CUST01666,2026-07-13,PROD0009,6,0.2,4.67,Online,Net Banking,Delivered,West
ORD003733,CUST00429,2025-07-09,PROD0045,5,0.3,1.67,Online,Wallet,Delivered,East
ORD003734,CUST00305,2026-01-02,PROD0046,1,0.05,24.96,In-Store,COD,Delivered,West
ORD003735,CUST00570,2025-10-07,PROD0089,1,0.0,0.62,Online,COD,Returned,West
ORD003736,CUST00788,2025-11-08,PROD0089,4,0.3,20.88,Online,Wallet,Delivered,South
ORD003737,CUST01853,2026-01-26,PROD0120,1,0.1,9.13,Online,Net Banking,Delivered,North
ORD003738,CUST01742,2026-02-25,PROD0033,1,0.25,21.04,Mobile App,UPI,Delivered,East
ORD003739,CUST00991,2025-12-16,PROD0049,1,0.0,13.87,Mobile App,Credit Card,Delivered,North
ORD003740,CUST00394,2026-02-02,PROD0097,4,0.0,22.54,Mobile App,Wallet,Cancelled,East
ORD003741,CUST01002,2025-11-16,PROD0039,1,0.0,23.15,Mobile App,Debit Card,Delivered,North
ORD003742,CUST00605,2026-07-24,PROD0026,2,0.05,0.23,Mobile App,COD,Delivered,East
ORD003743,CUST00470,2025-09-24,PROD0059,6,0.1,1.89,Online,UPI,Delivered,East
ORD003744,CUST01268,2026-04-16,PROD0066,2,0.3,6.26,Mobile App,Wallet,Delivered,South
ORD003745,CUST00378,2025-09-23,PROD0024,3,0.05,16.73,In-Store,COD,Delivered,West
ORD003746,CUST00227,2026-05-24,PROD0029,2,0.1,22.21,In-Store,Credit Card,Delivered,West
ORD003747,CUST00169,2026-06-17,PROD0109,6,0.0,11.5,Mobile App,Wallet,Delivered,North
ORD003748,CUST00576,2025-07-18,PROD0018,1,0.05,15.17,Online,Debit Card,Delivered,West
ORD003749,CUST00068,2026-05-24,PROD0102,3,0.05,4.71,Online,Debit Card,Delivered,West
ORD003750,CUST00387,2025-10-31,PROD0053,4,0.1,20.12,In-Store,Net Banking,Delivered,East
ORD003751,CUST00234,2026-05-12,PROD0108,5,0.15,24.18,Online,Wallet,Delivered,East
ORD003752,CUST01020,2025-11-28,PROD0064,6,0.0,6.71,Online,COD,Cancelled,East
ORD003753,CUST00807,2025-09-18,PROD0014,1,0.3,12.37,In-Store,COD,Delivered,South
ORD003754,CUST00532,2025-12-01,PROD0094,5,0.0,2.15,Online,COD,Delivered,East
ORD003755,CUST00234,2026-05-07,PROD0010,-1,0.1,13.98,Mobile App,Wallet,Delivered,North
ORD003756,CUST00372,2026-02-05,PROD0119,3,0.2,12.57,In-Store,COD,Delivered,East
ORD003757,CUST00411,2026-05-02,PROD0066,4,0.05,3.61,Online,UPI,Returned,West
ORD003758,CUST00678,2025-09-23,PROD0014,2,0.15,11.05,In-Store,Wallet,Delivered,South
ORD003759,CUST00075,2026-06-26,PROD0044,2,0.1,8.35,Mobile App,COD,Delivered,East
ORD003760,CUST00472,2026-06-09,PROD0100,1,0.3,13.05,In-Store,UPI,Delivered,West
ORD003761,CUST00307,2026-03-06,PROD0048,4,0.05,14.64,Mobile App,Debit Card,Cancelled,North
ORD003762,CUST01310,2025-11-24,PROD0084,2,0.05,0.21,Mobile App,Debit Card,Delivered,South
ORD003763,CUST01413,2025-08-13,PROD0034,1,0.3,19.03,In-Store,COD,Delivered,West
ORD003764,CUST00178,2026-03-27,PROD0013,2,0.25,17.83,In-Store,Net Banking,Delivered,North
ORD003765,CUST01371,2026-06-05,PROD0011,2,0.25,9.16,Mobile App,Wallet,Delivered,North
ORD003766,CUST00550,2026-07-01,PROD0122,2,0.3,1.32,Online,UPI,Delivered,North
ORD003767,CUST01345,2026-04-22,PROD0101,5,0.3,18.87,Online,Credit Card,Returned,East
ORD003768,CUST00608,2025-09-25,PROD0046,3,0.25,23.88,Online,Debit Card,Cancelled,East
ORD003769,CUST00102,2026-03-14,PROD0096,2,0.0,6.0,Online,UPI,Delivered,East
ORD003770,CUST00638,2025-10-23,PROD0083,5,0.0,8.09,Mobile App,Debit Card,Delivered,North
ORD003771,CUST01341,2026-07-24,PROD0073,2,0.15,4.6,Mobile App,Wallet,Cancelled,West
ORD003772,CUST00147,2025-09-30,PROD0002,2,0.15,14.42,Mobile App,COD,Delivered,North
ORD003773,CUST00920,2025-11-15,PROD0077,2,0.15,3.87,Online,Debit Card,Delivered,North
ORD003774,CUST00738,2026-01-15,PROD0073,6,0.0,8.9,Mobile App,UPI,Cancelled,West
ORD003775,CUST01567,2026-01-20,PROD0122,6,0.2,17.43,Mobile App,Wallet,Returned,North
ORD003776,CUST01234,2025-09-28,PROD0115,2,0.2,14.0,Mobile App,Debit Card,Delivered,North
ORD003777,CUST00554,2026-06-27,PROD0092,4,0.15,9.66,Online,COD,Delivered,South
ORD003778,CUST01834,2026-03-23,PROD0109,5,0.15,10.51,In-Store,Debit Card,Cancelled,East
ORD003779,CUST00108,2026-03-12,PROD0073,3,0.0,14.05,In-Store,UPI,Delivered,East
ORD003780,CUST01291,2026-01-09,PROD0046,3,0.3,0.15,In-Store,Wallet,Delivered,West
ORD003781,CUST01608,2026-02-02,PROD0057,5,0.2,1.96,Mobile App,Net Banking,Delivered,South
ORD003782,CUST01314,2025-12-05,PROD0051,3,0.05,22.03,Online,Net Banking,Delivered,South
ORD003783,CUST01409,2025-09-03,PROD0095,1,0.3,1.95,In-Store,Credit Card,Delivered,West
ORD003784,CUST01096,2026-05-25,PROD0026,3,0.05,17.67,In-Store,Wallet,Delivered,South
ORD003785,CUST01116,2026-02-17,PROD0003,1,0.15,23.0,In-Store,UPI,Pending,North
ORD003786,CUST00774,2026-06-19,PROD0041,3,0.15,6.77,In-Store,COD,Delivered,West
ORD003787,CUST00233,2026-07-19,PROD0027,4,0.3,9.26,Mobile App,Debit Card,Cancelled,South
ORD003788,CUST00473,2025-09-29,PROD0063,1,0.0,14.22,Mobile App,Wallet,Pending,South
ORD003789,CUST00095,2025-07-16,PROD0118,5,0.05,22.04,Online,Debit Card,Delivered,East
ORD003790,CUST01290,2026-07-31,PROD0061,6,0.05,23.55,Mobile App,Wallet,Delivered,North
ORD003791,CUST01819,2025-08-11,PROD0004,2,0.0,18.49,Online,Debit Card,Delivered,North
ORD003792,CUST01821,2026-07-17,PROD0042,4,0.0,2.17,Online,Wallet,Returned,East
ORD003793,CUST00403,2026-05-05,PROD0112,1,0.0,16.73,In-Store,Net Banking,Delivered,East
ORD003794,CUST00489,2026-05-16,PROD0071,2,0.3,10.26,Online,Wallet,Delivered,South
ORD003795,CUST01708,2025-11-05,PROD0026,2,0.25,11.77,Mobile App,COD,Delivered,North
ORD003796,CUST01821,2025-11-23,PROD0116,4,0.1,1.23,In-Store,Credit Card,Returned,East
ORD003797,CUST01958,2026-04-01,PROD0079,1,0.0,4.78,Mobile App,UPI,Delivered,South
ORD003798,CUST01187,2026-04-23,PROD0092,2,0.25,19.76,In-Store,Wallet,Delivered,South
ORD003799,CUST01146,2026-05-26,PROD0077,1,0.0,11.35,Mobile App,Wallet,Delivered,North
ORD003800,CUST01807,2026-03-04,PROD0109,2,0.0,7.54,Mobile App,COD,Delivered,West
ORD003801,CUST00013,2026-03-23,PROD0066,1,0.1,9.6,Mobile App,Debit Card,Delivered,East
ORD003802,CUST01553,2025-11-06,PROD0039,2,0.0,21.36,Online,COD,Delivered,East
ORD003803,CUST01312,2026-03-01,PROD0025,1,0.0,18.72,Online,Credit Card,Delivered,East
ORD003804,CUST00492,2026-02-10,PROD0095,5,0.0,6.81,Mobile App,COD,Delivered,South
ORD003805,CUST00617,2025-10-31,PROD0019,1,0.0,2.94,In-Store,Credit Card,Delivered,West
ORD003806,CUST00601,2025-10-13,PROD0037,4,0.2,6.3,Online,Net Banking,Delivered,West
ORD003807,CUST01898,2026-02-07,PROD0055,5,0.0,23.02,Mobile App,Net Banking,Delivered,South
ORD003808,CUST01574,2026-04-15,PROD0076,2,0.0,14.54,In-Store,UPI,Cancelled,North
ORD003809,CUST01480,2025-07-30,PROD0004,6,0.1,13.34,Mobile App,Wallet,Pending,East
ORD003810,CUST00981,2026-04-30,PROD0053,2,0.15,14.91,Mobile App,Debit Card,Cancelled,East
ORD003811,CUST00087,2025-08-30,PROD0040,2,0.3,9.15,Mobile App,COD,Pending,East
ORD003812,CUST01318,2025-11-18,PROD0083,1,0.0,20.18,Mobile App,Wallet,Delivered,North
ORD003813,CUST01556,2026-03-01,PROD0037,1,0.0,13.08,In-Store,Debit Card,Cancelled,West
ORD003814,CUST00330,2026-04-13,PROD0022,4,0.0,2.92,Mobile App,Net Banking,Returned,East
ORD003815,CUST01765,2025-08-29,PROD0023,6,0.3,3.23,Mobile App,Credit Card,Delivered,West
ORD003816,CUST00286,2026-07-19,PROD0026,1,0.05,13.42,In-Store,Credit Card,Delivered,West
ORD003817,CUST00110,2025-12-06,PROD0115,6,0.15,23.41,Mobile App,Net Banking,Delivered,West
ORD003818,CUST00573,2025-07-19,PROD0029,4,0.05,7.71,Mobile App,UPI,Delivered,North
ORD003819,CUST01689,2026-07-02,PROD0045,6,0.0,21.74,Mobile App,UPI,Delivered,East
ORD003820,CUST00116,2026-05-30,PROD0035,3,0.05,19.1,Online,Debit Card,Returned,North
ORD003821,CUST00738,2026-06-07,PROD0085,6,0.0,6.2,Mobile App,UPI,Delivered,North
ORD003822,CUST01503,2026-02-06,PROD0096,2,0.3,0.91,Mobile App,Net Banking,Delivered,North
ORD003823,CUST00488,2026-04-18,PROD0028,3,0.25,2.55,Online,Debit Card,Cancelled,South
ORD003824,CUST01589,2026-06-22,PROD0071,6,0.15,18.21,In-Store,Wallet,Delivered,South
ORD003825,CUST00609,09-09-2025,PROD0097,5,0.05,4.99,In-Store,Wallet,Delivered,South
ORD003826,CUST01522,2026-02-16,PROD0036,1,0.0,9.28,In-Store,UPI,Delivered,South
ORD003827,CUST00343,2026-06-15,PROD0006,5,0.2,12.54,Online,Wallet,Delivered,West
ORD003828,CUST00911,2026-04-28,PROD0101,2,0.0,18.14,Online,Wallet,Delivered,North
ORD003829,CUST01750,2025-08-21,PROD0119,5,0.05,2.83,In-Store,Debit Card,Delivered,West
ORD003830,CUST01611,2025-10-12,PROD0060,3,0.05,10.16,In-Store,Debit Card,Delivered,East
ORD003831,CUST00325,2025-09-06,PROD0033,5,0.0,12.13,Online,Wallet,Delivered,North
ORD003832,CUST00172,2025-09-07,PROD0069,2,0.15,13.52,Online,UPI,Delivered,North
ORD003833,CUST01375,2025-10-03,PROD0068,4,0.1,,Mobile App,COD,Delivered,West
ORD003834,CUST01287,2026-06-26,PROD0072,3,0.05,4.29,Mobile App,Credit Card,Delivered,South
ORD003835,CUST01453,2026-02-08,PROD0066,1,0.0,20.2,In-Store,Credit Card,Delivered,South
ORD003836,CUST01273,2026-06-29,PROD0054,3,0.0,17.32,Mobile App,Wallet,Cancelled,South
ORD003837,CUST00953,2025-07-03,PROD0001,1,0.15,13.9,In-Store,UPI,Returned,South
ORD003838,CUST01138,2026-07-13,PROD0015,1,0.1,17.49,In-Store,Net Banking,Delivered,South
ORD003839,CUST01009,2026-06-19,PROD0117,4,0.05,10.3,Online,Credit Card,Pending,North
ORD003840,CUST01620,2025-09-12,PROD0088,2,0.0,3.46,Online,Debit Card,Delivered,North
ORD003841,CUST00959,2025-08-29,PROD0069,1,0.15,16.64,In-Store,Debit Card,Delivered,West
ORD003842,CUST00122,2025-10-19,PROD0043,3,0.1,13.12,Online,UPI,Returned,West
ORD003843,CUST01136,2025-12-20,PROD0019,1,0.0,15.98,Mobile App,Wallet,Delivered,North
ORD003844,CUST01097,2026-01-18,PROD0110,4,0.15,8.45,Online,COD,Delivered,South
ORD003845,CUST01094,2026-03-06,PROD0040,4,0.15,22.67,In-Store,Net Banking,Cancelled,South
ORD003846,CUST00108,2026-07-25,PROD0027,6,0.3,14.68,Online,Debit Card,Delivered,South
ORD003847,CUST01806,2026-07-21,PROD0018,1,0.1,2.14,In-Store,Wallet,Delivered,South
ORD003848,CUST01147,2026-01-11,PROD0119,5,0.0,11.25,Online,Debit Card,Delivered,South
ORD003849,CUST01495,0000-00-00,PROD0004,1,0.1,18.91,In-Store,Wallet,Delivered,North
ORD003850,CUST01000,2025-11-07,PROD0082,5,0.0,19.85,In-Store,Net Banking,Delivered,East
ORD003851,CUST01694,2026-06-02,PROD0112,1,0.0,12.36,Online,UPI,Delivered,West
ORD003852,CUST00444,2025-09-15,PROD0045,6,0.2,22.37,In-Store,COD,Delivered,South
ORD003853,CUST01291,2026-02-27,PROD0071,3,0.2,6.69,Online,UPI,Delivered,East
ORD003854,CUST00922,2026-02-23,PROD0118,6,0.3,10.26,In-Store,Net Banking,Delivered,South
ORD003855,CUST01440,2026-05-13,PROD0014,4,0.3,22.46,Mobile App,UPI,Delivered,North
ORD003856,CUST01347,2026-03-20,PROD0058,2,0.25,22.41,In-Store,UPI,Delivered,South
ORD003857,CUST01413,01-07-2026,PROD0103,4,0.05,17.14,Online,COD,Delivered,South
ORD003858,CUST00808,2026-01-08,PROD0032,2,0.0,21.47,Online,COD,Delivered,North
ORD003859,CUST01580,2026-05-08,PROD0097,5,0.0,2.22,Mobile App,COD,Delivered,South
ORD003860,CUST01019,2025-08-03,PROD0037,4,0.15,21.62,In-Store,UPI,Delivered,South
ORD003861,CUST00033,2026-01-19,PROD0067,2,0.0,8.02,Online,UPI,Delivered,West
ORD003862,CUST01937,2025-11-21,PROD0079,5,0.05,4.46,Mobile App,Wallet,Delivered,West
ORD003863,CUST00336,2026-05-03,PROD0103,3,0.15,5.98,Online,Wallet,Delivered,South
ORD003864,CUST01956,2026-06-26,PROD0068,2,0.25,10.45,Mobile App,Net Banking,Cancelled,South
ORD003865,CUST00189,2026-01-26,PROD0053,1,0.2,6.28,In-Store,COD,Delivered,South
ORD003866,CUST01208,2025-08-31,PROD0036,6,0.25,8.01,Online,UPI,Delivered,West
ORD003867,CUST00907,2026-07-13,PROD0094,3,0.05,3.37,In-Store,Net Banking,Cancelled,West
ORD003868,CUST01666,2026-05-03,PROD0035,4,0.2,7.4,Online,Net Banking,Delivered,North
ORD003869,CUST01942,2026-07-21,PROD0122,1,0.25,14.31,Online,Debit Card,Delivered,North
ORD003870,CUST00453,2026-02-28,PROD0080,2,0.15,11.05,Online,Credit Card,Delivered,West
ORD003871,CUST01982,2026-04-10,PROD0111,1,0.0,8.67,Mobile App,Net Banking,Delivered,South
ORD003872,CUST01632,2025-12-16,PROD0104,1,0.15,18.66,Mobile App,Net Banking,Delivered,East
ORD003873,CUST00603,2025-12-01,PROD0058,4,0.0,22.34,Mobile App,Wallet,Delivered,South
ORD003874,CUST00843,2026-04-26,PROD0111,6,0.0,18.92,Online,Wallet,Delivered,North
ORD003875,CUST00785,2026-04-05,PROD0030,2,0.3,8.3,Mobile App,COD,Delivered,West
ORD003876,CUST00763,2026-02-17,PROD0017,2,0.2,18.61,In-Store,Debit Card,Delivered,North
ORD003877,CUST01453,2026-02-17,PROD0026,1,0.3,3.8,Mobile App,Debit Card,Cancelled,North
ORD003878,CUST00010,2025-08-20,PROD0104,3,0.3,3.26,Mobile App,COD,Delivered,West
ORD003879,CUST00254,2026-03-05,PROD0118,5,0.3,8.64,Mobile App,Debit Card,Delivered,North
ORD003880,CUST00269,2026-01-29,PROD0114,1,0.3,20.19,Mobile App,Credit Card,Delivered,South
ORD003881,CUST00969,2026-06-13,PROD0090,4,0.2,6.16,In-Store,Net Banking,Delivered,West
ORD003882,CUST00448,2025-10-02,PROD0070,3,0.0,1.58,Mobile App,Debit Card,Delivered,South
ORD003883,CUST01184,2025-10-10,PROD0092,6,0.1,,Online,Debit Card,Delivered,North
ORD003884,CUST01998,2026-02-19,PROD0113,3,0.15,21.47,In-Store,Debit Card,Delivered,East
ORD003885,CUST01665,2026-04-17,PROD0119,3,0.25,,In-Store,UPI,Delivered,North
ORD003886,CUST01652,2026-07-21,PROD0019,4,0.2,6.33,Mobile App,COD,Delivered,East
ORD003887,CUST00840,2026-02-27,PROD0070,5,0.0,13.88,Online,COD,Delivered,North
ORD003888,CUST00963,2026-07-07,PROD0052,1,0.25,13.19,In-Store,Wallet,Delivered,South
ORD003889,CUST00268,09-20-2025,PROD0028,6,0.2,16.39,Mobile App,Debit Card,Delivered,East
ORD003890,CUST00533,2025-12-11,PROD0044,1,0.0,5.83,Mobile App,Wallet,Delivered,North
ORD003891,CUST01325,2025-09-14,PROD0106,1,0.1,21.61,Online,Net Banking,Delivered,North
ORD003892,CUST01423,2025-10-05,PROD0041,4,0.15,7.73,Online,COD,Delivered,East
ORD003893,CUST01926,2026-01-29,PROD0042,5,0.1,17.35,Online,Net Banking,Delivered,South
ORD003894,CUST01006,2026-01-25,PROD0020,5,0.15,0.4,Online,Wallet,Delivered,South
ORD003895,CUST00614,2026-06-30,PROD0031,3,0.0,9.32,Online,Net Banking,Delivered,East
ORD003896,CUST01179,2026-03-28,PROD0094,3,0.0,8.79,Mobile App,Net Banking,Delivered,South
ORD003897,CUST00121,2025-10-23,PROD0064,4,0.1,13.59,Online,Wallet,Delivered,West
ORD003898,CUST01842,2025-11-07,PROD0068,5,0.2,1.82,In-Store,Net Banking,Delivered,North
ORD003899,CUST00992,2025-10-05,PROD0080,2,0.25,19.75,Online,UPI,Delivered,West
ORD003900,CUST01558,2025-12-18,PROD0033,6,0.15,5.44,Online,Net Banking,Delivered,North
ORD003901,CUST01932,2025-10-26,PROD0066,4,0.25,16.93,Online,Credit Card,Delivered,North
ORD003902,CUST01322,2025-11-09,PROD0121,2,0.2,20.08,Mobile App,UPI,Delivered,North
ORD003903,CUST00069,2025-07-05,PROD0115,2,0.0,14.05,Mobile App,Wallet,Delivered,West
ORD003904,CUST00532,2026-01-03,PROD0072,2,0.05,18.52,In-Store,Net Banking,Delivered,South
ORD003905,CUST00579,2025-11-30,PROD0051,1,0.1,16.55,In-Store,UPI,Cancelled,West
ORD003906,CUST01808,2025-10-21,PROD0054,3,0.1,8.89,Online,COD,Returned,North
ORD003907,CUST00316,2025-09-29,PROD0033,2,0.25,20.22,In-Store,Wallet,Delivered,North
ORD003908,CUST00081,2026-02-22,PROD0099,2,0.05,7.37,In-Store,COD,Delivered,East
ORD003909,CUST01158,2025-09-02,PROD0108,2,0.1,14.28,In-Store,UPI,Delivered,South
ORD003910,CUST01707,2025-10-02,PROD0041,6,0.0,18.63,Online,Net Banking,Pending,South
ORD003911,CUST01567,2025-09-06,PROD0029,2,0.0,9.47,Online,COD,Delivered,East
ORD003912,CUST01017,2026-06-24,PROD0022,6,0.2,7.57,Mobile App,UPI,Delivered,West
ORD003913,CUST01175,2025-09-10,PROD0048,2,0.15,11.48,Online,Net Banking,Delivered,South
ORD003914,CUST00496,2026-04-01,PROD0016,3,0.25,20.45,In-Store,Credit Card,Delivered,South
ORD003915,CUST00904,2026-02-28,PROD0105,2,0.1,23.25,In-Store,UPI,Delivered,North
ORD003916,CUST01831,2025-09-07,PROD0045,1,0.2,13.63,In-Store,Debit Card,Returned,North
ORD003917,CUST01755,2025-07-19,PROD0015,5,0.05,16.54,In-Store,COD,Cancelled,West
ORD003918,CUST00149,2026-07-03,PROD0015,3,0.0,22.58,Online,Net Banking,Delivered,North
ORD003919,CUST00520,2025-07-05,PROD0058,2,0.15,2.46,Mobile App,COD,Delivered,East
ORD003920,CUST01108,2025-11-26,PROD0067,1,0.15,5.8,In-Store,Net Banking,Delivered,North
ORD003921,CUST01082,2026-01-15,PROD0070,3,0.3,17.72,Mobile App,Net Banking,Delivered,East
ORD003922,CUST01188,2026-07-28,PROD0097,1,0.0,20.59,Online,Net Banking,Delivered,East
ORD003923,CUST00038,2025-07-25,PROD0024,6,0.3,21.43,Online,COD,Delivered,South
ORD003924,CUST00334,2025-07-27,PROD0075,5,0.15,10.38,Online,Debit Card,Delivered,West
ORD003925,CUST00724,2026-02-24,PROD0030,3,0.25,2.23,Mobile App,UPI,Delivered,South
ORD003926,CUST00452,2026-06-22,PROD0118,6,0.05,10.94,Online,Debit Card,Delivered,East
ORD003927,CUST00996,2026-07-30,PROD0036,6,0.0,5.77,Online,Debit Card,Delivered,North
ORD003928,CUST01886,2025-08-15,PROD0066,3,0.1,7.28,In-Store,Credit Card,Delivered,East
ORD003929,CUST01094,2026-07-23,PROD0012,1,0.0,19.31,Online,COD,Delivered,West
ORD003930,CUST01299,2026-03-06,PROD0081,6,0.0,1.89,In-Store,Credit Card,Delivered,West
ORD003931,CUST01301,2025-07-06,PROD0023,4,0.1,20.69,Mobile App,UPI,Delivered,East
ORD003932,CUST01972,2025-07-11,PROD0091,1,0.15,10.69,Mobile App,Debit Card,Returned,East
ORD003933,CUST01229,2025-10-11,PROD0003,3,0.0,14.9,In-Store,Debit Card,Delivered,South
ORD003934,CUST00708,2026-03-28,PROD0050,5,0.2,2.24,In-Store,COD,Returned,South
ORD003935,CUST00194,2026-01-12,PROD0053,2,0.1,8.43,Mobile App,UPI,Delivered,North
ORD003936,CUST01901,2026-06-18,PROD0066,1,0.1,2.24,In-Store,Credit Card,Cancelled,South
ORD003937,CUST00799,2026-03-01,PROD0060,2,0.0,24.04,Mobile App,Debit Card,Delivered,West
ORD003938,CUST00487,2025-11-21,PROD0019,1,0.3,20.18,In-Store,Wallet,Delivered,West
ORD003939,CUST01005,2026-04-19,PROD0028,6,0.25,11.49,Online,Debit Card,Delivered,East
ORD003940,CUST00284,2026-04-29,PROD0040,2,0.0,5.59,Online,COD,Delivered,West
ORD003941,CUST01666,2026-06-16,PROD0117,3,0.15,23.34,Online,COD,Delivered,East
ORD003942,CUST00344,2025-07-14,PROD0049,6,0.15,8.61,Online,COD,Delivered,North
ORD003943,CUST00145,2025-10-11,PROD0020,2,0.3,4.02,In-Store,Net Banking,Returned,South
ORD003944,CUST00893,2025-12-11,PROD0007,2,0.25,14.08,In-Store,Wallet,Delivered,East
ORD003945,CUST00318,2025-09-14,PROD0055,3,0.2,23.59,Online,COD,Delivered,West
ORD003946,CUST01843,2025-11-30,PROD0051,6,0.0,0.1,In-Store,Wallet,Delivered,East
ORD003947,CUST00430,2026-07-03,PROD0060,2,0.25,5.95,In-Store,COD,Delivered,South
ORD003948,CUST01527,2026-03-10,PROD0023,4,0.0,23.46,In-Store,Debit Card,Delivered,East
ORD003949,CUST01983,2026-06-20,PROD0101,5,0.2,4.28,Online,Debit Card,Delivered,South
ORD003950,CUST01248,2026-02-04,PROD0073,2,0.3,2.83,Mobile App,UPI,Delivered,North
ORD003951,CUST01735,2026-04-25,PROD0059,1,0.3,14.25,In-Store,COD,Pending,North
ORD003952,CUST01621,2025-11-28,PROD0067,5,0.05,21.55,In-Store,Net Banking,Pending,North
ORD003953,CUST00793,2025-07-16,PROD0045,2,0.0,11.93,In-Store,Net Banking,Delivered,West
ORD003954,CUST01622,2025-12-10,PROD0017,2,0.1,24.86,Mobile App,Credit Card,Delivered,West
ORD003955,CUST01883,2026-07-20,PROD0003,-1,0.2,16.98,Mobile App,Debit Card,Delivered,South
ORD003956,CUST00148,2026-01-11,PROD0027,1,0.05,1.85,In-Store,Net Banking,Delivered,West
ORD003957,CUST01907,2026-06-19,PROD0009,2,0.05,24.82,Online,Net Banking,Pending,East
ORD003958,CUST00726,2026-01-01,PROD0108,5,0.05,10.2,Mobile App,UPI,Delivered,North
ORD003959,CUST01530,2025-12-21,PROD0102,1,0.15,7.19,Online,Wallet,Delivered,West
ORD003960,CUST01165,2026-07-27,PROD0021,3,0.0,13.95,Mobile App,UPI,Delivered,North
ORD003961,CUST00768,2025-12-20,PROD0106,6,0.0,7.61,In-Store,Credit Card,Delivered,North
ORD003962,CUST01104,2026-01-27,PROD0078,4,0.0,2.16,Mobile App,Wallet,Delivered,North
ORD003963,CUST01762,2025-11-09,PROD0085,5,0.15,0.04,Mobile App,Wallet,Cancelled,West
ORD003964,CUST01979,2026-04-09,PROD0050,3,0.3,11.24,Online,Wallet,Cancelled,East
ORD003965,CUST01738,2025-11-01,PROD0099,2,0.2,20.92,In-Store,UPI,Delivered,East
ORD003966,CUST00882,2026-02-24,PROD0121,2,0.1,14.31,In-Store,Net Banking,Delivered,East
ORD003967,CUST00674,2025-12-22,PROD0120,4,0.0,24.98,In-Store,COD,Delivered,North
ORD003968,CUST00758,2026-01-26,PROD0057,5,0.1,7.17,Mobile App,COD,Cancelled,West
ORD003969,CUST00323,2025-07-15,PROD0087,6,0.25,7.01,Mobile App,COD,Cancelled,East
ORD003970,CUST01474,2026-07-19,PROD0004,2,0.1,3.99,Online,COD,Delivered,South
ORD003971,CUST01779,2026-03-12,PROD0075,1,0.2,4.1,In-Store,COD,Cancelled,South
ORD003972,CUST01866,2025-08-24,PROD0089,3,0.15,7.13,Mobile App,Net Banking,Delivered,West
ORD003973,CUST00803,2026-04-14,PROD0113,3,0.3,,Mobile App,UPI,Delivered,East
ORD003974,CUST01664,2026-01-08,PROD0111,5,0.15,22.64,Mobile App,COD,Delivered,North
ORD003975,CUST01085,2025-12-23,PROD0011,6,0.25,24.38,In-Store,COD,Delivered,North
ORD003976,CUST01788,2025-09-03,PROD0052,6,0.0,5.81,Online,Net Banking,Returned,West
ORD003977,CUST01580,2026-06-30,PROD0106,5,0.25,22.03,Mobile App,COD,Delivered,West
ORD003978,CUST01759,2026-06-14,PROD0064,3,0.2,8.21,Online,Net Banking,Cancelled,North
ORD003979,CUST00886,2026-06-11,PROD0014,3,0.1,2.82,Mobile App,Net Banking,Returned,West
ORD003980,CUST01947,2026-07-31,PROD0028,3,0.25,21.75,In-Store,UPI,Delivered,North
ORD003981,CUST01775,2025-09-17,PROD0024,5,0.2,15.9,In-Store,Net Banking,Delivered,West
ORD003982,CUST01706,2026-03-03,PROD0031,4,0.3,4.12,Online,Debit Card,Cancelled,South
ORD003983,CUST00358,2026-01-11,PROD0039,4,0.2,10.75,Online,COD,Delivered,North
ORD003984,CUST01260,2026-07-22,PROD0058,1,0.25,7.18,Online,COD,Delivered,East
ORD003985,CUST00031,2026-02-02,PROD0010,6,0.25,18.42,Online,Net Banking,Cancelled,South
ORD003986,CUST01800,2026-06-11,PROD0101,6,0.15,11.34,In-Store,UPI,Delivered,West
ORD003987,CUST00340,2026-06-17,PROD0071,-3,0.2,24.73,In-Store,Debit Card,Delivered,East
ORD003988,CUST01640,2025-12-15,PROD0043,6,0.2,1.37,Mobile App,Debit Card,Delivered,South
ORD003989,CUST01278,2026-07-14,PROD0116,1,0.15,8.88,In-Store,Wallet,Delivered,North
ORD003990,CUST00006,2025-11-30,PROD0027,6,0.3,12.05,In-Store,Debit Card,Delivered,West
ORD003991,CUST01024,2026-07-11,PROD0004,4,0.0,12.58,In-Store,Wallet,Delivered,West
ORD003992,CUST01002,2026-05-25,PROD0079,6,0.3,7.9,In-Store,Debit Card,Delivered,West
ORD003993,CUST01040,2026-03-05,PROD0029,2,0.2,18.23,In-Store,UPI,Delivered,North
ORD003994,CUST00734,2026-07-18,PROD0070,6,0.2,21.87,Mobile App,Credit Card,Cancelled,West
ORD003995,CUST01762,2026-01-25,PROD0108,2,0.0,23.47,Online,Net Banking,Delivered,North
ORD003996,CUST00745,0000-00-00,PROD0004,1,0.0,20.13,Mobile App,COD,Cancelled,East
ORD003997,CUST00813,2026-03-06,PROD0001,3,0.0,21.26,Mobile App,Net Banking,Delivered,West
ORD003998,CUST00637,12-02-2025,PROD0040,6,0.1,13.76,In-Store,Credit Card,Delivered,West
ORD003999,CUST00456,2026-01-05,PROD0022,4,0.2,20.65,Online,Net Banking,Returned,East
ORD004000,CUST00169,2025-07-06,PROD0006,6,0.25,7.59,Online,Debit Card,Cancelled,West
ORD004001,CUST00776,2025-12-21,PROD0086,5,0.3,9.96,In-Store,Wallet,Delivered,East
ORD004002,CUST01905,2026-06-03,PROD0087,1,0.3,7.92,Online,Net Banking,Delivered,East
ORD004003,CUST01231,2026-05-17,PROD0111,4,0.25,11.68,Online,Net Banking,Pending,North
ORD004004,CUST00126,2025-11-16,PROD0099,1,0.3,7.14,In-Store,Debit Card,Delivered,North
ORD004005,CUST01007,2025-08-10,PROD0119,4,0.15,24.04,Online,Debit Card,Delivered,South
ORD004006,CUST01058,2026-03-19,PROD0040,3,0.05,7.82,Online,Credit Card,Delivered,East
ORD004007,CUST01199,2026-04-24,PROD0023,6,0.0,2.45,Mobile App,UPI,Delivered,East
ORD004008,CUST01175,2025-07-15,PROD0081,4,0.0,13.17,Online,Wallet,Delivered,North
ORD004009,CUST00792,2026-04-29,PROD0009,4,0.1,1.43,Mobile App,Debit Card,Delivered,South
ORD004010,CUST00362,2025-12-26,PROD0104,3,0.0,2.76,Online,Credit Card,Delivered,South
ORD004011,CUST00359,2025-11-21,PROD0008,6,0.15,5.48,Mobile App,Wallet,Delivered,West
ORD004012,CUST01882,2025-08-28,PROD0015,4,0.0,11.61,Online,UPI,Delivered,East
ORD004013,CUST01821,2026-02-12,PROD0115,2,0.0,10.83,Mobile App,UPI,Delivered,South
ORD004014,CUST01009,2026-02-06,PROD0094,3,0.15,19.99,Online,COD,Cancelled,South
ORD004015,CUST01657,05-04-2026,PROD0117,3,0.3,18.49,Online,Credit Card,Delivered,South
ORD004016,CUST01483,2025-08-13,PROD0010,2,0.0,10.66,In-Store,COD,Delivered,West
ORD004017,CUST01610,2025-10-01,PROD0022,1,0.1,8.34,In-Store,Debit Card,Delivered,South
ORD004018,CUST00464,2025-07-07,PROD0082,2,0.0,7.91,Online,Net Banking,Delivered,East
ORD004019,CUST01058,2025-08-04,PROD0077,2,0.0,19.35,Online,Debit Card,Delivered,South
ORD004020,CUST01673,2025-08-10,PROD0023,4,0.3,1.3,Mobile App,COD,Returned,North
ORD004021,CUST01040,2025-10-16,PROD0061,6,0.0,0.32,Mobile App,COD,Delivered,North
ORD004022,CUST01513,2026-07-15,PROD0059,1,0.25,19.89,Mobile App,COD,Delivered,West
ORD004023,CUST00306,2026-02-19,PROD0048,5,0.3,11.93,Online,Net Banking,Delivered,North
ORD004024,CUST01765,2025-10-05,PROD0092,3,0.0,3.27,In-Store,Wallet,Delivered,East
ORD004025,CUST00735,2026-04-02,PROD0033,3,0.0,5.89,In-Store,Debit Card,Delivered,South
ORD004026,CUST01954,2025-11-11,PROD0047,2,0.3,23.31,In-Store,Credit Card,Delivered,South
ORD004027,CUST01361,2026-05-21,PROD0058,4,0.0,21.49,In-Store,Net Banking,Delivered,North
ORD004028,CUST01688,2025-12-21,PROD0051,6,0.2,17.74,Mobile App,Credit Card,Delivered,West
ORD004029,CUST00678,2026-06-14,PROD0031,3,0.25,12.06,Mobile App,Net Banking,Delivered,West
ORD004030,CUST00164,2026-02-08,PROD0104,3,0.1,13.01,Mobile App,Credit Card,Delivered,North
ORD004031,CUST00584,2026-02-04,PROD0054,5,0.25,24.38,Mobile App,Debit Card,Delivered,North
ORD004032,CUST01461,2026-06-22,PROD0079,6,0.1,24.14,Online,COD,Delivered,East
ORD004033,CUST01787,2025-11-20,PROD0024,5,0.1,5.38,Online,Wallet,Delivered,West
ORD004034,CUST01602,2025-08-03,PROD0067,5,0.25,20.28,In-Store,Debit Card,Pending,South
ORD004035,CUST01464,2025-11-15,PROD0117,4,0.05,4.93,Mobile App,UPI,Cancelled,West
ORD004036,CUST00697,2025-10-10,PROD0069,1,0.25,5.34,Mobile App,Net Banking,Delivered,South
ORD004037,CUST01998,2026-07-07,PROD0015,2,0.15,16.9,Online,Debit Card,Delivered,West
ORD004038,CUST00851,2026-07-16,PROD0073,3,0.05,10.13,Online,UPI,Delivered,West
ORD004039,CUST00970,2026-05-12,PROD0062,5,0.25,23.29,Online,Credit Card,Delivered,West
ORD004040,CUST00228,2025-08-31,PROD0095,5,0.0,2.23,In-Store,Wallet,Delivered,East
ORD004041,CUST01759,2026-01-30,PROD0021,3,0.05,12.79,Mobile App,UPI,Delivered,South
ORD004042,CUST01906,2025-11-14,PROD0108,5,0.15,22.96,In-Store,Credit Card,Delivered,East
ORD004043,CUST00012,2025-09-15,PROD0112,2,0.2,22.6,Mobile App,Net Banking,Delivered,North
ORD004044,CUST01163,2026-05-28,PROD0070,5,0.0,3.91,Mobile App,Debit Card,Delivered,South
ORD004045,CUST01692,2025-07-19,PROD0022,3,0.15,9.17,Mobile App,Debit Card,Delivered,North
ORD004046,CUST00222,2026-01-25,PROD0114,1,0.2,15.48,Online,Wallet,Returned,West
ORD004047,CUST00066,2026-06-12,PROD0101,1,0.15,3.98,In-Store,Wallet,Returned,East
ORD004048,CUST00483,2025-07-24,PROD0104,4,0.05,24.2,Online,Net Banking,Cancelled,East
ORD004049,CUST01079,2026-04-27,PROD0041,3,0.05,22.87,In-Store,COD,Cancelled,South
ORD004050,CUST01785,2025-10-26,PROD0116,0,0.05,4.17,Mobile App,Credit Card,Delivered,South
ORD004051,CUST00508,2025-08-24,PROD0004,5,0.3,3.03,Mobile App,UPI,Delivered,South
ORD004052,CUST00942,2026-02-18,PROD0112,1,0.3,2.14,Mobile App,Net Banking,Delivered,North
ORD004053,CUST00524,2026-06-28,PROD0059,2,0.05,22.74,Mobile App,Wallet,Returned,West
ORD004054,CUST01621,2026-01-23,PROD0083,5,0.1,4.84,In-Store,UPI,Delivered,South
ORD004055,CUST00450,2026-05-09,PROD0120,4,0.25,10.41,Online,Credit Card,Delivered,North
ORD004056,CUST01336,2025-11-17,PROD0023,4,0.0,11.22,In-Store,Debit Card,Delivered,North
ORD004057,CUST00025,2025-08-31,PROD0097,6,0.0,14.98,Online,Credit Card,Delivered,East
ORD004058,CUST01503,2025-09-07,PROD0085,6,0.0,1.79,In-Store,Credit Card,Delivered,East
ORD004059,CUST01294,2026-01-30,PROD0034,6,0.0,5.67,Mobile App,Debit Card,Delivered,West
ORD004060,CUST00766,2025-10-08,PROD0031,4,0.0,23.29,In-Store,UPI,Delivered,West
ORD004061,CUST01893,2026-07-15,PROD0052,2,0.1,22.71,In-Store,Credit Card,Delivered,West
ORD004062,CUST01243,2025-12-05,PROD0029,0,0.0,19.53,In-Store,Net Banking,Delivered,North
ORD004063,CUST00637,2025-11-30,PROD0066,3,0.1,0.49,Mobile App,COD,Delivered,North
ORD004064,CUST00643,2026-04-09,PROD0116,5,0.1,8.18,In-Store,Wallet,Delivered,West
ORD004065,CUST00598,2026-02-22,PROD0003,4,0.0,15.7,Online,Credit Card,Delivered,East
ORD004066,CUST00732,2025-09-07,PROD0004,1,0.0,6.88,In-Store,COD,Delivered,East
ORD004067,CUST00380,0000-00-00,PROD0006,2,0.25,22.74,Mobile App,UPI,Delivered,South
ORD004068,CUST01122,0000-00-00,PROD0084,2,0.0,15.85,In-Store,COD,Delivered,West
ORD004069,CUST00081,2025-10-17,PROD0092,6,0.25,1.8,Mobile App,COD,Delivered,West
ORD004070,CUST00521,2025-08-20,PROD0074,4,0.3,22.73,In-Store,Net Banking,Returned,East
ORD004071,CUST00653,2025-10-15,PROD0112,6,0.0,23.94,Online,UPI,Delivered,East
ORD004072,CUST00111,2025-08-31,PROD0037,1,0.05,1.94,Online,Net Banking,Delivered,East
ORD004073,CUST01497,10-29-2025,PROD0005,5,0.3,13.31,In-Store,UPI,Delivered,East
ORD004074,CUST01388,2025-12-01,PROD0049,3,0.0,7.58,Mobile App,Debit Card,Delivered,West
ORD004075,CUST00729,2025-12-17,PROD0003,5,0.0,9.82,Mobile App,Net Banking,Delivered,West
ORD004076,CUST01286,2025-10-12,PROD0042,5,0.1,4.49,Mobile App,Wallet,Delivered,West
ORD004077,CUST01486,2025-12-24,PROD0065,1,0.1,14.45,Online,Net Banking,Delivered,West
ORD004078,CUST00486,2026-04-07,PROD0036,3,0.0,23.95,In-Store,Credit Card,Delivered,East
ORD004079,CUST00364,2026-01-02,PROD0114,4,0.0,12.58,Mobile App,UPI,Delivered,South
ORD004080,CUST01795,2026-02-05,PROD0014,4,0.1,2.07,Online,Credit Card,Delivered,East
ORD004081,CUST00809,2026-07-21,PROD0047,1,0.1,15.5,Online,UPI,Delivered,South
ORD004082,CUST00255,2025-07-11,PROD0054,4,0.05,8.51,In-Store,Credit Card,Delivered,East
ORD004083,CUST00690,2026-03-10,PROD0082,2,0.0,21.4,In-Store,Debit Card,Delivered,South
ORD004084,CUST00319,2025-10-22,PROD0088,5,0.05,10.87,Online,Wallet,Delivered,North
ORD004085,CUST01902,2025-08-30,PROD0094,1,0.25,4.82,Mobile App,Credit Card,Returned,West
ORD004086,CUST01171,2026-07-15,PROD0089,5,0.3,4.78,In-Store,Net Banking,Delivered,West
ORD004087,CUST01039,2025-07-06,PROD0039,4,0.2,19.22,Online,Debit Card,Returned,West
ORD004088,CUST00369,2025-12-12,PROD0063,5,0.3,6.64,Online,UPI,Delivered,North
ORD004089,CUST01221,2025-08-25,PROD0030,3,0.1,19.18,In-Store,COD,Pending,East
ORD004090,CUST01671,2026-03-02,PROD0028,5,0.05,5.15,In-Store,Debit Card,Pending,North
ORD004091,CUST01170,2025-08-16,PROD0053,3,0.15,8.04,Online,Credit Card,Delivered,South
ORD004092,CUST01098,2025-10-24,PROD0116,1,0.0,11.64,In-Store,Credit Card,Cancelled,West
ORD004093,CUST00708,2025-10-26,PROD0013,3,0.15,23.58,Mobile App,Net Banking,Delivered,West
ORD004094,CUST00284,2026-06-12,PROD0038,1,0.2,23.29,In-Store,Debit Card,Delivered,West
ORD004095,CUST01027,2026-07-26,PROD0006,3,0.0,5.17,Online,Wallet,Returned,West
ORD004096,CUST01953,2025-11-19,PROD0068,2,0.25,8.96,Mobile App,UPI,Pending,East
ORD004097,CUST01001,2025-09-10,PROD0097,4,0.05,3.73,Mobile App,Credit Card,Delivered,South
ORD004098,CUST00427,2026-02-12,PROD0064,3,0.2,12.75,Online,UPI,Delivered,East
ORD004099,CUST01674,2026-04-06,PROD0097,1,0.0,11.51,Online,Credit Card,Delivered,South
ORD004100,CUST01622,2025-07-12,PROD0004,1,0.25,22.52,In-Store,COD,Pending,South
ORD004101,CUST00606,2026-01-08,PROD0039,3,0.25,23.25,Online,Credit Card,Delivered,East
ORD004102,CUST00996,2026-03-14,PROD0033,1,0.0,9.59,Mobile App,Debit Card,Delivered,East
ORD004103,CUST01154,2025-07-29,PROD0109,3,0.25,12.29,Mobile App,Credit Card,Delivered,West
ORD004104,CUST01369,2025-08-26,PROD0109,6,0.1,22.41,Mobile App,Wallet,Delivered,North
ORD004105,CUST01218,2026-05-21,PROD0040,2,0.0,20.17,Online,UPI,Delivered,East
ORD004106,CUST00095,2025-07-02,PROD0078,2,0.05,0.09,Mobile App,COD,Delivered,South
ORD004107,CUST00320,2026-06-26,PROD0064,2,0.3,8.0,Online,UPI,Delivered,South
ORD004108,CUST01651,2025-11-20,PROD0085,3,0.2,10.54,In-Store,COD,Delivered,East
ORD004109,CUST00030,2026-04-18,PROD0010,3,0.05,5.74,In-Store,Debit Card,Cancelled,North
ORD004110,CUST01091,2026-05-17,PROD0010,3,0.15,4.99,Online,Debit Card,Delivered,West
ORD004111,CUST00486,2026-01-13,PROD0121,6,0.0,0.94,In-Store,Credit Card,Delivered,East
ORD004112,CUST00040,2026-06-29,PROD0027,3,0.1,16.08,Online,COD,Delivered,North
ORD004113,CUST00570,2025-07-29,PROD0061,1,0.05,6.56,Online,COD,Delivered,North
ORD004114,CUST01946,2025-11-27,PROD0036,2,0.25,1.31,Mobile App,UPI,Delivered,East
ORD004115,CUST00397,2026-05-29,PROD0001,4,0.05,5.77,Online,COD,Delivered,East
ORD004116,CUST00761,2026-03-17,PROD0095,3,0.0,20.05,Mobile App,Credit Card,Delivered,East
ORD004117,CUST00793,2025-12-19,PROD0033,1,0.0,21.29,Online,Credit Card,Delivered,West
ORD004118,CUST01867,2025-07-28,PROD0108,4,0.1,12.08,Online,Debit Card,Cancelled,South
ORD004119,CUST00203,2026-05-07,PROD0073,6,0.15,10.4,In-Store,Wallet,Cancelled,North
ORD004120,CUST00032,2026-01-13,PROD0101,3,0.0,24.45,In-Store,UPI,Cancelled,North
ORD004121,CUST01240,2026-03-23,PROD0035,2,0.0,5.01,Online,Credit Card,Cancelled,West
ORD004122,CUST01261,2026-07-25,PROD0060,6,0.0,5.38,Mobile App,Net Banking,Cancelled,West
ORD004123,CUST01812,2025-12-16,PROD0064,6,0.0,7.3,Online,Wallet,Returned,West
ORD004124,CUST01906,2026-03-23,PROD0088,3,0.1,4.32,Online,COD,Cancelled,North
ORD004125,CUST00882,2026-02-02,PROD0064,4,0.3,9.48,Mobile App,Net Banking,Delivered,West
ORD004126,CUST01057,2026-04-08,PROD0047,2,0.15,22.77,In-Store,Net Banking,Delivered,North
ORD004127,CUST00171,2025-08-03,PROD0086,3,0.1,15.38,In-Store,Credit Card,Delivered,East
ORD004128,CUST01605,2025-08-15,PROD0099,5,0.0,10.3,In-Store,Net Banking,Delivered,East
ORD004129,CUST01260,2026-03-19,PROD0115,5,0.0,23.36,In-Store,COD,Delivered,West
ORD004130,CUST00394,2026-06-03,PROD0013,4,0.1,,Online,Wallet,Delivered,South
ORD004131,CUST00705,2026-06-17,PROD0060,2,0.2,5.26,Online,Debit Card,Cancelled,East
ORD004132,CUST01282,0000-00-00,PROD0019,1,0.1,14.15,Online,Wallet,Delivered,North
ORD004133,CUST01958,2025-09-28,PROD0025,4,0.3,15.39,Online,Debit Card,Delivered,East
ORD004134,CUST01796,2026-07-10,PROD0024,1,0.2,0.99,Mobile App,COD,Delivered,South
ORD004135,CUST00873,2025-09-16,PROD0022,5,0.15,10.08,Online,Credit Card,Delivered,East
ORD004136,CUST00083,2025-10-11,PROD0056,4,0.0,16.23,In-Store,COD,Delivered,East
ORD004137,CUST00034,2026-04-24,PROD0031,3,0.25,17.45,In-Store,UPI,Delivered,West
ORD004138,CUST01058,2025-11-08,PROD0027,6,0.3,15.95,Online,Wallet,Delivered,South
ORD004139,CUST01186,2026-04-15,PROD0089,1,0.0,8.01,In-Store,COD,Delivered,East
ORD004140,CUST01941,2025-09-08,PROD0112,5,0.0,2.34,Online,COD,Delivered,North
ORD004141,CUST01087,2025-07-19,PROD0120,4,0.0,10.68,Mobile App,Net Banking,Delivered,South
ORD004142,CUST01765,2026-04-23,PROD0009,-3,0.25,3.22,In-Store,Wallet,Delivered,East
ORD004143,CUST01956,2026-06-17,PROD0017,3,0.0,23.69,Mobile App,Net Banking,Delivered,South
ORD004144,CUST00541,0000-00-00,PROD0105,2,0.25,11.88,Online,Credit Card,Delivered,East
ORD004145,CUST01417,2026-06-07,PROD0111,2,0.3,7.93,Mobile App,Credit Card,Pending,North
ORD004146,CUST01686,2025-10-30,PROD0070,2,0.25,19.16,Mobile App,Wallet,Delivered,North
ORD004147,CUST01012,2025-12-17,PROD0082,3,0.3,12.45,In-Store,Wallet,Returned,West
ORD004148,CUST01130,2026-03-23,PROD0088,5,0.25,7.75,Mobile App,UPI,Delivered,West
ORD004149,CUST00817,2025-11-10,PROD0033,2,0.0,20.3,Online,UPI,Delivered,West
ORD004150,CUST00793,2025-11-20,PROD0047,1,0.25,21.68,Mobile App,Net Banking,Returned,East
ORD004151,CUST00553,2025-07-28,PROD0045,4,0.0,16.83,Online,Credit Card,Delivered,North
ORD004152,CUST00216,2025-08-21,PROD0013,6,0.0,1.17,Mobile App,COD,Delivered,West
ORD004153,CUST01870,2025-09-30,PROD0093,1,0.2,14.16,Online,COD,Delivered,North
ORD004154,CUST00778,2026-01-09,PROD0025,4,0.0,19.08,Online,UPI,Delivered,North
ORD004155,CUST00609,2026-04-29,PROD0001,3,0.15,3.41,Mobile App,UPI,Cancelled,West
ORD004156,CUST01007,2025-11-24,PROD0023,5,0.0,5.72,In-Store,COD,Returned,South
ORD004157,CUST00076,2026-03-09,PROD0056,1,0.3,22.06,Online,UPI,Delivered,South
ORD004158,CUST01182,2025-07-09,PROD0080,3,0.15,0.5,Online,Wallet,Delivered,West
ORD004159,CUST01951,2025-10-11,PROD0012,2,0.0,18.82,Online,UPI,Delivered,North
ORD004160,CUST01692,2025-10-27,PROD0076,6,0.1,11.84,Online,COD,Delivered,South
ORD004161,CUST00293,2026-04-15,PROD0039,4,0.05,11.17,In-Store,Credit Card,Delivered,East
ORD004162,CUST00912,2026-06-06,PROD0103,2,0.0,0.18,Online,COD,Delivered,East
ORD004163,CUST00540,2025-07-26,PROD0016,3,0.15,20.48,In-Store,Debit Card,Delivered,East
ORD004164,CUST01026,2026-02-05,PROD0006,4,0.25,9.0,Online,Debit Card,Delivered,North
ORD004165,CUST01185,2026-01-14,PROD0079,3,0.25,13.52,Mobile App,COD,Delivered,West
ORD004166,CUST00865,2025-12-09,PROD0064,4,0.1,16.93,In-Store,COD,Returned,East
ORD004167,CUST01878,2026-04-21,PROD0075,2,0.3,17.57,Mobile App,UPI,Returned,South
ORD004168,CUST00524,2025-09-24,PROD0096,2,0.2,23.9,In-Store,Debit Card,Delivered,East
ORD004169,CUST00195,2026-07-05,PROD0002,6,0.0,13.28,Online,UPI,Delivered,South
ORD004170,CUST00206,2025-12-09,PROD0098,1,0.15,9.99,Mobile App,Net Banking,Delivered,East
ORD004171,CUST00176,2025-08-08,PROD0069,4,0.15,23.84,Online,COD,Delivered,South
ORD004172,CUST00444,2026-05-14,PROD0098,1,0.25,16.05,In-Store,Credit Card,Delivered,North
ORD004173,CUST00558,2026-03-12,PROD0116,5,0.05,7.45,In-Store,Credit Card,Delivered,West
ORD004174,CUST01492,2025-11-18,PROD0020,6,0.1,3.16,Mobile App,Credit Card,Delivered,East
ORD004175,CUST01551,2026-04-26,PROD0090,2,0.0,21.06,Online,UPI,Delivered,East
ORD004176,CUST00144,2026-04-21,PROD0078,6,0.0,9.05,Mobile App,COD,Delivered,West
ORD004177,CUST00177,2025-12-21,PROD0014,2,0.0,16.51,Mobile App,COD,Delivered,South
ORD004178,CUST00410,2025-09-05,PROD0051,6,0.15,11.77,Online,UPI,Delivered,North
ORD004179,CUST01709,2026-02-26,PROD0110,1,0.15,4.97,Mobile App,Credit Card,Returned,North
ORD004180,CUST00243,2025-11-28,PROD0064,4,0.0,15.04,Online,COD,Delivered,North
ORD004181,CUST01285,2026-01-08,PROD0075,3,0.05,1.52,Mobile App,COD,Returned,South
ORD004182,CUST01656,2025-08-15,PROD0100,1,0.05,10.33,Online,Wallet,Returned,South
ORD004183,CUST00263,2025-12-06,PROD0107,6,0.2,13.67,Mobile App,Credit Card,Pending,West
ORD004184,CUST00787,2025-09-30,PROD0001,2,0.1,,Online,UPI,Delivered,North
ORD004185,CUST01143,2026-06-22,PROD0037,3,0.3,18.72,In-Store,COD,Delivered,South
ORD004186,CUST00414,2026-02-03,PROD0109,1,0.3,20.7,Mobile App,Debit Card,Delivered,South
ORD004187,CUST00908,2026-06-21,PROD0045,4,0.1,19.28,Online,Net Banking,Delivered,North
ORD004188,CUST00672,2026-02-15,PROD0034,4,0.0,0.97,Mobile App,Wallet,Delivered,West
ORD004189,CUST01393,2026-04-12,PROD0044,4,0.05,4.85,Mobile App,COD,Delivered,East
ORD004190,CUST00261,2025-07-03,PROD0073,2,0.0,13.42,In-Store,Wallet,Delivered,East
ORD004191,CUST00201,2026-01-14,PROD0117,2,0.2,23.37,Online,Net Banking,Delivered,South
ORD004192,CUST01003,2026-06-19,PROD0003,2,0.25,20.87,Online,Wallet,Delivered,North
ORD004193,CUST00466,2025-11-25,PROD0073,6,0.05,21.06,In-Store,Debit Card,Returned,South
ORD004194,CUST00247,2026-03-20,PROD0099,2,0.3,7.58,In-Store,COD,Delivered,West
ORD004195,CUST00943,2025-07-08,PROD0060,2,0.25,10.74,Online,COD,Delivered,North
ORD004196,CUST01207,2025-10-14,PROD0102,4,0.0,11.77,Online,UPI,Returned,East
ORD004197,CUST00640,2025-09-05,PROD0028,3,0.2,3.93,Mobile App,Debit Card,Delivered,South
ORD004198,CUST01787,2026-06-07,PROD0055,5,0.2,0.78,Online,Net Banking,Delivered,South
ORD004199,CUST01526,2026-05-14,PROD0065,2,0.25,23.67,Mobile App,Wallet,Delivered,East
ORD004200,CUST01360,2025-11-09,PROD0016,4,0.0,6.02,Mobile App,Wallet,Cancelled,West
ORD004201,CUST01693,2026-03-16,PROD0077,4,0.0,6.0,In-Store,Net Banking,Delivered,South
ORD004202,CUST01830,2026-05-07,PROD0017,3,0.1,2.08,In-Store,COD,Delivered,East
ORD004203,CUST01482,2026-05-06,PROD0030,6,0.1,23.21,In-Store,UPI,Delivered,West
ORD004204,CUST01768,2026-02-27,PROD0040,1,0.3,14.49,Online,Wallet,Delivered,East
ORD004205,CUST01212,2026-02-14,PROD0101,1,0.05,16.68,In-Store,Credit Card,Delivered,South
ORD004206,CUST00538,2025-12-28,PROD0118,5,0.3,22.79,Mobile App,Debit Card,Pending,North
ORD004207,CUST00188,2026-05-24,PROD0023,1,0.15,8.64,Mobile App,Net Banking,Delivered,North
ORD004208,CUST01308,2025-09-21,PROD0117,6,0.1,15.54,In-Store,COD,Returned,West
ORD004209,CUST00446,2026-07-20,PROD0101,2,0.0,0.97,In-Store,Credit Card,Delivered,North
ORD004210,CUST00772,2026-06-29,PROD0101,4,0.0,4.67,Mobile App,Debit Card,Delivered,South
ORD004211,CUST01599,2025-07-04,PROD0031,2,0.15,20.78,Mobile App,Wallet,Delivered,East
ORD004212,CUST00767,2025-08-12,PROD0020,6,0.0,19.17,In-Store,Credit Card,Delivered,West
ORD004213,CUST01982,2025-09-27,PROD0041,3,0.3,8.77,In-Store,Debit Card,Cancelled,South
ORD004214,CUST01148,2026-05-10,PROD0104,1,0.3,9.42,In-Store,UPI,Cancelled,South
ORD004215,CUST00927,2025-09-19,PROD0120,3,0.3,13.34,Online,Net Banking,Delivered,West
ORD004216,CUST01729,2026-02-15,PROD0081,6,0.05,0.01,In-Store,Wallet,Delivered,South
ORD004217,CUST00730,07-27-2025,PROD0113,1,0.15,6.03,In-Store,COD,Delivered,East
ORD004218,CUST00713,2026-05-29,PROD0089,4,0.0,5.21,In-Store,Wallet,Cancelled,West
ORD004219,CUST01007,2025-11-16,PROD0007,6,0.25,6.26,Online,Wallet,Delivered,West
ORD004220,CUST01283,2026-01-18,PROD0066,5,0.0,20.15,In-Store,Credit Card,Delivered,East
ORD004221,CUST01130,2026-03-15,PROD0053,1,0.0,6.99,In-Store,Net Banking,Delivered,South
ORD004222,CUST00947,2026-03-17,PROD0035,4,0.0,4.79,In-Store,Credit Card,Delivered,East
ORD004223,CUST01082,08-16-2025,PROD0058,3,0.3,12.61,Online,Debit Card,Delivered,West
ORD004224,CUST00031,2025-08-14,PROD0109,3,0.25,21.64,Online,Net Banking,Delivered,West
ORD004225,CUST00148,2025-11-14,PROD0082,3,0.25,6.03,Online,Wallet,Delivered,East
ORD004226,CUST00374,2026-01-31,PROD0107,3,0.15,1.96,In-Store,Wallet,Delivered,South
ORD004227,CUST01132,2026-02-10,PROD0009,6,0.0,8.91,Online,Debit Card,Returned,South
ORD004228,CUST00663,2026-05-01,PROD0082,1,0.2,18.69,Mobile App,Credit Card,Delivered,South
ORD004229,CUST01128,2025-09-14,PROD0073,2,0.0,13.77,In-Store,Credit Card,Delivered,West
ORD004230,CUST00958,2025-08-08,PROD0002,2,0.2,20.42,Mobile App,Net Banking,Returned,West
ORD004231,CUST00594,07-26-2026,PROD0004,1,0.0,23.99,In-Store,Credit Card,Delivered,South
ORD004232,CUST01486,2025-09-30,PROD0036,3,0.0,19.82,Online,COD,Delivered,East
ORD004233,CUST00208,2025-10-12,PROD0059,5,0.05,15.1,Online,Wallet,Delivered,East
ORD004234,CUST01453,2026-02-07,PROD0011,6,0.0,12.33,Online,Debit Card,Returned,North
ORD004235,CUST01789,2025-11-28,PROD0106,1,0.3,1.0,In-Store,UPI,Delivered,South
ORD004236,CUST01973,2025-12-15,PROD0093,2,0.3,24.61,Mobile App,Net Banking,Delivered,East
ORD004237,CUST00831,0000-00-00,PROD0066,4,0.1,9.59,Mobile App,UPI,Delivered,South
ORD004238,CUST00213,2025-08-11,PROD0024,4,0.2,3.81,Mobile App,Debit Card,Delivered,East
ORD004239,CUST00011,2025-11-09,PROD0060,6,0.1,16.67,Mobile App,Wallet,Delivered,East
ORD004240,CUST00346,2026-02-18,PROD0104,5,0.0,7.11,Online,Credit Card,Delivered,West
ORD004241,CUST00065,2025-08-28,PROD0084,3,0.15,14.64,Mobile App,Debit Card,Delivered,North
ORD004242,CUST00138,2025-08-08,PROD0005,5,0.2,14.67,Mobile App,Credit Card,Cancelled,North
ORD004243,CUST00091,2026-06-21,PROD0037,2,0.0,11.14,In-Store,Credit Card,Delivered,East
ORD004244,CUST01727,2025-11-19,PROD0087,3,0.05,20.9,Online,UPI,Delivered,South
ORD004245,CUST01805,2025-08-15,PROD0012,6,0.15,6.62,Online,Net Banking,Delivered,South
ORD004246,CUST00700,2026-01-22,PROD0046,5,0.0,11.22,Online,UPI,Cancelled,South
ORD004247,CUST01050,2026-06-14,PROD0070,1,0.0,13.44,Mobile App,Net Banking,Delivered,West
ORD004248,CUST01837,2026-05-25,PROD0057,6,0.1,16.59,Online,Debit Card,Delivered,East
ORD004249,CUST01548,2025-12-14,PROD0036,4,0.05,19.6,Mobile App,Debit Card,Delivered,North
ORD004250,CUST01894,2026-07-05,PROD0121,4,0.25,9.87,Mobile App,Credit Card,Delivered,North
ORD004251,CUST01625,2025-10-30,PROD0022,4,0.0,16.15,In-Store,Wallet,Cancelled,West
ORD004252,CUST00643,2026-06-03,PROD0015,5,0.15,3.77,Mobile App,UPI,Delivered,East
ORD004253,CUST00884,2026-04-21,PROD0112,6,0.1,23.32,In-Store,Debit Card,Delivered,West
ORD004254,CUST01984,2026-07-31,PROD0065,5,0.0,9.58,Online,Credit Card,Delivered,North
ORD004255,CUST01097,2026-02-10,PROD0085,6,0.15,18.24,Mobile App,Wallet,Delivered,North
ORD004256,CUST01467,2025-11-06,PROD0053,2,0.25,0.51,In-Store,Wallet,Delivered,East
ORD004257,CUST00361,2025-11-16,PROD0071,4,0.25,5.13,Mobile App,COD,Delivered,West
ORD004258,CUST00238,2025-09-04,PROD0052,1,0.0,12.18,Mobile App,COD,Delivered,West
ORD004259,CUST00543,2026-06-10,PROD0022,5,0.0,21.96,Mobile App,Net Banking,Returned,East
ORD004260,CUST01688,2025-09-26,PROD0001,3,0.1,13.18,Mobile App,Wallet,Delivered,West
ORD004261,CUST00145,2026-03-17,PROD0080,3,0.05,23.25,Online,Wallet,Cancelled,South
ORD004262,CUST00667,2025-10-05,PROD0027,3,0.0,12.09,In-Store,Wallet,Delivered,East
ORD004263,CUST00345,2026-01-30,PROD0034,3,0.1,12.26,Online,UPI,Delivered,East
ORD004264,CUST00590,2025-08-19,PROD0108,2,0.2,2.99,Online,COD,Delivered,North
ORD004265,CUST00257,2025-10-22,PROD0015,5,0.25,20.07,Online,Wallet,Returned,West
ORD004266,CUST01704,2026-06-10,PROD0069,3,0.3,,In-Store,COD,Delivered,North
ORD004267,CUST00107,2026-07-21,PROD0065,5,0.0,22.49,Mobile App,Net Banking,Delivered,South
ORD004268,CUST01547,2025-11-19,PROD0072,1,0.05,,Mobile App,COD,Returned,South
ORD004269,CUST00463,2025-09-16,PROD0036,5,0.2,23.58,Mobile App,UPI,Returned,West
ORD004270,CUST01616,2025-08-01,PROD0072,3,0.0,13.01,In-Store,UPI,Delivered,East
ORD004271,CUST01198,2026-06-19,PROD0022,1,0.25,16.93,Online,Debit Card,Delivered,East
ORD004272,CUST01364,2025-09-11,PROD0075,4,0.2,19.46,In-Store,Net Banking,Delivered,West
ORD004273,CUST01796,2025-09-10,PROD0041,1,0.1,3.28,In-Store,COD,Delivered,South
ORD004274,CUST01136,2025-09-07,PROD0113,5,0.2,15.02,Online,Debit Card,Delivered,North
ORD004275,CUST01315,2025-12-03,PROD0118,2,0.0,0.86,In-Store,Net Banking,Delivered,East
ORD004276,CUST01140,2025-11-03,PROD0101,6,0.05,,Online,Net Banking,Delivered,West
ORD004277,CUST00057,2025-09-23,PROD0108,1,0.2,3.87,Online,Credit Card,Delivered,North
ORD004278,CUST01255,2026-04-20,PROD0026,5,0.2,4.57,Mobile App,Debit Card,Delivered,West
ORD004279,CUST00036,2025-12-14,PROD0086,4,0.0,9.13,Online,Net Banking,Delivered,West
ORD004280,CUST01461,2026-04-13,PROD0026,1,0.25,10.81,In-Store,Wallet,Delivered,East
ORD004281,CUST01975,2025-08-03,PROD0121,6,0.2,15.58,Mobile App,Net Banking,Delivered,South
ORD004282,CUST01337,2025-12-07,PROD0102,6,0.0,1.86,Mobile App,Net Banking,Delivered,South
ORD004283,CUST00482,2026-04-06,PROD0084,1,0.2,12.59,Online,Net Banking,Delivered,East
ORD004284,CUST01520,2026-02-22,PROD0096,6,0.15,4.57,Mobile App,Wallet,Returned,North
ORD004285,CUST01984,2025-07-12,PROD0099,3,0.0,14.35,In-Store,Net Banking,Pending,North
ORD004286,CUST00485,2025-10-07,PROD0121,3,0.0,15.94,Online,Net Banking,Delivered,East
ORD004287,CUST00664,2026-07-10,PROD0038,2,0.0,13.92,Mobile App,Wallet,Delivered,South
ORD004288,CUST01509,2025-09-25,PROD0026,1,0.05,18.46,Online,UPI,Returned,West
ORD004289,CUST00876,2025-08-25,PROD0013,6,0.05,,Mobile App,Debit Card,Delivered,North
ORD004290,CUST01779,2026-06-09,PROD0107,2,0.05,19.13,In-Store,COD,Delivered,North
ORD004291,CUST00361,2026-03-19,PROD0095,1,0.15,10.82,Online,Credit Card,Cancelled,North
ORD004292,CUST01497,2025-08-23,PROD0007,1,0.3,12.1,Mobile App,COD,Delivered,South
ORD004293,CUST01650,2025-10-21,PROD0084,5,0.0,16.2,Mobile App,Credit Card,Delivered,West
ORD004294,CUST01360,2025-07-11,PROD0094,5,0.2,0.46,Mobile App,Wallet,Delivered,North
ORD004295,CUST01111,2025-11-14,PROD0032,3,0.3,16.35,In-Store,Net Banking,Delivered,North
ORD004296,CUST01949,2026-01-02,PROD0105,5,0.25,15.46,Mobile App,COD,Delivered,West
ORD004297,CUST00536,2026-01-25,PROD0035,5,0.1,7.75,Online,Debit Card,Delivered,West
ORD004298,CUST00967,2025-11-17,PROD0004,1,0.0,2.14,Online,Net Banking,Delivered,West
ORD004299,CUST01312,2026-01-07,PROD0034,2,0.0,2.27,Mobile App,Net Banking,Delivered,North
ORD004300,CUST00390,2025-12-02,PROD0083,5,0.05,23.08,Mobile App,Net Banking,Delivered,East
ORD004301,CUST00219,2026-05-15,PROD0035,5,0.3,17.23,Online,Debit Card,Cancelled,East
ORD004302,CUST01810,2025-12-22,PROD0108,3,0.25,3.18,Online,Wallet,Delivered,West
ORD004303,CUST00145,2025-10-06,PROD0010,3,0.0,8.92,In-Store,UPI,Pending,West
ORD004304,CUST01064,2026-01-25,PROD0086,6,0.2,14.81,In-Store,Net Banking,Delivered,East
ORD004305,CUST01780,2026-02-26,PROD0002,4,0.0,20.89,Online,Debit Card,Delivered,East
ORD004306,CUST00721,2026-04-28,PROD0023,4,0.3,1.09,Online,Net Banking,Cancelled,East
ORD004307,CUST01506,2025-07-12,PROD0035,3,0.2,,Mobile App,Net Banking,Cancelled,East
ORD004308,CUST01016,2026-03-31,PROD0037,6,0.0,22.24,In-Store,COD,Delivered,West
ORD004309,CUST01226,2026-01-23,PROD0090,2,0.05,0.23,Mobile App,Credit Card,Delivered,West
ORD004310,CUST01434,2025-10-28,PROD0111,1,0.15,5.03,Online,COD,Delivered,West
ORD004311,CUST01161,2026-02-10,PROD0091,3,0.1,23.98,Mobile App,COD,Delivered,East
ORD004312,CUST01671,2025-12-20,PROD0121,1,0.05,15.34,In-Store,Debit Card,Delivered,West
ORD004313,CUST00866,2026-07-07,PROD0090,6,0.1,6.54,Online,Credit Card,Delivered,East
ORD004314,CUST01693,2025-10-29,PROD0087,1,0.2,1.67,Online,Credit Card,Delivered,East
ORD004315,CUST01440,2025-09-16,PROD0102,2,0.0,0.7,Mobile App,Wallet,Delivered,East
ORD004316,CUST00066,2026-02-26,PROD0048,6,0.2,6.12,In-Store,Debit Card,Delivered,North
ORD004317,CUST00818,2025-08-16,PROD0030,4,0.0,22.04,Mobile App,UPI,Delivered,North
ORD004318,CUST01866,2025-11-22,PROD0010,6,0.1,10.4,Mobile App,Wallet,Returned,West
ORD004319,CUST01209,2025-08-10,PROD0035,6,0.05,18.01,Mobile App,Debit Card,Delivered,South
ORD004320,CUST00761,2026-02-25,PROD0058,2,0.1,22.96,Mobile App,Credit Card,Delivered,West
ORD004321,CUST00473,2026-05-23,PROD0108,2,0.1,10.2,In-Store,UPI,Delivered,North
ORD004322,CUST01524,2025-12-07,PROD0059,4,0.1,4.78,Mobile App,Debit Card,Delivered,North
ORD004323,CUST01401,2026-02-12,PROD0019,2,0.25,12.93,Mobile App,Credit Card,Delivered,East
ORD004324,CUST01437,2026-07-26,PROD0121,2,0.25,22.7,Online,UPI,Delivered,East
ORD004325,CUST00809,2026-06-24,PROD0035,5,0.2,20.11,Online,Debit Card,Delivered,North
ORD004326,CUST01931,2026-01-21,PROD0034,5,0.15,1.65,Mobile App,Net Banking,Delivered,North
ORD004327,CUST01065,2025-11-22,PROD0067,1,0.25,17.31,In-Store,COD,Delivered,North
ORD004328,CUST01173,2025-08-05,PROD0027,4,0.2,14.3,Mobile App,Net Banking,Delivered,West
ORD004329,CUST01442,2026-04-02,PROD0110,2,0.0,22.69,In-Store,Net Banking,Delivered,North
ORD004330,CUST01289,2026-07-01,PROD0024,4,0.3,3.06,Online,COD,Delivered,South
ORD004331,CUST00388,2026-06-24,PROD0052,1,0.0,13.35,Online,UPI,Delivered,South
ORD004332,CUST00810,2025-08-11,PROD0062,6,0.2,21.99,In-Store,UPI,Returned,West
ORD004333,CUST01320,2026-06-19,PROD0118,6,0.0,10.25,Mobile App,UPI,Delivered,East
ORD004334,CUST00590,2026-05-29,PROD0065,6,0.3,12.05,Mobile App,Credit Card,Delivered,East
ORD004335,CUST01092,2026-04-22,PROD0073,4,0.0,,Mobile App,Debit Card,Delivered,South
ORD004336,CUST00583,2026-06-04,PROD0025,1,0.0,6.95,Mobile App,Net Banking,Delivered,North
ORD004337,CUST01245,2025-09-01,PROD0021,6,0.0,8.11,Mobile App,Net Banking,Returned,North
ORD004338,CUST00457,2026-07-13,PROD0068,4,0.2,23.63,Mobile App,UPI,Delivered,West
ORD004339,CUST00281,2025-12-09,PROD0011,1,0.0,,In-Store,Net Banking,Delivered,North
ORD004340,CUST01336,2025-12-16,PROD0005,2,0.0,11.52,Online,Debit Card,Delivered,North
ORD004341,CUST01819,2025-10-30,PROD0003,6,0.25,16.78,Online,COD,Delivered,North
ORD004342,CUST00473,2026-05-12,PROD0072,3,0.0,4.05,In-Store,UPI,Delivered,West
ORD004343,CUST01450,2026-05-18,PROD0094,2,0.0,12.16,Mobile App,Debit Card,Delivered,East
ORD004344,CUST00786,2025-11-14,PROD0108,6,0.05,18.46,Online,Credit Card,Delivered,East
ORD004345,CUST00004,2026-06-02,PROD0104,1,0.05,21.67,In-Store,UPI,Pending,East
ORD004346,CUST00231,2025-08-25,PROD0029,1,0.0,15.66,Mobile App,Wallet,Returned,East
ORD004347,CUST00324,2025-08-01,PROD0093,2,0.05,16.73,Online,Debit Card,Delivered,South
ORD004348,CUST01014,2026-07-02,PROD0030,5,0.1,3.16,In-Store,Credit Card,Delivered,North
ORD004349,CUST01557,2026-07-01,PROD0011,5,0.0,23.64,Mobile App,Net Banking,Delivered,South
ORD004350,CUST01619,08-17-2025,PROD0023,5,0.1,3.31,Mobile App,Net Banking,Delivered,East
ORD004351,CUST01268,2026-05-31,PROD0083,6,0.0,19.37,In-Store,Wallet,Delivered,West
ORD004352,CUST00218,2026-05-07,PROD0077,1,0.05,,Mobile App,Wallet,Cancelled,North
ORD004353,CUST00107,2025-08-25,PROD0011,2,0.2,23.34,Mobile App,UPI,Delivered,North
ORD004354,CUST01361,2025-12-02,PROD0045,5,0.0,18.0,In-Store,Debit Card,Delivered,North
ORD004355,CUST00391,0000-00-00,PROD0056,5,0.0,18.85,In-Store,Debit Card,Delivered,South
ORD004356,CUST01306,2026-05-09,PROD0041,3,0.0,5.48,In-Store,UPI,Delivered,West
ORD004357,CUST00292,2026-05-13,PROD0060,4,0.0,11.08,Mobile App,UPI,Cancelled,North
ORD004358,CUST01634,2025-08-19,PROD0026,3,0.25,15.45,Online,Wallet,Delivered,East
ORD004359,CUST00034,2026-07-31,PROD0051,4,0.25,19.25,Mobile App,COD,Returned,West
ORD004360,CUST01953,2026-04-09,PROD0114,1,0.0,2.6,Online,Wallet,Delivered,East
ORD004361,CUST00800,2025-11-25,PROD0101,1,0.0,24.06,Mobile App,Wallet,Delivered,North
ORD004362,CUST01633,2025-08-21,PROD0070,4,0.0,22.26,In-Store,Net Banking,Delivered,North
ORD004363,CUST00899,01-25-2026,PROD0071,3,0.3,6.76,Online,UPI,Returned,North
ORD004364,CUST01728,2025-12-22,PROD0062,4,0.25,20.57,Online,Net Banking,Delivered,West
ORD004365,CUST00736,2026-04-15,PROD0029,3,0.05,12.96,Online,Net Banking,Delivered,South
ORD004366,CUST01335,2025-07-11,PROD0026,2,0.25,11.55,Online,Credit Card,Delivered,South
ORD004367,CUST00744,2026-07-29,PROD0052,5,0.0,7.86,In-Store,UPI,Delivered,North
ORD004368,CUST01504,2025-10-05,PROD0079,1,0.15,14.52,In-Store,Credit Card,Delivered,West
ORD004369,CUST00515,2026-07-18,PROD0113,2,0.15,18.25,In-Store,Wallet,Pending,East
ORD004370,CUST00036,2026-06-26,PROD0076,5,0.0,10.27,In-Store,UPI,Delivered,East
ORD004371,CUST01821,2026-05-05,PROD0090,5,0.0,15.73,Mobile App,UPI,Returned,East
ORD004372,CUST01302,2025-11-16,PROD0074,2,0.05,17.48,In-Store,Wallet,Delivered,West
ORD004373,CUST00008,2025-11-29,PROD0110,5,0.2,17.78,In-Store,Net Banking,Cancelled,East
ORD004374,CUST00778,2025-07-12,PROD0091,3,0.3,1.3,In-Store,Credit Card,Returned,South
ORD004375,CUST01477,2026-04-06,PROD0044,2,0.0,,Mobile App,Net Banking,Delivered,East
ORD004376,CUST01794,2025-08-22,PROD0037,1,0.3,11.46,In-Store,Debit Card,Delivered,North
ORD004377,CUST01825,2025-08-12,PROD0081,4,0.15,6.56,In-Store,Debit Card,Delivered,East
ORD004378,CUST00812,2026-06-13,PROD0106,2,0.0,6.04,In-Store,Credit Card,Delivered,East
ORD004379,CUST00799,2026-07-23,PROD0094,4,0.0,12.08,In-Store,Debit Card,Delivered,South
ORD004380,CUST00755,2026-06-19,PROD0097,6,0.2,22.17,In-Store,COD,Delivered,North
ORD004381,CUST00806,2026-06-02,PROD0097,4,0.15,9.46,In-Store,COD,Delivered,North
ORD004382,CUST00917,2026-01-20,PROD0015,4,0.3,18.74,Online,Credit Card,Delivered,West
ORD004383,CUST01198,2026-02-21,PROD0083,5,0.0,2.42,In-Store,Debit Card,Delivered,East
ORD004384,CUST00852,2025-10-11,PROD0024,2,0.15,11.9,Mobile App,Net Banking,Delivered,West
ORD004385,CUST01510,2026-05-03,PROD0028,4,0.1,24.79,Online,Wallet,Delivered,North
ORD004386,CUST01583,2025-08-29,PROD0088,4,0.2,19.26,Online,UPI,Delivered,East
ORD004387,CUST01515,2025-07-19,PROD0104,5,0.0,5.26,Mobile App,Wallet,Delivered,East
ORD004388,CUST00805,2026-05-09,PROD0014,5,0.0,12.54,Mobile App,UPI,Delivered,West
ORD004389,CUST01847,01-09-2026,PROD0051,5,0.15,5.84,In-Store,COD,Cancelled,North
ORD004390,CUST01598,2025-10-13,PROD0056,2,0.1,10.24,In-Store,Debit Card,Delivered,North
ORD004391,CUST01532,2026-05-15,PROD0122,2,0.05,19.5,In-Store,COD,Delivered,South
ORD004392,CUST01850,2026-05-07,PROD0021,6,0.0,19.28,In-Store,Wallet,Delivered,South
ORD004393,CUST00531,2026-06-07,PROD0059,3,0.2,5.7,Mobile App,COD,Delivered,West
ORD004394,CUST00226,2026-05-18,PROD0122,3,0.0,23.06,Mobile App,Wallet,Delivered,South
ORD004395,CUST00357,2025-10-09,PROD0035,5,0.15,14.81,Mobile App,UPI,Delivered,North
ORD004396,CUST00617,2026-02-19,PROD0103,5,0.0,9.5,Mobile App,Wallet,Delivered,East
ORD004397,CUST01307,2026-05-27,PROD0098,1,0.05,12.55,Online,COD,Pending,South
ORD004398,CUST00020,2026-05-20,PROD0044,1,0.2,15.13,Online,Debit Card,Delivered,North
ORD004399,CUST00790,2026-03-30,PROD0008,1,0.05,14.0,In-Store,Net Banking,Delivered,South
ORD004400,CUST01172,2025-12-05,PROD0012,5,0.15,12.16,Online,Credit Card,Cancelled,North
ORD004401,CUST00437,2026-04-04,PROD0072,5,0.15,12.62,Mobile App,Wallet,Delivered,East
ORD004402,CUST00832,2025-07-29,PROD0082,3,0.2,4.41,Mobile App,Wallet,Delivered,North
ORD004403,CUST00859,2026-01-20,PROD0012,3,0.05,20.32,Mobile App,Credit Card,Delivered,North
ORD004404,CUST01781,2026-03-21,PROD0088,1,0.25,13.54,Mobile App,Net Banking,Delivered,West
ORD004405,CUST01564,2026-01-01,PROD0076,3,0.0,3.28,Online,Net Banking,Delivered,South
ORD004406,CUST00577,2026-04-02,PROD0097,2,0.05,19.15,In-Store,Wallet,Delivered,North
ORD004407,CUST01970,2025-12-23,PROD0016,4,0.05,23.31,Mobile App,Wallet,Delivered,South
ORD004408,CUST00350,2026-01-19,PROD0107,3,0.25,23.68,In-Store,UPI,Delivered,West
ORD004409,CUST01878,2026-02-03,PROD0011,2,0.0,9.23,In-Store,Debit Card,Cancelled,West
ORD004410,CUST01147,2025-10-26,PROD0107,4,0.05,3.39,In-Store,COD,Delivered,South
ORD004411,CUST01296,2026-01-18,PROD0116,6,0.0,12.96,Online,Credit Card,Delivered,North
ORD004412,CUST00363,2026-06-27,PROD0026,2,0.2,2.82,Mobile App,UPI,Delivered,North
ORD004413,CUST01632,2025-10-31,PROD0023,2,0.25,23.35,Online,UPI,Delivered,South
ORD004414,CUST01087,2025-08-05,PROD0079,5,0.2,4.59,In-Store,Debit Card,Cancelled,West
ORD004415,CUST00671,2025-07-18,PROD0113,3,0.1,6.32,Online,Credit Card,Delivered,North
ORD004416,CUST01569,2026-02-26,PROD0087,5,0.25,,Mobile App,COD,Delivered,West
ORD004417,CUST01201,2026-02-24,PROD0099,2,0.15,9.58,Online,UPI,Delivered,West
ORD004418,CUST01318,2025-08-06,PROD0108,6,0.15,19.87,In-Store,Debit Card,Delivered,North
ORD004419,CUST01404,2026-01-25,PROD0021,1,0.0,11.41,Online,Credit Card,Delivered,North
ORD004420,CUST00469,2025-10-25,PROD0006,4,0.3,4.27,Mobile App,Credit Card,Delivered,North
ORD004421,CUST00090,2025-10-10,PROD0052,2,0.1,6.68,Online,Net Banking,Delivered,East
ORD004422,CUST01136,2026-07-09,PROD0043,1,0.1,12.73,Online,Wallet,Delivered,West
ORD004423,CUST00134,2026-03-27,PROD0113,6,0.0,3.69,In-Store,Debit Card,Delivered,West
ORD004424,CUST01919,2026-04-08,PROD0119,4,0.1,15.29,In-Store,COD,Returned,West
ORD004425,CUST00428,2026-03-29,PROD0061,2,0.0,14.14,Online,Debit Card,Returned,West
ORD004426,CUST01360,2026-03-10,PROD0044,4,0.1,17.87,Online,Net Banking,Delivered,South
ORD004427,CUST00520,2026-01-07,PROD0021,1,0.15,23.44,Mobile App,Debit Card,Delivered,West
ORD004428,CUST01114,2026-05-18,PROD0006,1,0.1,22.81,In-Store,UPI,Delivered,West
ORD004429,CUST01797,2026-04-29,PROD0016,3,0.3,23.65,Mobile App,COD,Cancelled,North
ORD004430,CUST00470,2026-07-31,PROD0085,3,0.05,6.12,Mobile App,Wallet,Delivered,East
ORD004431,CUST01443,2026-07-28,PROD0033,4,0.0,3.29,Online,COD,Delivered,South
ORD004432,CUST01198,2026-05-05,PROD0114,3,0.3,7.56,In-Store,Wallet,Delivered,South
ORD004433,CUST01839,2026-07-27,PROD0053,1,0.15,22.38,Online,UPI,Delivered,North
ORD004434,CUST01646,2026-06-18,PROD0071,5,0.25,24.3,Online,UPI,Delivered,East
ORD004435,CUST01935,2025-11-06,PROD0034,2,0.15,21.48,Mobile App,Credit Card,Delivered,North
ORD004436,CUST01174,2026-04-12,PROD0026,3,0.0,2.75,Online,Wallet,Delivered,West
ORD004437,CUST00135,2026-01-16,PROD0071,4,0.1,23.69,In-Store,Credit Card,Delivered,West
ORD004438,CUST01563,2025-08-02,PROD0040,6,0.3,10.58,Mobile App,Wallet,Delivered,East
ORD004439,CUST00867,2026-01-22,PROD0028,2,0.0,0.23,Online,Debit Card,Returned,East
ORD004440,CUST00691,2026-07-21,PROD0109,6,0.3,11.06,Online,UPI,Delivered,West
ORD004441,CUST00298,2026-01-31,PROD0111,2,0.0,1.15,Online,Credit Card,Delivered,South
ORD004442,CUST01184,2025-11-19,PROD0065,4,0.1,13.6,In-Store,UPI,Delivered,North
ORD004443,CUST01415,2026-04-05,PROD0021,1,0.2,8.46,In-Store,Wallet,Delivered,South
ORD004444,CUST00057,2026-03-30,PROD0048,1,0.05,11.84,Mobile App,COD,Delivered,South
ORD004445,CUST00503,2025-10-10,PROD0020,5,0.1,15.33,In-Store,Debit Card,Delivered,South
ORD004446,CUST01471,2026-06-23,PROD0013,4,0.3,21.72,Online,COD,Delivered,West
ORD004447,CUST01032,2026-07-17,PROD0048,6,0.25,16.55,Online,Credit Card,Delivered,West
ORD004448,CUST01261,2026-02-12,PROD0026,1,0.0,10.85,Mobile App,Credit Card,Delivered,West
ORD004449,CUST00228,2025-09-11,PROD0012,4,0.2,20.49,Mobile App,Wallet,Delivered,South
ORD004450,CUST00268,2026-04-12,PROD0056,6,0.1,22.64,Mobile App,Wallet,Cancelled,South
ORD004451,CUST01311,2025-12-18,PROD0028,6,0.25,2.99,In-Store,Wallet,Delivered,East
ORD004452,CUST01892,2026-04-07,PROD0079,1,0.15,13.3,Online,Net Banking,Delivered,West
ORD004453,CUST01148,2026-06-08,PROD0067,4,0.3,7.11,Online,UPI,Pending,South
ORD004454,CUST01630,2026-07-22,PROD0026,2,0.0,1.18,Mobile App,Debit Card,Delivered,South
ORD004455,CUST01231,2025-09-27,PROD0082,6,0.0,16.71,In-Store,UPI,Delivered,North
ORD004456,CUST00479,2026-07-29,PROD0046,1,0.0,21.57,Mobile App,Net Banking,Delivered,South
ORD004457,CUST01458,2025-08-17,PROD0068,6,0.1,4.07,Online,Net Banking,Pending,North
ORD004458,CUST00073,09-24-2025,PROD0016,3,0.3,20.31,Mobile App,Credit Card,Delivered,East
ORD004459,CUST01610,2026-02-04,PROD0017,3,0.0,21.33,Online,UPI,Delivered,East
ORD004460,CUST01880,2025-11-26,PROD0005,4,0.0,22.86,In-Store,COD,Returned,East
ORD004461,CUST00111,2026-01-04,PROD0119,6,0.2,6.63,Online,COD,Pending,West
ORD004462,CUST01801,2025-07-25,PROD0047,1,0.15,22.6,In-Store,UPI,Delivered,South
ORD004463,CUST01998,2025-12-23,PROD0014,4,0.05,8.02,In-Store,Wallet,Delivered,East
ORD004464,CUST00968,2026-06-22,PROD0108,5,0.0,13.81,Mobile App,Credit Card,Delivered,West
ORD004465,CUST01615,2025-12-16,PROD0016,5,0.15,1.26,Mobile App,Wallet,Returned,South
ORD004466,CUST00949,2025-10-29,PROD0009,4,0.0,1.1,Mobile App,UPI,Delivered,East
ORD004467,CUST01697,2026-01-22,PROD0003,2,0.0,18.01,In-Store,COD,Delivered,North
ORD004468,CUST01057,2026-04-19,PROD0044,1,0.15,11.11,Mobile App,Credit Card,Cancelled,South
ORD004469,CUST00620,2026-02-13,PROD0055,5,0.0,6.41,Online,Net Banking,Delivered,South
ORD004470,CUST01329,2026-02-21,PROD0055,2,0.3,4.76,Online,Debit Card,Delivered,East
ORD004471,CUST01532,02-27-2026,PROD0048,1,0.2,16.75,In-Store,Wallet,Delivered,South
ORD004472,CUST00107,2026-05-16,PROD0013,4,0.05,0.01,Online,UPI,Delivered,North
ORD004473,CUST01213,2025-11-06,PROD0065,4,0.0,20.15,In-Store,Debit Card,Pending,North
ORD004474,CUST01113,2025-08-11,PROD0043,2,0.2,1.98,Online,UPI,Delivered,South
ORD004475,CUST01861,2026-07-14,PROD0114,5,0.2,4.79,Mobile App,UPI,Delivered,South
ORD004476,CUST00232,2025-11-30,PROD0093,5,0.3,9.66,Online,Debit Card,Delivered,West
ORD004477,CUST00461,2025-09-15,PROD0080,2,0.0,12.12,Online,Wallet,Delivered,West
ORD004478,CUST01890,2025-12-11,PROD0041,2,0.25,8.87,In-Store,UPI,Delivered,East
ORD004479,CUST00231,2026-06-18,PROD0118,3,0.0,8.02,Online,COD,Pending,North
ORD004480,CUST01944,2026-03-02,PROD0016,2,0.1,24.1,In-Store,Wallet,Delivered,West
ORD004481,CUST00730,2025-08-20,PROD0095,5,0.2,16.04,Online,Wallet,Delivered,North
ORD004482,CUST01243,2025-07-01,PROD0037,3,0.1,0.59,Online,COD,Returned,South
ORD004483,CUST01410,2026-02-24,PROD0074,2,0.2,10.75,In-Store,Debit Card,Delivered,East
ORD004484,CUST00326,2025-12-07,PROD0049,4,0.0,21.88,Mobile App,UPI,Returned,East
ORD004485,CUST00096,2026-05-29,PROD0008,2,0.0,7.54,Mobile App,Credit Card,Delivered,East
ORD004486,CUST00105,2026-07-03,PROD0018,3,0.1,2.36,Mobile App,COD,Returned,East
ORD004487,CUST01359,2025-10-29,PROD0034,6,0.0,18.96,Online,Credit Card,Delivered,West
ORD004488,CUST00878,2025-11-15,PROD0108,4,0.3,15.15,Online,COD,Delivered,South
ORD004489,CUST01860,2025-11-12,PROD0003,1,0.05,14.26,In-Store,Wallet,Delivered,West
ORD004490,CUST00683,2026-05-08,PROD0075,1,0.15,1.34,In-Store,Net Banking,Delivered,North
ORD004491,CUST00022,2025-11-02,PROD0115,4,0.0,3.51,In-Store,Credit Card,Delivered,East
ORD004492,CUST01270,2025-07-21,PROD0081,5,0.0,15.56,In-Store,Debit Card,Delivered,North
ORD004493,CUST01075,2026-02-22,PROD0040,6,0.3,5.2,In-Store,Net Banking,Delivered,South
ORD004494,CUST01532,2025-08-08,PROD0009,6,0.1,12.6,In-Store,UPI,Delivered,South
ORD004495,CUST01730,2026-06-19,PROD0102,5,0.3,13.62,In-Store,Credit Card,Delivered,West
ORD004496,CUST01576,2025-11-07,PROD0071,5,0.3,7.09,Mobile App,Wallet,Pending,West
ORD004497,CUST01686,2026-07-09,PROD0024,1,0.3,23.71,Mobile App,Wallet,Delivered,West
ORD004498,CUST01332,2025-12-22,PROD0013,3,0.3,21.06,In-Store,UPI,Cancelled,East
ORD004499,CUST01270,2025-08-21,PROD0027,2,0.0,18.06,Online,Debit Card,Delivered,East
ORD004500,CUST01993,2026-01-22,PROD0065,4,0.25,1.95,Online,COD,Cancelled,East
ORD004501,CUST01430,2026-07-01,PROD0119,1,0.3,2.65,Online,Net Banking,Delivered,North
ORD004502,CUST01569,2025-09-29,PROD0072,5,0.0,12.32,Online,Debit Card,Delivered,North
ORD004503,CUST01078,2026-05-18,PROD0011,2,0.15,4.02,Mobile App,COD,Delivered,South
ORD004504,CUST00262,2025-12-24,PROD0029,2,0.2,24.46,Online,UPI,Delivered,South
ORD004505,CUST00220,2025-12-15,PROD0114,1,0.0,3.96,Online,Debit Card,Returned,West
ORD004506,CUST00341,2025-10-17,PROD0012,5,0.0,12.19,Online,UPI,Delivered,West
ORD004507,CUST01309,2025-12-27,PROD0035,1,0.0,9.1,In-Store,Debit Card,Returned,North
ORD004508,CUST01288,2026-07-07,PROD0093,1,0.0,15.98,In-Store,Credit Card,Delivered,North
ORD004509,CUST01746,2026-03-19,PROD0121,6,0.0,3.23,In-Store,Credit Card,Delivered,East
ORD004510,CUST00156,2025-08-24,PROD0015,2,0.15,10.76,Online,Net Banking,Delivered,East
ORD004511,CUST00113,2025-07-31,PROD0076,2,0.0,6.87,In-Store,Debit Card,Delivered,West
ORD004512,CUST01830,2026-05-12,PROD0014,3,0.05,22.19,Mobile App,Credit Card,Delivered,East
ORD004513,CUST00248,2025-08-26,PROD0101,3,0.3,1.01,In-Store,UPI,Delivered,North
ORD004514,CUST00491,2025-07-22,PROD0044,5,0.1,22.84,Mobile App,Credit Card,Cancelled,West
ORD004515,CUST00969,2025-12-19,PROD0079,4,0.1,20.82,Mobile App,Wallet,Delivered,South
ORD004516,CUST00028,2026-07-27,PROD0104,2,0.1,7.44,Mobile App,Credit Card,Returned,South
ORD004517,CUST00554,2025-12-30,PROD0108,2,0.2,19.73,Online,Wallet,Returned,East
ORD004518,CUST00718,2026-03-28,PROD0058,5,0.0,0.78,In-Store,Credit Card,Delivered,North
ORD004519,CUST01866,2026-02-12,PROD0060,3,0.2,24.17,Online,Credit Card,Cancelled,West
ORD004520,CUST00969,2025-08-22,PROD0027,3,0.0,13.16,Mobile App,Wallet,Delivered,West
ORD004521,CUST00020,2026-03-28,PROD0093,5,0.25,7.58,In-Store,Wallet,Cancelled,West
ORD004522,CUST00651,2025-08-29,PROD0032,4,0.0,9.06,In-Store,Wallet,Delivered,East
ORD004523,CUST01898,2025-08-01,PROD0040,3,0.0,1.66,Online,Net Banking,Delivered,West
ORD004524,CUST01223,2026-07-17,PROD0115,4,0.2,24.73,In-Store,Credit Card,Delivered,North
ORD004525,CUST01873,2026-07-01,PROD0090,5,0.05,0.98,Mobile App,Wallet,Delivered,North
ORD004526,CUST00965,2025-12-11,PROD0087,2,0.0,16.37,In-Store,Credit Card,Delivered,West
ORD004527,CUST00239,2025-08-30,PROD0032,4,0.0,11.07,Mobile App,Wallet,Delivered,West
ORD004528,CUST01075,2025-08-04,PROD0083,5,0.25,23.72,Mobile App,Debit Card,Delivered,South
ORD004529,CUST01136,2025-07-30,PROD0039,4,0.0,6.15,Online,Credit Card,Delivered,North
ORD004530,CUST00787,2026-01-29,PROD0086,6,0.1,13.3,In-Store,Credit Card,Delivered,North
ORD004531,CUST01518,2026-01-30,PROD0048,1,0.0,12.06,Mobile App,Debit Card,Returned,West
ORD004532,CUST00539,2025-10-10,PROD0114,5,0.25,17.57,Online,Net Banking,Delivered,East
ORD004533,CUST00280,2025-08-31,PROD0025,6,0.0,1.7,In-Store,Net Banking,Delivered,South
ORD004534,CUST00399,2025-07-17,PROD0098,1,0.05,4.84,Online,Credit Card,Delivered,South
ORD004535,CUST00530,2025-12-16,PROD0068,5,0.1,5.36,In-Store,Wallet,Delivered,North
ORD004536,CUST01718,2025-09-26,PROD0063,2,0.1,18.45,Online,UPI,Returned,East
ORD004537,CUST00526,2025-07-27,PROD0072,4,0.0,,Mobile App,Debit Card,Returned,South
ORD004538,CUST01616,2026-02-09,PROD0116,1,0.0,14.34,Online,UPI,Cancelled,West
ORD004539,CUST01173,2025-09-27,PROD0047,6,0.2,5.38,Mobile App,COD,Delivered,West
ORD004540,CUST00033,2025-08-23,PROD0104,5,0.25,21.54,Online,COD,Cancelled,West
ORD004541,CUST00304,2025-11-03,PROD0110,5,0.1,23.55,Mobile App,Debit Card,Delivered,East
ORD004542,CUST00161,2025-08-25,PROD0030,6,0.25,12.96,In-Store,COD,Delivered,North
ORD004543,CUST00992,2026-04-29,PROD0053,6,0.2,8.81,In-Store,Net Banking,Pending,North
ORD004544,CUST00863,2026-03-27,PROD0009,2,0.2,5.85,Mobile App,Wallet,Delivered,South
ORD004545,CUST01175,2025-12-29,PROD0026,1,0.15,1.24,Mobile App,Credit Card,Cancelled,West
ORD004546,CUST01960,2026-04-01,PROD0026,4,0.0,6.71,In-Store,Wallet,Delivered,South
ORD004547,CUST01967,2025-11-18,PROD0011,5,0.15,16.36,Online,Net Banking,Delivered,North
ORD004548,CUST01192,2026-03-08,PROD0001,4,0.05,13.34,Online,Wallet,Delivered,West
ORD004549,CUST00418,2026-07-25,PROD0071,2,0.25,23.6,Mobile App,Wallet,Delivered,East
ORD004550,CUST01199,2025-10-28,PROD0023,1,0.2,9.91,Mobile App,Net Banking,Delivered,South
ORD004551,CUST01096,2025-09-07,PROD0064,4,0.05,17.35,In-Store,Wallet,Delivered,North
ORD004552,CUST00270,2025-08-19,PROD0034,1,0.3,12.23,In-Store,Debit Card,Delivered,North
ORD004553,CUST00688,2025-12-08,PROD0018,1,0.0,12.81,Online,COD,Delivered,North
ORD004554,CUST00855,2026-01-23,PROD0047,4,0.2,6.69,Mobile App,UPI,Delivered,South
ORD004555,CUST00907,2026-05-22,PROD0035,5,0.0,11.37,Mobile App,COD,Delivered,East
ORD004556,CUST00614,2026-01-02,PROD0078,1,0.0,11.77,Mobile App,Wallet,Cancelled,West
ORD004557,CUST01824,2026-05-24,PROD0096,1,0.25,17.67,Mobile App,Debit Card,Delivered,South
ORD004558,CUST00496,2025-08-03,PROD0103,5,0.2,23.52,Mobile App,Wallet,Returned,South
ORD004559,CUST00034,2026-03-14,PROD0064,4,0.0,8.23,Online,Wallet,Delivered,East
ORD004560,CUST01539,2025-07-15,PROD0110,6,0.2,1.06,Mobile App,UPI,Cancelled,East
ORD004561,CUST00607,2026-05-06,PROD0063,5,0.25,12.41,Online,Debit Card,Pending,East
ORD004562,CUST01558,2026-02-17,PROD0121,5,0.15,13.61,In-Store,Net Banking,Delivered,South
ORD004563,CUST00190,2026-02-19,PROD0062,1,0.0,4.21,In-Store,Credit Card,Delivered,West
ORD004564,CUST01149,2026-04-26,PROD0025,3,0.0,19.01,Mobile App,COD,Delivered,South
ORD004565,CUST01925,2025-11-17,PROD0093,1,0.15,24.62,Mobile App,UPI,Pending,West
ORD004566,CUST00088,2025-08-29,PROD0069,1,0.0,23.64,Online,COD,Cancelled,South
ORD004567,CUST00803,2025-11-16,PROD0089,5,0.25,4.93,In-Store,UPI,Delivered,South
ORD004568,CUST00105,2026-04-22,PROD0047,4,0.15,21.88,Mobile App,Net Banking,Delivered,North
ORD004569,CUST01692,2026-04-25,PROD0038,6,0.0,17.61,Mobile App,Credit Card,Delivered,North
ORD004570,CUST01539,2025-10-27,PROD0055,4,0.0,11.35,Mobile App,Debit Card,Delivered,East
ORD004571,CUST01740,2026-03-09,PROD0001,1,0.2,13.52,Mobile App,COD,Delivered,East
ORD004572,CUST00095,2025-07-19,PROD0044,2,0.2,21.24,In-Store,COD,Delivered,East
ORD004573,CUST00126,0000-00-00,PROD0090,1,0.0,12.0,Online,Credit Card,Delivered,East
ORD004574,CUST00591,2025-07-13,PROD0012,6,0.25,9.33,Online,COD,Pending,North
ORD004575,CUST01067,2025-08-08,PROD0064,6,0.05,12.33,Mobile App,Debit Card,Delivered,South
ORD004576,CUST00254,2026-04-27,PROD0094,1,0.05,14.48,Online,Wallet,Delivered,West
ORD004577,CUST01544,2025-11-20,PROD0019,1,0.25,4.73,In-Store,Debit Card,Delivered,East
ORD004578,CUST01489,2025-10-17,PROD0081,2,0.2,22.52,Online,UPI,Delivered,South
ORD004579,CUST00284,2026-04-30,PROD0021,2,0.25,16.85,In-Store,UPI,Returned,South
ORD004580,CUST00325,2026-03-14,PROD0081,6,0.1,15.83,In-Store,Credit Card,Delivered,South
ORD004581,CUST01333,2025-10-01,PROD0114,6,0.2,2.49,In-Store,Net Banking,Delivered,East
ORD004582,CUST01425,2026-06-09,PROD0011,4,0.3,15.1,Mobile App,Net Banking,Delivered,South
ORD004583,CUST00350,2025-11-25,PROD0077,6,0.0,3.02,In-Store,Debit Card,Delivered,West
ORD004584,CUST01559,2026-01-06,PROD0080,5,0.05,1.97,Online,Net Banking,Delivered,East
ORD004585,CUST00835,2026-05-13,PROD0057,1,0.0,13.18,In-Store,Net Banking,Delivered,North
ORD004586,CUST01502,2025-11-19,PROD0040,3,0.1,10.07,Online,Net Banking,Returned,West
ORD004587,CUST00419,2025-10-22,PROD0103,4,0.0,14.72,In-Store,Net Banking,Delivered,West
ORD004588,CUST00697,2026-06-10,PROD0012,6,0.05,2.23,Online,Net Banking,Delivered,North
ORD004589,CUST01879,2025-08-24,PROD0054,4,0.0,10.77,In-Store,UPI,Returned,West
ORD004590,CUST01777,2026-02-13,PROD0062,4,0.25,4.37,Online,UPI,Delivered,North
ORD004591,CUST00810,2026-05-30,PROD0022,2,0.05,24.68,Mobile App,Wallet,Cancelled,East
ORD004592,CUST01587,2025-07-09,PROD0008,3,0.1,14.03,Mobile App,Wallet,Delivered,East
ORD004593,CUST01356,2025-08-12,PROD0082,2,0.0,,Mobile App,Debit Card,Delivered,North
ORD004594,CUST01587,2026-02-19,PROD0006,5,0.0,8.14,In-Store,Net Banking,Delivered,West
ORD004595,CUST01114,2026-02-01,PROD0070,4,0.2,2.37,In-Store,Debit Card,Returned,West
ORD004596,CUST01559,2025-12-08,PROD0043,5,0.0,24.4,Mobile App,Credit Card,Delivered,North
ORD004597,CUST00390,2025-09-04,PROD0041,5,0.05,7.16,Online,Net Banking,Delivered,West
ORD004598,CUST01525,2026-01-05,PROD0051,5,0.1,10.6,Online,Wallet,Delivered,North
ORD004599,CUST01714,2026-06-22,PROD0042,2,0.0,16.25,Online,Debit Card,Delivered,West
ORD004600,CUST01811,2026-05-08,PROD0088,1,0.2,0.62,Online,Credit Card,Delivered,West
ORD004601,CUST01240,2025-11-28,PROD0112,6,0.2,20.26,Online,Debit Card,Delivered,East
ORD004602,CUST00031,2026-05-01,PROD0001,2,0.0,13.41,In-Store,COD,Delivered,South
ORD004603,CUST01763,2025-09-21,PROD0069,6,0.3,6.96,In-Store,Wallet,Delivered,North
ORD004604,CUST01814,2025-10-12,PROD0106,3,0.05,1.54,Online,UPI,Delivered,South
ORD004605,CUST01508,2025-08-21,PROD0035,5,0.1,4.06,Online,Net Banking,Returned,South
ORD004606,CUST01986,2025-10-30,PROD0080,1,0.0,,In-Store,Debit Card,Delivered,South
ORD004607,CUST01981,2026-06-30,PROD0047,1,0.0,17.15,Online,Credit Card,Returned,North
ORD004608,CUST00577,2026-07-17,PROD0121,5,0.25,6.25,Mobile App,Wallet,Delivered,North
ORD004609,CUST00874,2026-04-24,PROD0086,4,0.2,1.64,Online,Credit Card,Pending,North
ORD004610,CUST01874,2026-05-05,PROD0028,3,0.1,17.27,In-Store,UPI,Delivered,South
ORD004611,CUST00366,2025-09-23,PROD0083,3,0.25,14.31,Mobile App,UPI,Delivered,West
ORD004612,CUST00763,2025-09-17,PROD0006,2,0.25,10.11,Mobile App,Wallet,Delivered,East
ORD004613,CUST01797,2025-11-10,PROD0109,1,0.1,9.09,Online,COD,Delivered,North
ORD004614,CUST00064,2026-01-20,PROD0119,6,0.2,5.42,In-Store,Debit Card,Delivered,South
ORD004615,CUST00428,2026-06-02,PROD0077,3,0.3,16.74,Online,COD,Cancelled,North
ORD004616,CUST01166,2025-10-17,PROD0042,5,0.0,,In-Store,Net Banking,Delivered,South
ORD004617,CUST00280,2026-06-10,PROD0028,2,0.15,4.39,In-Store,Debit Card,Delivered,South
ORD004618,CUST00250,2025-11-27,PROD0034,2,0.1,14.93,Mobile App,UPI,Pending,South
ORD004619,CUST01547,2025-10-07,PROD0057,3,0.2,10.6,In-Store,COD,Delivered,West
ORD004620,CUST00488,2025-08-25,PROD0039,2,0.0,11.17,Online,Credit Card,Delivered,East
ORD004621,CUST01162,2025-10-29,PROD0004,5,0.05,6.35,Online,Wallet,Delivered,West
ORD004622,CUST00804,2025-11-11,PROD0086,5,0.0,20.63,Mobile App,Net Banking,Delivered,East
ORD004623,CUST01462,2025-08-26,PROD0090,1,0.2,12.13,In-Store,Credit Card,Delivered,West
ORD004624,CUST01200,2026-06-16,PROD0059,6,0.15,13.59,In-Store,COD,Delivered,West
ORD004625,CUST01954,2026-04-15,PROD0021,4,0.0,7.62,In-Store,COD,Delivered,West
ORD004626,CUST01463,2026-05-11,PROD0038,3,0.3,4.55,In-Store,COD,Delivered,East
ORD004627,CUST00224,2025-11-28,PROD0025,6,0.0,2.15,In-Store,Wallet,Delivered,South
ORD004628,CUST00994,2026-01-02,PROD0017,2,0.3,17.85,Mobile App,UPI,Delivered,North
ORD004629,CUST01343,2025-11-25,PROD0064,3,0.15,4.91,Mobile App,Credit Card,Pending,West
ORD004630,CUST00090,2025-09-07,PROD0104,4,0.3,17.25,Online,Debit Card,Delivered,North
ORD004631,CUST01721,2025-10-07,PROD0003,2,0.25,9.76,Mobile App,Credit Card,Delivered,South
ORD004632,CUST00128,2025-08-15,PROD0110,2,0.3,10.39,Mobile App,Net Banking,Delivered,East
ORD004633,CUST00253,2025-07-06,PROD0007,4,0.25,11.73,In-Store,Debit Card,Delivered,East
ORD004634,CUST01496,2025-11-23,PROD0049,5,0.2,9.19,In-Store,Wallet,Pending,South
ORD004635,CUST00818,2026-05-22,PROD0045,6,0.2,2.52,Online,Debit Card,Pending,East
ORD004636,CUST01332,2025-11-06,PROD0009,2,0.1,7.74,In-Store,Credit Card,Delivered,South
ORD004637,CUST00013,2026-04-11,PROD0073,5,0.0,16.59,Mobile App,UPI,Delivered,East
ORD004638,CUST00817,2025-07-29,PROD0031,5,0.15,16.64,Mobile App,Debit Card,Delivered,North
ORD004639,CUST01337,2025-10-04,PROD0028,3,0.05,7.16,In-Store,Credit Card,Pending,South
ORD004640,CUST00066,2025-07-03,PROD0058,4,0.0,11.5,Online,COD,Delivered,West
ORD004641,CUST01317,2026-01-31,PROD0057,1,0.2,4.84,In-Store,Credit Card,Delivered,North
ORD004642,CUST01212,2025-11-15,PROD0098,6,0.0,5.26,Online,Wallet,Delivered,East
ORD004643,CUST00797,2026-04-20,PROD0011,3,0.0,0.58,In-Store,Net Banking,Delivered,West
ORD004644,CUST00665,2026-05-09,PROD0044,2,0.0,22.42,In-Store,COD,Returned,North
ORD004645,CUST01952,2026-05-14,PROD0079,6,0.0,5.27,Online,COD,Delivered,South
ORD004646,CUST00780,2026-01-29,PROD0113,1,0.0,5.69,Online,COD,Delivered,North
ORD004647,CUST01626,2025-11-03,PROD0102,2,0.05,6.99,Online,Net Banking,Delivered,South
ORD004648,CUST01605,2025-10-05,PROD0066,4,0.1,3.19,Online,COD,Delivered,East
ORD004649,CUST00233,2026-01-29,PROD0042,3,0.3,15.98,Mobile App,Credit Card,Delivered,West
ORD004650,CUST00899,2025-12-02,PROD0084,1,0.1,1.88,Mobile App,Net Banking,Pending,North
ORD004651,CUST00901,02-02-2026,PROD0110,6,0.0,3.36,Online,COD,Delivered,South
ORD004652,CUST00975,2025-09-14,PROD0007,5,0.25,16.12,In-Store,COD,Delivered,West
ORD004653,CUST00232,2025-12-16,PROD0087,1,0.0,8.49,Mobile App,Wallet,Delivered,West
ORD004654,CUST00636,2026-07-31,PROD0089,4,0.25,,Mobile App,COD,Delivered,North
ORD004655,CUST00681,2026-01-23,PROD0053,1,0.2,13.94,Mobile App,UPI,Delivered,East
ORD004656,CUST01858,2025-08-04,PROD0014,2,0.0,6.4,In-Store,Debit Card,Returned,East
ORD004657,CUST00432,2026-03-13,PROD0055,5,0.15,16.27,Mobile App,Credit Card,Delivered,North
ORD004658,CUST01969,2026-05-25,PROD0005,6,0.15,2.91,Online,Wallet,Delivered,South
ORD004659,CUST00255,2026-02-16,PROD0014,2,0.25,13.41,Online,Credit Card,Pending,North
ORD004660,CUST00402,2025-12-25,PROD0051,6,0.0,10.93,Mobile App,Wallet,Delivered,South
ORD004661,CUST00618,2026-01-09,PROD0075,6,0.05,6.7,In-Store,COD,Delivered,North
ORD004662,CUST01208,2026-07-04,PROD0085,5,0.0,15.1,Online,Net Banking,Pending,South
ORD004663,CUST00380,2025-09-07,PROD0109,5,0.0,21.78,Online,Credit Card,Delivered,East
ORD004664,CUST01278,2026-03-05,PROD0094,5,0.0,24.97,Mobile App,Wallet,Delivered,South
ORD004665,CUST00073,2025-08-10,PROD0041,6,0.0,15.19,Online,Net Banking,Delivered,East
ORD004666,CUST01320,2025-11-03,PROD0010,2,0.1,10.12,Online,Net Banking,Delivered,South
ORD004667,CUST00007,2026-04-01,PROD0057,5,0.1,5.63,In-Store,Net Banking,Returned,East
ORD004668,CUST00013,2026-03-28,PROD0075,3,0.05,,Online,Credit Card,Cancelled,North
ORD004669,CUST01226,2026-03-30,PROD0096,4,0.2,11.99,Mobile App,Net Banking,Delivered,South
ORD004670,CUST00180,2025-11-17,PROD0100,1,0.3,9.18,In-Store,Net Banking,Cancelled,West
ORD004671,CUST01282,2025-11-01,PROD0083,5,0.25,22.85,Mobile App,Wallet,Delivered,West
ORD004672,CUST01857,2025-09-15,PROD0115,5,0.0,9.21,In-Store,Wallet,Delivered,East
ORD004673,CUST00308,2026-02-03,PROD0056,3,0.0,9.34,Mobile App,COD,Delivered,North
ORD004674,CUST01752,2026-02-18,PROD0073,4,0.05,9.59,In-Store,UPI,Returned,North
ORD004675,CUST01210,2026-06-23,PROD0067,6,0.0,20.92,Online,UPI,Delivered,South
ORD004676,CUST00495,2026-05-30,PROD0007,5,0.0,16.27,Online,UPI,Delivered,East
ORD004677,CUST00822,2026-05-07,PROD0081,5,0.3,15.35,Online,COD,Cancelled,North
ORD004678,CUST00042,2025-08-29,PROD0109,4,0.0,8.35,Mobile App,Debit Card,Delivered,West
ORD004679,CUST01843,2025-10-27,PROD0103,6,0.15,20.45,In-Store,Credit Card,Delivered,East
ORD004680,CUST01120,2026-03-05,PROD0054,1,0.0,0.96,In-Store,Credit Card,Delivered,West
ORD004681,CUST00305,2026-06-13,PROD0103,6,0.05,21.77,In-Store,Debit Card,Delivered,North
ORD004682,CUST01581,2026-01-20,PROD0016,3,0.05,12.82,Mobile App,UPI,Delivered,North
ORD004683,CUST01490,2025-07-16,PROD0105,5,0.3,9.96,In-Store,Net Banking,Returned,West
ORD004684,CUST01861,2025-08-18,PROD0067,1,0.05,12.43,Online,COD,Delivered,North
ORD004685,CUST01724,2025-07-30,PROD0087,1,0.1,16.69,Mobile App,Debit Card,Delivered,East
ORD004686,CUST00668,2026-05-08,PROD0093,4,0.1,0.32,In-Store,COD,Delivered,North
ORD004687,CUST01777,2026-05-14,PROD0057,2,0.0,,Online,COD,Delivered,East
ORD004688,CUST01103,2026-03-02,PROD0107,1,0.15,11.17,Mobile App,Credit Card,Pending,West
ORD004689,CUST00841,2026-03-11,PROD0009,5,0.2,8.57,In-Store,Wallet,Cancelled,East
ORD004690,CUST00455,2026-01-20,PROD0009,3,0.25,3.46,Online,Credit Card,Returned,West
ORD004691,CUST00375,2026-02-05,PROD0061,5,0.1,10.99,In-Store,COD,Returned,East
ORD004692,CUST01270,2026-03-25,PROD0013,1,0.15,12.41,Mobile App,COD,Delivered,West
ORD004693,CUST01476,2026-04-17,PROD0113,4,0.0,10.09,In-Store,Net Banking,Delivered,West
ORD004694,CUST00328,2026-03-27,PROD0047,3,0.0,16.97,In-Store,UPI,Cancelled,South
ORD004695,CUST01666,2026-03-29,PROD0110,6,0.0,10.52,Online,Debit Card,Delivered,North
ORD004696,CUST00216,2025-09-08,PROD0096,6,0.05,24.04,In-Store,Credit Card,Delivered,South
ORD004697,CUST01208,2026-06-09,PROD0008,3,0.0,14.98,Online,Net Banking,Delivered,North
ORD004698,CUST01899,2026-02-12,PROD0066,6,0.0,20.19,Online,Debit Card,Delivered,East
ORD004699,CUST01645,2025-08-19,PROD0023,5,0.25,2.73,In-Store,Net Banking,Delivered,West
ORD004700,CUST01572,2026-04-22,PROD0058,2,0.25,9.93,In-Store,COD,Delivered,West
ORD004701,CUST01424,2025-11-17,PROD0115,4,0.05,8.42,In-Store,Debit Card,Delivered,West
ORD004702,CUST01609,2026-04-10,PROD0004,6,0.0,14.24,Mobile App,Credit Card,Delivered,East
ORD004703,CUST01355,2026-01-18,PROD0057,5,0.05,21.53,In-Store,Debit Card,Delivered,East
ORD004704,CUST00441,2026-03-20,PROD0047,4,0.0,1.96,In-Store,Wallet,Delivered,East
ORD004705,CUST00460,2026-04-14,PROD0016,3,0.1,1.81,Online,Debit Card,Returned,North
ORD004706,CUST00450,2026-07-17,PROD0113,4,0.2,21.26,Online,Wallet,Delivered,North
ORD004707,CUST01891,2026-06-28,PROD0086,-3,0.1,5.32,In-Store,UPI,Delivered,South
ORD004708,CUST00223,2025-11-25,PROD0066,5,0.0,16.72,In-Store,Net Banking,Delivered,West
ORD004709,CUST00521,2025-08-22,PROD0072,4,0.0,13.57,Online,UPI,Returned,South
ORD004710,CUST01439,2026-03-08,PROD0002,1,0.0,20.82,In-Store,Wallet,Delivered,South
ORD004711,CUST01783,2026-07-23,PROD0108,2,0.1,3.13,In-Store,Debit Card,Delivered,South
ORD004712,CUST01458,2025-10-08,PROD0095,6,0.0,3.24,Mobile App,COD,Delivered,North
ORD004713,CUST00794,2025-08-23,PROD0012,2,0.05,13.92,Mobile App,Wallet,Delivered,North
ORD004714,CUST00780,2026-04-23,PROD0023,4,0.25,23.66,In-Store,COD,Delivered,East
ORD004715,CUST00085,2025-08-02,PROD0007,5,0.15,10.37,In-Store,Debit Card,Returned,North
ORD004716,CUST00726,2025-09-09,PROD0016,6,0.0,8.17,Mobile App,COD,Returned,North
ORD004717,CUST00973,2026-05-07,PROD0027,2,0.0,15.17,In-Store,Net Banking,Delivered,East
ORD004718,CUST01025,2025-09-12,PROD0109,5,0.0,23.26,In-Store,Credit Card,Delivered,East
ORD004719,CUST01050,2026-05-29,PROD0105,1,0.0,20.92,In-Store,Debit Card,Delivered,North
ORD004720,CUST00208,2025-11-16,PROD0117,6,0.3,24.89,Mobile App,Wallet,Delivered,South
ORD004721,CUST00298,2026-07-24,PROD0088,4,0.0,0.56,In-Store,Net Banking,Delivered,South
ORD004722,CUST01363,2026-07-03,PROD0075,6,0.25,2.82,Online,COD,Delivered,East
ORD004723,CUST00801,2025-09-20,PROD0009,1,0.0,15.24,Online,Net Banking,Delivered,South
ORD004724,CUST00720,2026-03-28,PROD0025,4,0.2,20.51,Mobile App,Net Banking,Cancelled,South
ORD004725,CUST00322,2026-03-09,PROD0054,6,0.05,7.13,In-Store,Debit Card,Delivered,West
ORD004726,CUST01680,2026-07-30,PROD0026,2,0.1,5.98,In-Store,Wallet,Delivered,East
ORD004727,CUST01487,2025-10-31,PROD0063,4,0.2,19.67,In-Store,COD,Delivered,East
ORD004728,CUST00242,2026-03-25,PROD0030,6,0.1,1.41,Online,Wallet,Delivered,West
ORD004729,CUST00622,2026-01-18,PROD0043,1,0.25,9.23,Online,Debit Card,Pending,East
ORD004730,CUST00030,01-27-2026,PROD0052,5,0.1,12.65,Mobile App,Credit Card,Delivered,West
ORD004731,CUST01969,2026-05-17,PROD0027,5,0.15,14.01,Mobile App,COD,Cancelled,South
ORD004732,CUST01512,2026-02-06,PROD0108,2,0.0,18.22,Mobile App,UPI,Delivered,South
ORD004733,CUST01934,2026-07-04,PROD0090,2,0.1,8.87,Online,UPI,Cancelled,West
ORD004734,CUST01076,2026-06-18,PROD0062,4,0.1,15.32,Mobile App,Credit Card,Cancelled,South
ORD004735,CUST00772,07-20-2026,PROD0040,6,0.0,14.63,Online,Wallet,Delivered,West
ORD004736,CUST00588,2025-12-04,PROD0093,5,0.15,13.69,Online,Wallet,Delivered,East
ORD004737,CUST00035,2025-08-20,PROD0059,6,0.15,16.01,In-Store,COD,Pending,East
ORD004738,CUST01137,2025-12-04,PROD0103,6,0.0,6.49,Online,Net Banking,Delivered,South
ORD004739,CUST00596,2025-11-19,PROD0096,1,0.05,2.12,In-Store,Credit Card,Delivered,North
ORD004740,CUST00311,2026-06-30,PROD0055,4,0.0,2.98,Mobile App,UPI,Returned,West
ORD004741,CUST00470,2026-03-10,PROD0110,5,0.2,5.61,In-Store,Wallet,Delivered,North
ORD004742,CUST01509,2026-02-23,PROD0006,6,0.1,12.5,Mobile App,Net Banking,Delivered,West
ORD004743,CUST00835,2026-01-01,PROD0079,6,0.2,21.01,Online,Wallet,Pending,North
ORD004744,CUST01538,2026-06-20,PROD0047,5,0.2,17.53,In-Store,UPI,Pending,South
ORD004745,CUST00547,2025-09-27,PROD0040,4,0.0,19.73,In-Store,Credit Card,Delivered,East
ORD004746,CUST01040,2026-06-03,PROD0118,5,0.0,8.77,In-Store,Debit Card,Delivered,South
ORD004747,CUST00957,2025-12-10,PROD0005,3,0.0,10.12,Mobile App,Debit Card,Returned,North
ORD004748,CUST01194,2026-07-08,PROD0105,6,0.15,9.84,In-Store,Debit Card,Pending,South
ORD004749,CUST01428,2026-05-18,PROD0023,3,0.2,4.8,Mobile App,Credit Card,Delivered,East
ORD004750,CUST01055,2026-01-17,PROD0071,1,0.0,1.53,In-Store,UPI,Delivered,North
ORD004751,CUST01601,2026-07-02,PROD0049,2,0.15,14.77,Online,UPI,Delivered,East
ORD004752,CUST00133,2026-07-04,PROD0115,6,0.0,24.73,Online,UPI,Returned,South
ORD004753,CUST01047,2026-03-24,PROD0003,4,0.2,4.17,Mobile App,Credit Card,Delivered,East
ORD004754,CUST00224,2026-05-16,PROD0095,2,0.15,1.17,Mobile App,Net Banking,Pending,East
ORD004755,CUST01670,2026-07-11,PROD0099,3,0.05,19.49,Mobile App,Credit Card,Delivered,South
ORD004756,CUST00851,2025-10-15,PROD0055,3,0.2,6.31,Mobile App,Credit Card,Delivered,East
ORD004757,CUST01657,2026-01-05,PROD0120,5,0.25,20.74,Online,COD,Delivered,West
ORD004758,CUST00582,2025-07-20,PROD0111,3,0.3,17.6,Online,Debit Card,Delivered,North
ORD004759,CUST01461,2026-06-29,PROD0107,5,0.0,23.64,Mobile App,COD,Delivered,South
ORD004760,CUST00783,2026-04-16,PROD0012,6,0.2,10.22,In-Store,Credit Card,Delivered,North
ORD004761,CUST00308,2025-10-13,PROD0002,6,0.0,16.55,Mobile App,COD,Returned,West
ORD004762,CUST00191,2025-07-19,PROD0047,6,0.15,11.62,In-Store,UPI,Delivered,South
ORD004763,CUST01442,2026-04-21,PROD0079,4,0.2,15.76,Online,Wallet,Delivered,East
ORD004764,CUST00246,2026-02-19,PROD0078,3,0.0,11.24,Mobile App,Net Banking,Returned,North
ORD004765,CUST00037,2026-04-27,PROD0110,5,0.0,4.72,Online,Debit Card,Delivered,West
ORD004766,CUST00199,2026-07-27,PROD0047,6,0.0,12.7,Online,Credit Card,Delivered,North
ORD004767,CUST00858,2025-10-31,PROD0086,2,0.25,13.21,Mobile App,Wallet,Delivered,West
ORD004768,CUST01276,07-10-2026,PROD0085,3,0.3,20.27,Online,Credit Card,Delivered,South
ORD004769,CUST01080,2026-04-15,PROD0044,4,0.0,18.39,In-Store,Credit Card,Delivered,West
ORD004770,CUST00190,2025-07-19,PROD0057,3,0.1,16.59,Online,Wallet,Delivered,South
ORD004771,CUST01094,2026-05-31,PROD0030,3,0.0,2.83,Mobile App,Debit Card,Pending,East
ORD004772,CUST00121,2026-04-30,PROD0055,2,0.1,18.02,Online,COD,Returned,East
ORD004773,CUST00420,2025-10-15,PROD0049,6,0.3,12.51,Mobile App,Wallet,Delivered,South
ORD004774,CUST00858,2025-11-06,PROD0035,1,0.15,22.35,Online,Wallet,Delivered,North
ORD004775,CUST00053,2026-02-06,PROD0045,3,0.05,23.0,In-Store,Credit Card,Delivered,West
ORD004776,CUST01785,2026-04-18,PROD0072,1,0.0,1.38,Online,COD,Delivered,West
ORD004777,CUST01191,2026-07-26,PROD0104,2,0.05,20.52,Mobile App,Debit Card,Returned,South
ORD004778,CUST00721,2025-11-20,PROD0091,1,0.25,0.94,Online,COD,Returned,South
ORD004779,CUST00271,2025-08-27,PROD0014,3,0.0,9.18,Mobile App,Net Banking,Returned,South
ORD004780,CUST00390,2026-02-07,PROD0111,2,0.25,13.56,Mobile App,Net Banking,Delivered,North
ORD004781,CUST01109,2025-10-28,PROD0067,2,0.3,3.7,In-Store,Debit Card,Delivered,East
ORD004782,CUST00776,2025-08-21,PROD0098,1,0.25,18.66,In-Store,UPI,Delivered,West
ORD004783,CUST00848,2026-07-05,PROD0027,5,0.0,0.21,Mobile App,UPI,Delivered,North
ORD004784,CUST00272,2025-10-10,PROD0095,1,0.0,4.21,Online,Net Banking,Returned,East
ORD004785,CUST00211,2025-12-17,PROD0044,1,0.25,14.52,In-Store,COD,Delivered,South
ORD004786,CUST01278,2026-01-03,PROD0024,2,0.25,17.86,Mobile App,Credit Card,Delivered,East
ORD004787,CUST01690,2025-08-10,PROD0086,3,0.2,22.92,Mobile App,COD,Delivered,South
ORD004788,CUST00339,2025-09-06,PROD0098,3,0.3,17.64,Mobile App,Wallet,Delivered,West
ORD004789,CUST01142,2026-02-08,PROD0075,3,0.0,16.79,Online,Wallet,Delivered,West
ORD004790,CUST01092,2025-07-22,PROD0111,2,0.15,9.86,In-Store,Wallet,Cancelled,West
ORD004791,CUST00512,2026-07-22,PROD0083,1,0.15,0.03,Online,Wallet,Delivered,South
ORD004792,CUST00906,2026-06-30,PROD0022,3,0.0,3.0,In-Store,Wallet,Delivered,East
ORD004793,CUST00870,2025-07-18,PROD0084,2,0.05,13.36,In-Store,Net Banking,Delivered,South
ORD004794,CUST00974,2026-06-29,PROD0083,2,0.05,16.88,In-Store,Debit Card,Delivered,West
ORD004795,CUST00705,2026-07-24,PROD0016,4,0.1,10.44,In-Store,UPI,Returned,West
ORD004796,CUST01830,2025-09-07,PROD0046,3,0.3,18.27,In-Store,Net Banking,Delivered,North
ORD004797,CUST00549,2026-07-11,PROD0061,6,0.0,13.05,In-Store,Wallet,Returned,East
ORD004798,CUST01443,2026-07-17,PROD0078,3,0.3,1.85,Online,Credit Card,Delivered,North
ORD004799,CUST01884,2025-10-23,PROD0011,5,0.0,4.8,Online,Credit Card,Cancelled,West
ORD004800,CUST01937,2025-08-21,PROD0012,6,0.2,21.0,Mobile App,COD,Delivered,North
ORD004801,CUST00509,2026-05-24,PROD0028,6,0.3,18.12,Online,Debit Card,Delivered,South
ORD004802,CUST01748,2026-05-31,PROD0098,1,0.25,22.37,Mobile App,Net Banking,Delivered,West
ORD004803,CUST01605,2025-08-08,PROD0032,3,0.1,2.94,Mobile App,Credit Card,Delivered,West
ORD004804,CUST00428,2026-01-26,PROD0080,5,0.0,24.76,Online,COD,Delivered,South
ORD004805,CUST00880,2026-07-30,PROD0074,5,0.2,5.24,In-Store,UPI,Delivered,East
ORD004806,CUST00616,2026-02-06,PROD0067,6,0.0,,Mobile App,Net Banking,Delivered,West
ORD004807,CUST01318,2025-10-17,PROD0080,4,0.2,24.94,Mobile App,Credit Card,Returned,West
ORD004808,CUST00082,2025-09-23,PROD0078,2,0.05,7.03,Mobile App,Wallet,Delivered,South
ORD004809,CUST00143,2026-02-17,PROD0018,2,0.0,16.7,Online,Credit Card,Cancelled,East
ORD004810,CUST00261,2025-07-24,PROD0087,5,0.0,4.42,In-Store,Net Banking,Delivered,South
ORD004811,CUST01905,2025-08-02,PROD0062,3,0.3,14.51,Online,UPI,Delivered,East
ORD004812,CUST01861,2025-10-28,PROD0002,4,0.2,22.6,Mobile App,Debit Card,Returned,South
ORD004813,CUST00081,2026-02-12,PROD0026,4,0.0,8.0,In-Store,COD,Returned,East
ORD004814,CUST00690,2026-06-16,PROD0062,3,0.0,16.76,Mobile App,Debit Card,Pending,South
ORD004815,CUST00451,2026-05-24,PROD0040,5,0.0,4.7,Online,COD,Delivered,South
ORD004816,CUST01104,2026-05-16,PROD0110,2,0.1,15.62,In-Store,COD,Delivered,East
ORD004817,CUST00777,2025-12-21,PROD0066,5,0.3,8.41,Mobile App,Credit Card,Delivered,North
ORD004818,CUST01484,2026-04-27,PROD0068,2,0.2,5.28,Online,COD,Cancelled,East
ORD004819,CUST01565,2025-09-05,PROD0121,6,0.0,7.83,In-Store,UPI,Delivered,East
ORD004820,CUST01982,2025-07-15,PROD0094,2,0.25,4.47,In-Store,COD,Delivered,South
ORD004821,CUST00512,2026-02-26,PROD0018,4,0.05,22.55,Online,Wallet,Delivered,South
ORD004822,CUST00707,2026-05-19,PROD0068,1,0.0,9.93,Mobile App,COD,Delivered,East
ORD004823,CUST01088,2025-10-23,PROD0067,4,0.3,6.13,Online,Debit Card,Delivered,North
ORD004824,CUST00952,2026-02-10,PROD0122,0,0.1,11.21,Online,Net Banking,Cancelled,North
ORD004825,CUST01994,2026-06-11,PROD0030,6,0.15,8.01,Online,Net Banking,Delivered,East
ORD004826,CUST00801,2025-09-22,PROD0103,4,0.0,18.61,Mobile App,Wallet,Delivered,South
ORD004827,CUST01987,2026-04-02,PROD0096,3,0.0,24.28,In-Store,Net Banking,Delivered,North
ORD004828,CUST00667,2025-09-26,PROD0109,5,0.0,10.95,In-Store,Net Banking,Returned,South
ORD004829,CUST00602,2025-10-21,PROD0080,1,0.0,21.53,Online,UPI,Pending,North
ORD004830,CUST01849,2026-03-25,PROD0027,3,0.0,14.15,Mobile App,Wallet,Delivered,West
ORD004831,CUST01680,2026-03-13,PROD0088,1,0.25,3.93,In-Store,Wallet,Delivered,North
ORD004832,CUST00401,2026-07-14,PROD0007,6,0.15,17.27,In-Store,UPI,Delivered,South
ORD004833,CUST01959,2026-05-03,PROD0047,1,0.0,12.84,In-Store,Wallet,Returned,North
ORD004834,CUST01634,2026-04-10,PROD0093,6,0.0,16.27,Online,Debit Card,Delivered,South
ORD004835,CUST01243,2026-05-17,PROD0036,6,0.1,22.24,Mobile App,COD,Delivered,East
ORD004836,CUST00340,2026-05-27,PROD0025,5,0.0,11.01,Online,Credit Card,Delivered,North
ORD004837,CUST01381,2025-10-10,PROD0048,6,0.0,22.53,In-Store,Debit Card,Returned,North
ORD004838,CUST00103,2025-08-14,PROD0066,1,0.0,18.77,Online,UPI,Delivered,West
ORD004839,CUST01416,2026-01-28,PROD0120,4,0.0,12.22,Mobile App,Net Banking,Delivered,South
ORD004840,CUST00421,2025-10-21,PROD0086,3,0.0,15.08,Mobile App,Credit Card,Delivered,West
ORD004841,CUST01953,2026-03-22,PROD0021,4,0.0,8.14,In-Store,COD,Delivered,West
ORD004842,CUST00522,2025-12-21,PROD0113,1,0.0,24.59,Online,COD,Delivered,East
ORD004843,CUST00773,2025-07-29,PROD0084,1,0.0,16.68,Online,Credit Card,Cancelled,North
ORD004844,CUST01031,2025-07-24,PROD0024,4,0.15,1.1,Online,Credit Card,Delivered,East
ORD004845,CUST00769,2026-07-23,PROD0013,2,0.1,8.17,Mobile App,UPI,Cancelled,East
ORD004846,CUST01370,2025-11-04,PROD0061,1,0.05,15.58,Mobile App,Net Banking,Cancelled,South
ORD004847,CUST00901,2026-05-17,PROD0108,6,0.2,1.41,Online,Net Banking,Delivered,East
ORD004848,CUST00250,2025-10-13,PROD0025,2,0.0,0.6,Mobile App,UPI,Delivered,North
ORD004849,CUST00541,2026-06-13,PROD0072,3,0.15,11.25,Mobile App,Net Banking,Delivered,North
ORD004850,CUST01791,2026-07-20,PROD0072,1,0.0,8.32,Mobile App,Credit Card,Delivered,North
ORD004851,CUST00789,2025-08-23,PROD0016,2,0.0,10.96,Online,Net Banking,Delivered,North
ORD004852,CUST01593,2026-02-03,PROD0117,1,0.0,6.57,In-Store,COD,Delivered,West
ORD004853,CUST01603,2026-06-26,PROD0025,4,0.05,4.12,Online,COD,Cancelled,South
ORD004854,CUST01181,2026-06-22,PROD0004,5,0.15,17.23,Mobile App,UPI,Delivered,West
ORD004855,CUST01179,2025-08-12,PROD0089,1,0.2,12.86,In-Store,UPI,Delivered,South
ORD004856,CUST01094,2026-07-01,PROD0121,4,0.05,5.0,Mobile App,Credit Card,Delivered,West
ORD004857,CUST00516,2025-07-01,PROD0026,2,0.0,7.99,Online,Net Banking,Delivered,South
ORD004858,CUST01865,2025-07-10,PROD0045,5,0.0,14.8,Online,Credit Card,Delivered,South
ORD004859,CUST00422,2026-04-03,PROD0089,1,0.25,1.81,Mobile App,Debit Card,Delivered,West
ORD004860,CUST01802,2025-08-20,PROD0106,2,0.2,3.69,Online,Net Banking,Delivered,North
ORD004861,CUST01105,2026-07-22,PROD0100,4,0.3,1.83,Mobile App,UPI,Delivered,East
ORD004862,CUST01612,2025-07-20,PROD0088,3,0.0,20.31,Mobile App,UPI,Delivered,South
ORD004863,CUST00696,2025-11-19,PROD0088,5,0.2,18.81,Mobile App,Net Banking,Delivered,North
ORD004864,CUST00273,2025-12-16,PROD0122,6,0.0,18.83,Mobile App,Wallet,Delivered,East
ORD004865,CUST01757,2026-01-08,PROD0113,6,0.0,17.91,Online,Wallet,Delivered,South
ORD004866,CUST00886,2026-01-29,PROD0035,5,0.0,16.73,Online,UPI,Returned,South
ORD004867,CUST01426,2026-04-05,PROD0011,1,0.25,11.92,Online,Net Banking,Delivered,East
ORD004868,CUST00221,2026-07-09,PROD0020,1,0.0,16.06,Mobile App,COD,Delivered,West
ORD004869,CUST01574,2025-10-08,PROD0114,4,0.2,0.96,Online,COD,Delivered,East
ORD004870,CUST00747,2026-02-18,PROD0002,5,0.2,15.54,In-Store,Credit Card,Delivered,South
ORD004871,CUST00747,2026-04-29,PROD0043,3,0.15,19.45,Mobile App,Wallet,Delivered,East
ORD004872,CUST01747,2026-02-13,PROD0108,6,0.0,12.51,Online,Credit Card,Returned,West
ORD004873,CUST00517,2025-12-12,PROD0003,3,0.0,8.94,In-Store,Wallet,Delivered,South
ORD004874,CUST01852,2026-03-29,PROD0047,6,0.0,6.94,Mobile App,Wallet,Delivered,East
ORD004875,CUST00514,2026-05-14,PROD0071,2,0.05,16.07,Online,Debit Card,Delivered,North
ORD004876,CUST01926,2025-08-19,PROD0010,1,0.05,17.32,Mobile App,Credit Card,Delivered,South
ORD004877,CUST00392,2026-04-05,PROD0036,6,0.15,21.77,Mobile App,UPI,Pending,West
ORD004878,CUST00447,2026-06-21,PROD0098,2,0.1,8.56,Mobile App,UPI,Delivered,East
ORD004879,CUST01506,2026-04-09,PROD0113,4,0.1,19.24,Online,Net Banking,Delivered,North
ORD004880,CUST01162,2026-04-07,PROD0118,2,0.05,14.03,In-Store,Credit Card,Delivered,South
ORD004881,CUST01533,2025-10-05,PROD0094,3,0.15,22.07,Mobile App,Wallet,Delivered,South
ORD004882,CUST01392,2026-04-10,PROD0067,5,0.05,13.2,In-Store,Debit Card,Delivered,South
ORD004883,CUST01289,2025-12-15,PROD0107,1,0.3,12.94,Mobile App,Net Banking,Delivered,East
ORD004884,CUST00663,2026-04-18,PROD0121,1,0.3,14.45,Mobile App,UPI,Delivered,East
ORD004885,CUST00108,2026-01-27,PROD0005,4,0.0,18.73,In-Store,Debit Card,Delivered,West
ORD004886,CUST01087,2025-07-20,PROD0117,5,0.1,24.12,Mobile App,Credit Card,Pending,North
ORD004887,CUST00440,2026-05-06,PROD0026,3,0.1,1.84,Mobile App,Wallet,Delivered,South
ORD004888,CUST01721,03-19-2026,PROD0002,3,0.0,1.34,Online,COD,Delivered,North
ORD004889,CUST00959,2025-11-16,PROD0003,5,0.25,23.44,In-Store,COD,Delivered,West
ORD004890,CUST00143,2025-10-19,PROD0030,5,0.0,13.25,In-Store,Debit Card,Cancelled,South
ORD004891,CUST00263,2025-12-10,PROD0018,5,0.0,15.37,Online,Credit Card,Delivered,West
ORD004892,CUST00062,2026-05-12,PROD0113,6,0.2,12.06,In-Store,Credit Card,Delivered,East
ORD004893,CUST00518,2025-08-10,PROD0012,5,0.25,2.34,In-Store,Net Banking,Delivered,East
ORD004894,CUST00152,2025-12-27,PROD0081,2,0.3,19.2,Online,UPI,Delivered,East
ORD004895,CUST01838,2025-07-05,PROD0106,3,0.1,18.68,Mobile App,Debit Card,Delivered,North
ORD004896,CUST00832,2026-07-29,PROD0046,6,0.05,7.79,Online,Debit Card,Delivered,North
ORD004897,CUST01719,2026-02-26,PROD0042,2,0.1,7.66,Online,Wallet,Delivered,West
ORD004898,CUST01127,2025-09-06,PROD0108,5,0.0,20.95,Online,Wallet,Delivered,South
ORD004899,CUST01752,2026-03-04,PROD0110,2,0.25,1.81,Mobile App,Debit Card,Delivered,West
ORD004900,CUST00959,2025-10-11,PROD0015,5,0.0,22.03,In-Store,Net Banking,Delivered,South
ORD004901,CUST00315,2025-12-21,PROD0039,4,0.0,6.42,Mobile App,UPI,Delivered,East
ORD004902,CUST01538,2026-02-18,PROD0015,5,0.1,14.82,Mobile App,Debit Card,Returned,East
ORD004903,CUST00124,2026-02-28,PROD0043,4,0.1,23.4,In-Store,Net Banking,Delivered,East
ORD004904,CUST01274,2025-10-21,PROD0011,3,0.25,16.95,Online,Credit Card,Delivered,East
ORD004905,CUST01340,2026-02-08,PROD0122,1,0.05,,Online,Credit Card,Delivered,West
ORD004906,CUST00046,2025-12-25,PROD0083,2,0.1,17.24,In-Store,Debit Card,Delivered,East
ORD004907,CUST00607,2026-02-24,PROD0065,1,0.3,8.6,In-Store,Credit Card,Pending,South
ORD004908,CUST00289,2026-01-23,PROD0093,3,0.3,6.93,Online,Credit Card,Delivered,West
ORD004909,CUST00567,2025-12-13,PROD0085,5,0.2,24.92,In-Store,UPI,Delivered,North
ORD004910,CUST01003,2025-09-03,PROD0056,6,0.0,,Mobile App,UPI,Returned,South
ORD004911,CUST01563,2026-05-19,PROD0055,1,0.25,16.12,Online,Credit Card,Delivered,South
ORD004912,CUST00357,2026-02-20,PROD0073,4,0.1,8.88,In-Store,Net Banking,Delivered,East
ORD004913,CUST00955,2025-09-11,PROD0062,-1,0.15,1.23,In-Store,UPI,Delivered,East
ORD004914,CUST00938,2025-07-17,PROD0025,1,0.3,0.78,In-Store,COD,Delivered,North
ORD004915,CUST00054,2026-06-08,PROD0003,6,0.0,13.85,Online,Net Banking,Delivered,North
ORD004916,CUST00694,2026-06-25,PROD0080,6,0.1,19.05,In-Store,UPI,Returned,East
ORD004917,CUST01005,2025-07-20,PROD0021,5,0.0,13.43,Online,Net Banking,Delivered,East
ORD004918,CUST01201,2025-08-17,PROD0099,1,0.1,21.02,In-Store,Credit Card,Delivered,East
ORD004919,CUST00285,2026-01-31,PROD0022,5,0.3,0.84,Online,UPI,Delivered,South
ORD004920,CUST01032,2025-11-29,PROD0019,5,0.25,9.17,Mobile App,UPI,Delivered,South
ORD004921,CUST01617,2026-03-17,PROD0083,3,0.05,5.93,Mobile App,Net Banking,Delivered,East
ORD004922,CUST00064,2026-02-15,PROD0056,2,0.3,11.18,In-Store,Wallet,Returned,North
ORD004923,CUST00562,2025-10-05,PROD0112,1,0.25,1.81,In-Store,Debit Card,Delivered,West
ORD004924,CUST00253,2026-04-18,PROD0099,1,0.0,23.85,Online,Debit Card,Delivered,West
ORD004925,CUST01995,06-02-2026,PROD0069,2,0.0,5.58,Mobile App,Wallet,Delivered,North
ORD004926,CUST00722,2026-06-13,PROD0018,6,0.0,23.06,Online,COD,Cancelled,North
ORD004927,CUST00791,2025-07-16,PROD0098,5,0.0,10.65,Mobile App,Wallet,Delivered,West
ORD004928,CUST00805,2026-06-17,PROD0025,3,0.0,24.64,Mobile App,Wallet,Delivered,South
ORD004929,CUST01789,2026-01-23,PROD0110,2,0.3,13.85,Mobile App,COD,Delivered,South
ORD004930,CUST00458,2026-03-21,PROD0051,1,0.1,23.27,Mobile App,Credit Card,Delivered,East
ORD004931,CUST01809,2025-10-04,PROD0012,5,0.3,0.13,Mobile App,Credit Card,Delivered,North
ORD004932,CUST01307,2026-02-28,PROD0026,3,0.25,18.71,In-Store,Credit Card,Returned,East
ORD004933,CUST01584,2025-08-26,PROD0021,2,0.05,22.58,Mobile App,COD,Delivered,North
ORD004934,CUST00500,2025-08-05,PROD0122,5,0.25,3.49,Mobile App,Net Banking,Delivered,North
ORD004935,CUST01192,2026-06-09,PROD0003,6,0.2,2.4,Online,COD,Delivered,West
ORD004936,CUST00454,2025-08-08,PROD0010,5,0.0,10.61,Mobile App,Credit Card,Delivered,North
ORD004937,CUST01544,2026-04-04,PROD0034,3,0.15,23.34,In-Store,Net Banking,Delivered,North
ORD004938,CUST01672,2025-10-21,PROD0035,1,0.25,13.56,In-Store,UPI,Delivered,North
ORD004939,CUST00481,2026-07-30,PROD0114,2,0.3,13.19,In-Store,Debit Card,Delivered,South
ORD004940,CUST00947,2025-07-13,PROD0022,4,0.0,3.53,In-Store,COD,Cancelled,South
ORD004941,CUST00355,2025-09-01,PROD0122,6,0.3,0.02,Mobile App,Wallet,Delivered,West
ORD004942,CUST00541,2025-09-11,PROD0121,5,0.2,20.25,Mobile App,Net Banking,Delivered,South
ORD004943,CUST01945,2025-09-07,PROD0111,6,0.0,2.19,Online,UPI,Delivered,South
ORD004944,CUST00515,2026-01-26,PROD0015,3,0.3,15.85,Online,UPI,Pending,East
ORD004945,CUST00462,2026-06-01,PROD0082,5,0.0,22.87,In-Store,COD,Cancelled,South
ORD004946,CUST01101,2026-04-09,PROD0004,4,0.2,5.22,In-Store,Debit Card,Delivered,West
ORD004947,CUST00721,0000-00-00,PROD0042,1,0.0,16.63,Online,Debit Card,Delivered,West
ORD004948,CUST01618,2025-09-07,PROD0020,1,0.2,1.97,Online,Debit Card,Delivered,West
ORD004949,CUST00715,2026-01-19,PROD0067,4,0.2,15.09,Online,Wallet,Delivered,South
ORD004950,CUST00779,2026-07-28,PROD0096,3,0.25,4.1,Online,Debit Card,Delivered,West
ORD004951,CUST01976,2026-01-25,PROD0001,4,0.2,18.4,In-Store,UPI,Pending,West
ORD004952,CUST01269,2026-03-12,PROD0045,4,0.1,7.53,Online,COD,Cancelled,South
ORD004953,CUST01353,2025-12-26,PROD0048,6,0.0,11.58,In-Store,UPI,Pending,South
ORD004954,CUST00830,2026-05-12,PROD0019,4,0.0,14.99,In-Store,Wallet,Delivered,East
ORD004955,CUST01195,2026-02-07,PROD0044,5,0.05,4.28,Mobile App,Credit Card,Delivered,West
ORD004956,CUST01385,2026-04-13,PROD0112,6,0.2,18.54,Online,UPI,Returned,South
ORD004957,CUST01734,2025-12-10,PROD0041,1,0.25,7.57,Online,UPI,Cancelled,South
ORD004958,CUST01944,2025-07-09,PROD0063,1,0.0,16.56,Online,COD,Delivered,South
ORD004959,CUST00237,2026-06-12,PROD0043,6,0.25,3.96,In-Store,Net Banking,Delivered,West
ORD004960,CUST00128,2026-07-29,PROD0046,-3,0.0,17.2,Online,Credit Card,Delivered,North
ORD004961,CUST01437,2026-06-07,PROD0101,4,0.25,3.2,Online,Net Banking,Delivered,West
ORD004962,CUST00252,2025-11-26,PROD0006,2,0.25,10.63,In-Store,Wallet,Cancelled,West
ORD004963,CUST00391,0000-00-00,PROD0083,2,0.25,6.18,In-Store,Debit Card,Delivered,West
ORD004964,CUST00757,2025-11-13,PROD0062,3,0.25,18.71,Mobile App,Net Banking,Delivered,South
ORD004965,CUST01848,2026-02-20,PROD0047,1,0.05,6.55,Online,Debit Card,Delivered,West
ORD004966,CUST00973,2025-12-31,PROD0046,6,0.0,,Mobile App,Net Banking,Delivered,North
ORD004967,CUST00393,2025-09-06,PROD0036,5,0.3,22.3,Online,Credit Card,Delivered,West
ORD004968,CUST00398,2025-08-07,PROD0044,1,0.0,4.91,Mobile App,Wallet,Delivered,West
ORD004969,CUST00836,0000-00-00,PROD0025,6,0.0,15.35,Mobile App,Wallet,Cancelled,North
ORD004970,CUST01659,2026-05-04,PROD0077,2,0.1,2.19,In-Store,UPI,Delivered,West
ORD004971,CUST01358,0000-00-00,PROD0094,3,0.0,9.79,Online,Net Banking,Delivered,East
ORD004972,CUST01242,2026-03-04,PROD0030,5,0.15,17.83,Online,UPI,Delivered,East
ORD004973,CUST00204,2025-08-27,PROD0070,1,0.3,16.49,Mobile App,Net Banking,Returned,West
ORD004974,CUST01480,2026-03-23,PROD0110,5,0.2,15.62,Mobile App,COD,Returned,West
ORD004975,CUST01067,2026-06-25,PROD0104,6,0.15,7.06,Online,Wallet,Pending,East
ORD004976,CUST00243,2026-07-14,PROD0120,6,0.2,9.45,In-Store,Debit Card,Pending,East
ORD004977,CUST00106,2026-03-27,PROD0043,4,0.3,,Online,Wallet,Delivered,East
ORD004978,CUST00322,2025-09-10,PROD0019,4,0.0,17.98,Online,UPI,Delivered,East
ORD004979,CUST01425,2026-04-23,PROD0069,3,0.3,12.6,Online,UPI,Delivered,South
ORD004980,CUST00812,2026-07-07,PROD0106,2,0.3,17.72,Online,COD,Delivered,West
ORD004981,CUST00966,2025-07-19,PROD0094,3,0.0,6.22,Mobile App,Net Banking,Delivered,West
ORD004982,CUST00668,2025-08-20,PROD0117,6,0.0,8.11,In-Store,Wallet,Delivered,West
ORD004983,CUST00398,2026-05-28,PROD0056,2,0.05,8.36,In-Store,Wallet,Returned,West
ORD004984,CUST01153,2026-06-22,PROD0094,3,0.0,0.64,In-Store,Debit Card,Delivered,North
ORD004985,CUST00233,2026-07-30,PROD0051,6,0.25,8.53,Online,Credit Card,Delivered,North
ORD004986,CUST00497,2026-05-13,PROD0029,2,0.0,20.08,In-Store,Credit Card,Delivered,East
ORD004987,CUST00286,2026-04-02,PROD0050,3,0.0,22.43,In-Store,Debit Card,Delivered,West
ORD004988,CUST01356,2026-01-09,PROD0050,5,0.25,12.96,In-Store,Debit Card,Delivered,North
ORD004989,CUST01588,2025-09-28,PROD0106,0,0.25,11.39,Mobile App,Wallet,Returned,North
ORD004990,CUST01371,2026-05-16,PROD0032,6,0.1,0.77,Mobile App,Debit Card,Delivered,South
ORD004991,CUST00704,2025-10-28,PROD0081,2,0.3,21.98,In-Store,Wallet,Delivered,West
ORD004992,CUST01583,2025-12-27,PROD0068,6,0.15,0.33,Mobile App,UPI,Delivered,West
ORD004993,CUST00273,2025-09-16,PROD0111,4,0.0,23.62,Mobile App,Debit Card,Delivered,North
ORD004994,CUST00640,04-23-2026,PROD0038,2,0.1,12.23,Online,Net Banking,Delivered,North
ORD004995,CUST01719,2025-12-16,PROD0120,2,0.15,8.55,Online,Wallet,Delivered,West
ORD004996,CUST00145,2026-01-01,PROD0065,5,0.0,23.11,In-Store,Wallet,Cancelled,South
ORD004997,CUST01745,2026-05-22,PROD0087,3,0.0,0.61,Online,Credit Card,Delivered,North
ORD004998,CUST00782,2026-05-31,PROD0081,2,0.3,14.54,Online,COD,Delivered,North
ORD004999,CUST00846,2025-09-13,PROD0063,4,0.25,13.72,Online,Debit Card,Delivered,North
ORD005000,CUST01795,2026-02-08,PROD0044,6,0.0,5.48,Mobile App,Debit Card,Delivered,West
ORD005001,CUST01493,2026-04-08,PROD0039,4,0.25,10.72,Mobile App,Debit Card,Delivered,North
ORD005002,CUST01887,2026-07-08,PROD0118,5,0.05,16.31,Mobile App,Net Banking,Delivered,South
ORD005003,CUST00618,2026-07-04,PROD0018,5,0.05,18.18,Mobile App,Wallet,Returned,East
ORD005004,CUST01663,2026-01-27,PROD0106,1,0.05,0.02,Online,COD,Delivered,West
ORD005005,CUST00767,2025-12-28,PROD0032,5,0.3,23.42,Mobile App,Credit Card,Cancelled,West
ORD005006,CUST01909,08-30-2025,PROD0003,1,0.2,4.11,Mobile App,UPI,Delivered,North
ORD005007,CUST01647,2025-08-19,PROD0102,6,0.0,5.84,Mobile App,Wallet,Delivered,West
ORD005008,CUST00719,2025-11-16,PROD0103,2,0.2,6.59,Online,Credit Card,Delivered,South
ORD005009,CUST01019,2026-07-26,PROD0094,3,0.0,0.95,Online,Debit Card,Delivered,East
ORD005010,CUST01108,2025-10-03,PROD0076,4,0.0,3.08,Online,Net Banking,Cancelled,East
ORD005011,CUST00184,2026-05-11,PROD0074,4,0.2,24.66,Mobile App,UPI,Delivered,East
ORD005012,CUST00418,2026-01-10,PROD0024,6,0.2,,Mobile App,Net Banking,Delivered,East
ORD005013,CUST01789,2026-06-09,PROD0117,5,0.1,2.88,In-Store,Debit Card,Delivered,South
ORD005014,CUST01029,2026-06-20,PROD0002,2,0.0,2.67,Mobile App,Wallet,Delivered,South
ORD005015,CUST00312,2025-08-19,PROD0045,6,0.0,17.99,Online,Credit Card,Delivered,South
ORD005016,CUST00849,2026-04-21,PROD0074,5,0.1,21.36,Mobile App,Net Banking,Delivered,West
ORD005017,CUST00001,2026-04-05,PROD0076,3,0.2,6.42,Mobile App,COD,Returned,East
ORD005018,CUST01333,2026-05-29,PROD0020,4,0.0,0.52,Online,COD,Returned,North
ORD005019,CUST00976,2026-02-08,PROD0035,4,0.2,5.58,Online,Debit Card,Returned,South
ORD005020,CUST00187,2026-03-29,PROD0059,3,0.1,1.41,Mobile App,Wallet,Delivered,East
ORD005021,CUST01394,2025-12-02,PROD0106,3,0.25,2.58,Online,COD,Delivered,East
ORD005022,CUST00395,2026-05-12,PROD0050,6,0.0,10.79,Online,UPI,Delivered,North
ORD005023,CUST01697,2026-06-17,PROD0030,5,0.05,5.75,Online,Credit Card,Cancelled,North
ORD005024,CUST00213,2026-06-24,PROD0118,4,0.1,12.9,In-Store,COD,Cancelled,North
ORD005025,CUST01050,2025-07-30,PROD0088,2,0.25,6.34,In-Store,Credit Card,Delivered,East
ORD005026,CUST01799,2026-07-16,PROD0007,1,0.2,23.51,In-Store,Net Banking,Delivered,East
ORD005027,CUST00988,2025-11-28,PROD0101,6,0.3,22.65,Online,Net Banking,Delivered,South
ORD005028,CUST00886,2026-04-01,PROD0104,1,0.2,14.17,In-Store,Net Banking,Delivered,East
ORD005029,CUST01432,2026-03-26,PROD0071,2,0.15,8.86,In-Store,Net Banking,Delivered,South
ORD005030,CUST00752,2025-10-14,PROD0101,3,0.05,9.53,Mobile App,Debit Card,Delivered,South
ORD005031,CUST00785,2026-04-07,PROD0096,5,0.2,10.3,In-Store,UPI,Delivered,South
ORD005032,CUST00066,2026-07-20,PROD0061,2,0.25,18.19,Online,UPI,Delivered,West
ORD005033,CUST00857,2025-12-30,PROD0025,1,0.15,11.29,In-Store,COD,Delivered,South
ORD005034,CUST00584,2025-08-23,PROD0106,4,0.2,21.42,Mobile App,Net Banking,Delivered,East
ORD005035,CUST00661,2026-02-24,PROD0086,2,0.0,23.6,In-Store,COD,Delivered,West
ORD005036,CUST01470,2025-12-08,PROD0029,5,0.05,8.4,In-Store,Debit Card,Delivered,West
ORD005037,CUST01953,2025-07-16,PROD0088,3,0.25,14.02,Mobile App,Net Banking,Delivered,West
ORD005038,CUST00746,2026-03-11,PROD0090,1,0.1,2.38,Mobile App,COD,Delivered,North
ORD005039,CUST01041,2026-05-11,PROD0037,4,0.1,5.01,Online,Debit Card,Returned,East
ORD005040,CUST00453,2025-07-15,PROD0108,2,0.0,10.34,Online,Debit Card,Pending,West
ORD005041,CUST00932,2026-04-27,PROD0024,2,0.0,5.16,Online,Net Banking,Delivered,East
ORD005042,CUST00960,2026-06-13,PROD0104,6,0.2,21.91,In-Store,Net Banking,Delivered,East
ORD005043,CUST00023,2025-12-24,PROD0046,2,0.0,3.96,In-Store,UPI,Cancelled,North
ORD005044,CUST01971,2025-07-29,PROD0031,4,0.3,11.39,Mobile App,Credit Card,Delivered,West
ORD005045,CUST00801,2026-05-31,PROD0110,3,0.05,15.14,In-Store,Credit Card,Delivered,West
ORD005046,CUST01353,2026-01-25,PROD0021,5,0.25,17.3,Mobile App,Net Banking,Delivered,West
ORD005047,CUST00354,2025-11-03,PROD0048,6,0.3,9.58,In-Store,Credit Card,Delivered,East
ORD005048,CUST01826,2026-04-02,PROD0114,5,0.0,21.73,In-Store,Net Banking,Delivered,North
ORD005049,CUST00232,2025-11-20,PROD0097,5,0.25,14.21,In-Store,COD,Delivered,South
ORD005050,CUST01116,2026-06-13,PROD0088,5,0.1,10.99,Mobile App,COD,Delivered,South
ORD005051,CUST00118,2026-02-22,PROD0093,1,0.2,1.68,In-Store,Net Banking,Delivered,East
ORD005052,CUST01297,2025-10-18,PROD0034,3,0.15,11.62,Mobile App,Net Banking,Returned,West
ORD005053,CUST01302,2025-12-21,PROD0038,3,0.05,20.52,In-Store,COD,Cancelled,South
ORD005054,CUST01952,2025-09-12,PROD0005,5,0.25,15.36,Mobile App,Debit Card,Delivered,North
ORD005055,CUST01307,2026-04-16,PROD0081,2,0.25,20.8,Mobile App,Debit Card,Delivered,West
ORD005056,CUST01191,2026-04-04,PROD0005,5,0.1,12.35,Mobile App,Net Banking,Delivered,North
ORD005057,CUST01491,2025-10-16,PROD0013,2,0.0,2.96,Mobile App,COD,Cancelled,West
ORD005058,CUST00511,2026-06-30,PROD0114,3,0.3,0.34,Online,UPI,Delivered,South
ORD005059,CUST00019,2026-03-23,PROD0052,2,0.0,7.58,Mobile App,Wallet,Delivered,West
ORD005060,CUST01186,2026-03-13,PROD0101,2,0.1,17.45,Mobile App,UPI,Returned,West
ORD005061,CUST00110,2026-02-10,PROD0093,2,0.3,19.76,Mobile App,UPI,Returned,South
ORD005062,CUST00706,2026-01-15,PROD0105,2,0.0,7.39,In-Store,COD,Delivered,North
ORD005063,CUST01338,2025-11-09,PROD0082,1,0.0,12.39,In-Store,Wallet,Delivered,North
ORD005064,CUST01963,2026-06-05,PROD0020,6,0.1,10.53,Mobile App,COD,Returned,East
ORD005065,CUST00363,2026-06-13,PROD0001,5,0.3,10.26,Online,Wallet,Delivered,East
ORD005066,CUST01918,2026-05-20,PROD0053,2,0.3,,Online,Debit Card,Delivered,South
ORD005067,CUST00665,2025-08-01,PROD0094,5,0.1,3.41,Mobile App,Net Banking,Delivered,South
ORD005068,CUST00989,2025-07-07,PROD0113,5,0.15,4.92,Online,Net Banking,Delivered,West
ORD005069,CUST01399,2026-06-23,PROD0033,3,0.2,1.38,In-Store,UPI,Delivered,East
ORD005070,CUST00658,2025-10-24,PROD0034,4,0.3,4.95,Mobile App,Credit Card,Cancelled,East
ORD005071,CUST01160,2026-06-16,PROD0056,4,0.0,0.23,Online,Debit Card,Delivered,South
ORD005072,CUST00617,2026-07-05,PROD0035,6,0.25,15.68,In-Store,Credit Card,Delivered,South
ORD005073,CUST01375,2025-09-10,PROD0081,2,0.25,7.91,Mobile App,Wallet,Delivered,East
ORD005074,CUST01463,05-19-2026,PROD0039,1,0.3,24.33,In-Store,Wallet,Returned,West
ORD005075,CUST00049,2026-01-14,PROD0057,6,0.15,4.84,Online,Debit Card,Delivered,North
ORD005076,CUST01800,2026-04-08,PROD0004,6,0.15,8.65,Mobile App,UPI,Delivered,South
ORD005077,CUST01306,2026-06-17,PROD0101,4,0.0,8.95,Mobile App,Net Banking,Cancelled,East
ORD005078,CUST00650,2026-05-20,PROD0083,4,0.1,0.21,Mobile App,Debit Card,Delivered,West
ORD005079,CUST01417,2026-07-17,PROD0100,1,0.15,20.98,Mobile App,COD,Delivered,South
ORD005080,CUST00910,2025-09-21,PROD0106,4,0.2,0.8,In-Store,Net Banking,Delivered,South
ORD005081,CUST01951,2025-07-06,PROD0035,1,0.2,23.5,Online,COD,Returned,South
ORD005082,CUST00649,2025-10-17,PROD0044,5,0.0,22.3,Mobile App,Wallet,Delivered,West
ORD005083,CUST01485,2025-09-22,PROD0065,5,0.3,13.39,In-Store,Wallet,Delivered,East
ORD005084,CUST01667,2026-02-23,PROD0098,6,0.0,13.59,In-Store,Credit Card,Cancelled,East
ORD005085,CUST01521,2026-01-25,PROD0053,4,0.25,16.34,In-Store,Credit Card,Delivered,East
ORD005086,CUST01354,2026-02-01,PROD0117,6,0.0,9.68,Online,COD,Returned,South
ORD005087,CUST01046,2025-09-14,PROD0001,6,0.25,16.18,Online,Debit Card,Delivered,West
ORD005088,CUST00501,2025-09-16,PROD0069,1,0.2,1.12,Mobile App,COD,Delivered,East
ORD005089,CUST00052,2025-08-04,PROD0032,3,0.2,1.35,Mobile App,Wallet,Returned,West
ORD005090,CUST00486,2025-12-02,PROD0079,5,0.05,11.43,In-Store,Wallet,Delivered,North
ORD005091,CUST00770,2025-12-23,PROD0098,1,0.05,13.74,Online,Credit Card,Delivered,West
ORD005092,CUST01058,2025-08-27,PROD0072,1,0.3,22.2,Mobile App,Debit Card,Returned,North
ORD005093,CUST00485,2025-11-01,PROD0049,2,0.3,2.62,Online,UPI,Returned,West
ORD005094,CUST01887,2025-11-15,PROD0093,4,0.2,20.57,Online,Net Banking,Cancelled,North
ORD005095,CUST00562,2026-04-01,PROD0091,2,0.3,5.25,Mobile App,Debit Card,Delivered,East
ORD005096,CUST01811,2026-04-30,PROD0103,4,0.0,9.85,Online,Credit Card,Pending,South
ORD005097,CUST01262,2025-11-08,PROD0081,4,0.15,7.92,In-Store,Debit Card,Delivered,North
ORD005098,CUST01132,2026-06-18,PROD0059,2,0.25,10.0,Online,COD,Delivered,North
ORD005099,CUST00671,2026-02-25,PROD0021,6,0.2,3.76,In-Store,Debit Card,Delivered,North
ORD005100,CUST00704,2026-02-05,PROD0039,3,0.3,12.59,Online,Wallet,Delivered,West
ORD005101,CUST01622,2025-09-07,PROD0080,6,0.15,20.04,Mobile App,Net Banking,Delivered,South
ORD005102,CUST01837,2026-06-04,PROD0079,3,0.3,11.04,Online,Debit Card,Pending,South
ORD005103,CUST01990,2026-01-04,PROD0086,6,0.2,12.27,In-Store,Credit Card,Delivered,North
ORD005104,CUST01928,2025-08-31,PROD0052,1,0.15,21.22,In-Store,Credit Card,Delivered,North
ORD005105,CUST01380,2025-10-30,PROD0088,3,0.3,17.65,Mobile App,Credit Card,Delivered,North
ORD005106,CUST01633,2025-12-30,PROD0024,6,0.25,12.26,Mobile App,Credit Card,Delivered,West
ORD005107,CUST01879,2025-07-10,PROD0004,3,0.05,6.44,Mobile App,COD,Pending,South
ORD005108,CUST01392,2026-03-10,PROD0080,2,0.0,,Mobile App,COD,Delivered,West
ORD005109,CUST00014,2025-09-25,PROD0089,1,0.2,14.43,Mobile App,Net Banking,Returned,West
ORD005110,CUST00378,2025-12-17,PROD0014,5,0.1,5.53,In-Store,Debit Card,Delivered,North
ORD005111,CUST00121,2025-07-11,PROD0116,3,0.0,6.73,Online,Credit Card,Delivered,East
ORD005112,CUST00924,2025-12-15,PROD0121,3,0.0,20.08,Mobile App,Net Banking,Delivered,North
ORD005113,CUST00269,2026-05-31,PROD0046,2,0.1,1.1,In-Store,Wallet,Delivered,South
ORD005114,CUST01604,2026-05-27,PROD0011,5,0.05,24.8,Online,Wallet,Delivered,North
ORD005115,CUST00034,2025-09-11,PROD0028,6,0.05,3.26,In-Store,Wallet,Delivered,South
ORD005116,CUST01684,2025-09-10,PROD0084,4,0.0,19.9,Mobile App,Wallet,Delivered,East
ORD005117,CUST01477,2025-11-30,PROD0066,6,0.0,9.87,Online,Credit Card,Cancelled,West
ORD005118,CUST01690,2026-05-24,PROD0049,1,0.3,12.31,In-Store,Net Banking,Delivered,South
ORD005119,CUST01590,2025-10-10,PROD0059,6,0.05,22.02,Mobile App,UPI,Delivered,North
ORD005120,CUST01519,2025-08-05,PROD0052,5,0.0,10.32,Online,Debit Card,Delivered,West
ORD005121,CUST00499,2026-06-27,PROD0093,1,0.15,13.44,In-Store,Credit Card,Returned,North
ORD005122,CUST01840,2026-01-19,PROD0108,6,0.25,1.23,In-Store,UPI,Delivered,West
ORD005123,CUST01729,2026-05-17,PROD0031,4,0.0,0.06,Online,Debit Card,Delivered,South
ORD005124,CUST00263,2026-02-07,PROD0052,1,0.05,6.12,Mobile App,Net Banking,Delivered,West
ORD005125,CUST01526,2025-09-08,PROD0002,4,0.0,17.01,Online,Net Banking,Delivered,East
ORD005126,CUST01738,2025-08-11,PROD0090,0,0.05,3.03,In-Store,Credit Card,Delivered,West
ORD005127,CUST00563,2025-12-28,PROD0115,5,0.15,2.84,Mobile App,UPI,Delivered,North
ORD005128,CUST01829,2026-07-24,PROD0076,1,0.0,10.27,Online,Net Banking,Delivered,South
ORD005129,CUST00192,2026-07-04,PROD0099,2,0.05,16.2,Online,Debit Card,Delivered,North
ORD005130,CUST00389,2026-05-28,PROD0004,6,0.15,17.8,Online,Net Banking,Delivered,North
ORD005131,CUST00049,2026-04-24,PROD0099,5,0.0,,In-Store,UPI,Delivered,North
ORD005132,CUST00886,2026-06-21,PROD0001,3,0.05,1.99,In-Store,Wallet,Delivered,North
ORD005133,CUST00503,2025-11-14,PROD0001,4,0.05,23.51,In-Store,Debit Card,Pending,West
ORD005134,CUST01965,2025-09-06,PROD0063,4,0.0,6.52,In-Store,Debit Card,Returned,South
ORD005135,CUST00995,2025-12-14,PROD0099,6,0.25,21.33,In-Store,Net Banking,Delivered,South
ORD005136,CUST00743,2026-04-23,PROD0100,2,0.05,21.59,In-Store,Net Banking,Pending,North
ORD005137,CUST01149,2025-12-06,PROD0061,3,0.05,19.31,Mobile App,Net Banking,Delivered,East
ORD005138,CUST01900,2025-11-01,PROD0076,2,0.25,4.22,In-Store,Debit Card,Delivered,East
ORD005139,CUST01379,2025-07-07,PROD0029,6,0.3,20.55,Mobile App,Credit Card,Delivered,East
ORD005140,CUST00828,2025-09-15,PROD0035,1,0.1,19.23,Mobile App,Wallet,Delivered,North
ORD005141,CUST00386,2026-01-05,PROD0112,4,0.25,14.92,Online,Credit Card,Delivered,North
ORD005142,CUST01128,2025-10-31,PROD0071,6,0.3,8.43,Mobile App,UPI,Delivered,South
ORD005143,CUST00142,2026-06-07,PROD0053,5,0.0,6.56,Mobile App,Net Banking,Delivered,West
ORD005144,CUST01989,2026-04-09,PROD0050,3,0.05,3.05,Online,Debit Card,Delivered,East
ORD005145,CUST01363,2026-02-07,PROD0063,4,0.2,12.74,Mobile App,COD,Delivered,South
ORD005146,CUST01948,2025-12-21,PROD0089,1,0.0,14.63,Mobile App,UPI,Delivered,South
ORD005147,CUST01884,2026-02-25,PROD0036,3,0.1,8.98,In-Store,Credit Card,Delivered,East
ORD005148,CUST01021,2025-10-24,PROD0094,4,0.1,11.88,Mobile App,Credit Card,Delivered,West
ORD005149,CUST00315,12-05-2025,PROD0082,6,0.0,9.09,Mobile App,COD,Returned,North
ORD005150,CUST01931,2025-07-12,PROD0038,4,0.0,,Mobile App,Credit Card,Returned,South
ORD005151,CUST01273,2025-10-08,PROD0104,3,0.3,22.53,Mobile App,Net Banking,Returned,North
ORD005152,CUST01238,2026-04-04,PROD0040,1,0.1,4.1,In-Store,Wallet,Returned,East
ORD005153,CUST01226,2025-11-12,PROD0053,1,0.0,9.54,Online,COD,Delivered,North
ORD005154,CUST00325,2025-11-05,PROD0095,2,0.0,3.52,Mobile App,UPI,Cancelled,North
ORD005155,CUST01829,2026-04-12,PROD0085,4,0.0,15.62,Mobile App,COD,Delivered,West
ORD005156,CUST01140,2026-07-04,PROD0051,6,0.1,18.22,Online,COD,Delivered,East
ORD005157,CUST01271,2025-12-19,PROD0116,4,0.0,23.3,In-Store,Wallet,Delivered,North
ORD005158,CUST01290,2026-03-29,PROD0069,1,0.05,6.97,In-Store,UPI,Pending,South
ORD005159,CUST01530,2026-06-28,PROD0067,4,0.0,23.76,Online,Debit Card,Delivered,East
ORD005160,CUST00803,2026-06-02,PROD0018,2,0.0,1.58,Online,Wallet,Pending,South
ORD005161,CUST01203,2026-06-10,PROD0114,6,0.1,15.08,In-Store,Wallet,Delivered,South
ORD005162,CUST01229,2026-07-15,PROD0118,1,0.0,1.43,Mobile App,Credit Card,Delivered,South
ORD005163,CUST00168,2026-06-12,PROD0104,3,0.0,22.34,In-Store,Net Banking,Delivered,East
ORD005164,CUST00447,2025-12-23,PROD0070,6,0.1,13.25,Online,UPI,Delivered,West
ORD005165,CUST00123,2026-06-10,PROD0025,5,0.0,16.73,In-Store,Wallet,Delivered,East
ORD005166,CUST01113,2026-04-30,PROD0025,5,0.0,20.79,In-Store,Net Banking,Delivered,South
ORD005167,CUST00988,2025-12-28,PROD0083,2,0.2,,Mobile App,Wallet,Delivered,West
ORD005168,CUST01713,2026-01-19,PROD0083,2,0.0,0.96,Online,Debit Card,Cancelled,South
ORD005169,CUST00937,2025-12-07,PROD0076,2,0.25,21.97,Mobile App,Debit Card,Delivered,North
ORD005170,CUST01761,2026-06-11,PROD0080,1,0.0,7.87,In-Store,Credit Card,Delivered,North
ORD005171,CUST01102,2025-09-20,PROD0037,1,0.0,3.22,Online,Debit Card,Delivered,North
ORD005172,CUST00240,2026-05-26,PROD0012,3,0.0,11.71,Mobile App,Net Banking,Cancelled,North
ORD005173,CUST01991,2026-02-27,PROD0052,4,0.15,14.96,Mobile App,Credit Card,Delivered,South
ORD005174,CUST00693,2026-02-02,PROD0083,4,0.2,0.77,Online,UPI,Delivered,West
ORD005175,CUST00467,2026-04-21,PROD0050,6,0.0,6.87,Mobile App,Wallet,Delivered,East
ORD005176,CUST01973,2026-05-06,PROD0061,6,0.3,0.82,Online,Credit Card,Cancelled,South
ORD005177,CUST00477,2026-06-28,PROD0032,3,0.05,10.51,Online,Credit Card,Delivered,West
ORD005178,CUST01810,2026-07-17,PROD0113,6,0.15,22.38,Mobile App,Debit Card,Returned,North
ORD005179,CUST00082,2025-11-20,PROD0094,4,0.0,,Online,Debit Card,Cancelled,North
ORD005180,CUST00948,2026-01-24,PROD0052,5,0.0,15.93,In-Store,Credit Card,Cancelled,East
ORD005181,CUST00656,2025-11-22,PROD0062,5,0.0,4.04,In-Store,COD,Cancelled,North
ORD005182,CUST00090,2025-11-26,PROD0045,4,0.0,22.65,In-Store,Debit Card,Delivered,South
ORD005183,CUST01354,2025-12-25,PROD0044,3,0.3,12.91,Online,COD,Delivered,East
ORD005184,CUST01718,2025-11-26,PROD0017,2,0.3,3.84,In-Store,Net Banking,Delivered,South
ORD005185,CUST01097,2026-06-04,PROD0099,2,0.25,23.04,Online,COD,Delivered,West
ORD005186,CUST00428,2026-03-03,PROD0069,5,0.1,18.94,Mobile App,Credit Card,Returned,North
ORD005187,CUST01602,2026-01-20,PROD0052,1,0.15,,Online,UPI,Delivered,East
ORD005188,CUST00986,2026-03-21,PROD0121,4,0.2,17.73,Online,Debit Card,Delivered,North
ORD005189,CUST01235,2025-07-30,PROD0093,1,0.0,5.01,Mobile App,Net Banking,Delivered,West
ORD005190,CUST00573,2026-04-11,PROD0060,1,0.3,5.28,Mobile App,Debit Card,Delivered,South
ORD005191,CUST00864,2026-06-09,PROD0082,3,0.0,17.21,Online,Credit Card,Delivered,North
ORD005192,CUST00430,2025-10-22,PROD0071,5,0.0,5.49,Mobile App,Wallet,Delivered,South
ORD005193,CUST00953,2026-01-08,PROD0089,3,0.25,10.97,Online,UPI,Delivered,East
ORD005194,CUST00095,2025-07-15,PROD0053,5,0.3,19.55,Mobile App,COD,Delivered,West
ORD005195,CUST01601,2026-03-12,PROD0065,6,0.25,19.6,In-Store,Credit Card,Delivered,North
ORD005196,CUST01877,2026-03-20,PROD0006,5,0.25,11.33,In-Store,Wallet,Delivered,South
ORD005197,CUST00636,2026-05-13,PROD0065,5,0.2,19.8,Mobile App,Debit Card,Delivered,North
ORD005198,CUST00017,2026-02-06,PROD0001,5,0.25,20.97,Online,Net Banking,Delivered,East
ORD005199,CUST00725,2026-05-28,PROD0109,2,0.3,,Online,Credit Card,Delivered,North
ORD005200,CUST00620,2025-07-06,PROD0089,6,0.15,5.71,Mobile App,UPI,Delivered,East
ORD005201,CUST00905,2025-10-03,PROD0122,4,0.0,6.85,Mobile App,UPI,Delivered,West
ORD005202,CUST00736,0000-00-00,PROD0062,5,0.05,7.87,Mobile App,Net Banking,Delivered,North
ORD005203,CUST00750,2026-06-24,PROD0020,3,0.05,2.92,In-Store,Wallet,Delivered,South
ORD005204,CUST01911,2026-07-23,PROD0075,1,0.0,6.83,Online,UPI,Delivered,North
ORD005205,CUST01148,2025-08-05,PROD0074,2,0.15,5.24,Mobile App,Credit Card,Delivered,East
ORD005206,CUST00742,2025-10-29,PROD0064,3,0.1,11.38,Mobile App,UPI,Cancelled,East
ORD005207,CUST00320,2026-05-29,PROD0072,5,0.0,22.71,In-Store,Net Banking,Delivered,South
ORD005208,CUST00892,2026-07-13,PROD0020,6,0.0,2.61,Mobile App,COD,Delivered,East
ORD005209,CUST01222,2025-09-08,PROD0005,1,0.25,18.01,Online,Debit Card,Delivered,East
ORD005210,CUST01044,0000-00-00,PROD0019,3,0.0,17.18,Online,UPI,Delivered,North
ORD005211,CUST01803,2025-10-02,PROD0118,5,0.3,2.39,In-Store,COD,Delivered,South
ORD005212,CUST00736,2026-05-07,PROD0046,2,0.2,,Online,Debit Card,Pending,West
ORD005213,CUST01386,2025-09-19,PROD0098,3,0.0,14.21,Online,UPI,Delivered,East
ORD005214,CUST00332,2026-05-01,PROD0122,4,0.0,9.09,Online,COD,Delivered,West
ORD005215,CUST00417,2026-06-25,PROD0061,5,0.3,18.91,Online,COD,Delivered,North
ORD005216,CUST00959,2025-08-19,PROD0037,6,0.25,6.43,Mobile App,Net Banking,Cancelled,North
ORD005217,CUST00035,2025-09-01,PROD0046,3,0.3,17.34,Online,Net Banking,Delivered,East
ORD005218,CUST00659,2025-11-26,PROD0119,1,0.0,0.99,Mobile App,COD,Delivered,East
ORD005219,CUST01772,2026-02-23,PROD0104,1,0.0,20.99,Online,Debit Card,Delivered,South
ORD005220,CUST00412,2026-05-19,PROD0088,1,0.15,11.2,Mobile App,UPI,Delivered,North
ORD005221,CUST01680,2025-08-19,PROD0091,6,0.15,15.92,In-Store,Credit Card,Delivered,South
ORD005222,CUST00655,2025-10-10,PROD0010,5,0.15,5.53,Online,Debit Card,Delivered,North
ORD005223,CUST01569,2026-07-11,PROD0086,3,0.0,16.93,Online,Debit Card,Pending,South
ORD005224,CUST01402,2025-07-12,PROD0041,4,0.0,19.31,Online,Credit Card,Delivered,North
ORD005225,CUST01975,2026-02-10,PROD0039,5,0.15,,In-Store,Wallet,Delivered,North
ORD005226,CUST00925,2026-01-21,PROD0105,3,0.0,15.44,In-Store,UPI,Delivered,West
ORD005227,CUST01902,2026-06-17,PROD0023,5,0.0,11.41,Online,Net Banking,Cancelled,South
ORD005228,CUST00951,2026-01-26,PROD0093,6,0.1,22.35,Mobile App,Credit Card,Delivered,North
ORD005229,CUST00422,2026-07-08,PROD0074,5,0.15,12.45,Mobile App,Debit Card,Pending,North
ORD005230,CUST01672,2025-09-20,PROD0011,3,0.0,21.05,Mobile App,Wallet,Delivered,West
ORD005231,CUST00145,2025-07-05,PROD0051,2,0.1,20.03,Mobile App,COD,Delivered,West
ORD005232,CUST01067,2025-07-08,PROD0042,1,0.1,10.26,Online,Credit Card,Delivered,North
ORD005233,CUST00500,2025-09-10,PROD0121,6,0.1,5.75,Mobile App,Wallet,Returned,North
ORD005234,CUST00049,2026-06-16,PROD0053,3,0.1,10.15,Online,Credit Card,Delivered,East
ORD005235,CUST01678,2025-09-06,PROD0051,4,0.3,20.66,Online,COD,Delivered,North
ORD005236,CUST00045,2026-05-01,PROD0019,6,0.05,5.69,Online,COD,Delivered,South
ORD005237,CUST01617,09-11-2025,PROD0021,2,0.3,13.11,Mobile App,Credit Card,Delivered,West
ORD005238,CUST01858,2026-03-21,PROD0029,4,0.0,20.15,Online,COD,Delivered,North
ORD005239,CUST01566,2025-10-16,PROD0041,1,0.2,8.84,Online,Wallet,Delivered,East
ORD005240,CUST01248,2025-08-03,PROD0039,5,0.2,16.06,Online,Wallet,Pending,East
ORD005241,CUST00692,2026-05-26,PROD0049,4,0.0,6.14,Online,Credit Card,Delivered,East
ORD005242,CUST01892,2025-09-08,PROD0014,3,0.0,2.73,Mobile App,UPI,Delivered,East
ORD005243,CUST00542,2026-04-17,PROD0109,3,0.0,19.86,Mobile App,Credit Card,Delivered,East
ORD005244,CUST00616,2026-07-04,PROD0008,5,0.0,2.47,Mobile App,Net Banking,Delivered,West
ORD005245,CUST00910,2026-02-04,PROD0112,6,0.3,6.78,Online,Credit Card,Delivered,North
ORD005246,CUST00236,2025-07-07,PROD0048,5,0.0,21.38,In-Store,COD,Returned,West
ORD005247,CUST01504,2025-12-10,PROD0036,4,0.0,8.66,In-Store,UPI,Returned,North
ORD005248,CUST01049,2026-02-16,PROD0074,3,0.3,24.33,Online,UPI,Cancelled,South
ORD005249,CUST01395,2026-05-15,PROD0115,4,0.15,24.49,Mobile App,Credit Card,Returned,South
ORD005250,CUST00234,2025-12-11,PROD0021,5,0.1,6.71,Online,Debit Card,Pending,West
ORD005251,CUST00383,2026-07-16,PROD0120,4,0.0,1.02,Online,Debit Card,Delivered,North
ORD005252,CUST00999,2026-07-24,PROD0076,6,0.1,17.63,Online,Wallet,Delivered,South
ORD005253,CUST00623,2026-03-19,PROD0053,1,0.0,11.27,In-Store,Credit Card,Delivered,South
ORD005254,CUST00448,2026-07-02,PROD0119,6,0.0,2.52,Online,Credit Card,Delivered,South
ORD005255,CUST00108,2026-01-12,PROD0087,3,0.0,17.69,In-Store,Debit Card,Delivered,East
ORD005256,CUST01912,2026-06-10,PROD0031,4,0.2,0.78,Mobile App,COD,Delivered,South
ORD005257,CUST01032,2026-01-24,PROD0008,1,0.2,21.75,Online,Credit Card,Pending,South
ORD005258,CUST00433,2026-03-26,PROD0087,5,0.1,3.47,In-Store,Credit Card,Delivered,East
ORD005259,CUST00461,2026-07-23,PROD0120,3,0.2,3.18,Online,Debit Card,Delivered,North
ORD005260,CUST00140,2026-06-25,PROD0104,1,0.0,4.39,Mobile App,Credit Card,Delivered,North
ORD005261,CUST01969,2025-08-11,PROD0101,6,0.25,24.01,Online,COD,Delivered,West
ORD005262,CUST00317,2026-03-12,PROD0011,6,0.2,17.33,Mobile App,COD,Delivered,East
ORD005263,CUST00586,2026-07-08,PROD0028,1,0.2,20.03,In-Store,UPI,Pending,South
ORD005264,CUST00239,2025-11-28,PROD0065,1,0.3,9.94,Online,Credit Card,Pending,East
ORD005265,CUST00666,2025-12-28,PROD0022,6,0.25,8.41,In-Store,UPI,Delivered,West
ORD005266,CUST00086,2025-08-25,PROD0034,3,0.0,5.86,In-Store,Wallet,Delivered,West
ORD005267,CUST00574,2025-12-07,PROD0102,6,0.2,12.02,Online,Credit Card,Delivered,North
ORD005268,CUST01202,2025-10-30,PROD0033,2,0.0,13.8,In-Store,Debit Card,Delivered,South
ORD005269,CUST00249,2026-01-24,PROD0009,2,0.0,15.79,Online,Wallet,Delivered,North
ORD005270,CUST01133,2026-06-13,PROD0033,2,0.2,6.43,Online,UPI,Delivered,North
ORD005271,CUST00246,2026-04-04,PROD0072,4,0.0,23.72,In-Store,Net Banking,Delivered,North
ORD005272,CUST00410,2026-06-23,PROD0038,2,0.15,4.24,Online,Net Banking,Delivered,North
ORD005273,CUST00469,2026-07-09,PROD0122,5,0.3,24.14,In-Store,Debit Card,Delivered,West
ORD005274,CUST00981,2026-05-31,PROD0093,6,0.25,0.37,Mobile App,UPI,Delivered,West
ORD005275,CUST00255,2026-02-07,PROD0076,5,0.2,12.03,Online,COD,Delivered,East
ORD005276,CUST01458,2026-06-17,PROD0037,4,0.0,8.33,Online,Wallet,Delivered,North
ORD005277,CUST00168,2025-10-23,PROD0014,1,0.0,11.23,Online,Credit Card,Delivered,East
ORD005278,CUST00613,2025-07-11,PROD0066,4,0.25,14.27,Online,UPI,Delivered,West
ORD005279,CUST00990,07-08-2026,PROD0099,1,0.05,10.89,Online,Wallet,Delivered,South
ORD005280,CUST01702,2025-09-02,PROD0116,5,0.0,10.37,In-Store,COD,Delivered,West
ORD005281,CUST00825,2026-06-02,PROD0050,4,0.1,18.32,Online,COD,Delivered,East
ORD005282,CUST01611,2026-04-08,PROD0081,6,0.3,17.15,In-Store,UPI,Delivered,East
ORD005283,CUST00597,2025-12-22,PROD0110,3,0.3,20.83,In-Store,Debit Card,Delivered,East
ORD005284,CUST00852,2025-12-09,PROD0054,4,0.0,6.25,In-Store,Debit Card,Pending,East
ORD005285,CUST00436,2026-01-05,PROD0117,3,0.25,15.24,Online,Credit Card,Delivered,West
ORD005286,CUST00801,2026-04-02,PROD0028,5,0.15,,In-Store,UPI,Pending,East
ORD005287,CUST00592,2026-01-30,PROD0048,5,0.25,9.24,Mobile App,COD,Delivered,South
ORD005288,CUST00737,2026-02-08,PROD0079,2,0.1,12.15,Online,Net Banking,Returned,West
ORD005289,CUST00808,2025-07-06,PROD0024,3,0.0,7.84,In-Store,Debit Card,Delivered,West
ORD005290,CUST01124,2025-08-30,PROD0035,1,0.1,,Mobile App,Net Banking,Delivered,South
ORD005291,CUST00349,2026-01-28,PROD0009,6,0.25,5.35,Mobile App,COD,Returned,West
ORD005292,CUST00051,2026-01-08,PROD0054,2,0.0,2.64,Online,Credit Card,Returned,South
ORD005293,CUST01660,2026-02-08,PROD0100,3,0.25,17.08,Mobile App,Credit Card,Delivered,South
ORD005294,CUST01291,2025-10-27,PROD0033,3,0.15,16.52,Mobile App,UPI,Delivered,South
ORD005295,CUST00923,2026-04-12,PROD0037,6,0.1,23.77,Mobile App,Credit Card,Delivered,North
ORD005296,CUST00106,2025-12-10,PROD0102,4,0.2,18.24,Mobile App,UPI,Delivered,East
ORD005297,CUST00657,2026-07-27,PROD0072,0,0.1,1.3,In-Store,COD,Delivered,South
ORD005298,CUST01121,2025-10-11,PROD0101,3,0.25,22.11,Mobile App,UPI,Delivered,East
ORD005299,CUST00952,2026-04-29,PROD0019,3,0.1,21.57,In-Store,Net Banking,Returned,South
ORD005300,CUST00151,0000-00-00,PROD0039,2,0.25,11.08,Online,Credit Card,Pending,East
ORD005301,CUST00972,2026-01-09,PROD0031,1,0.3,14.65,In-Store,Credit Card,Delivered,East
ORD005302,CUST00235,2026-02-16,PROD0050,2,0.15,24.4,In-Store,Debit Card,Delivered,North
ORD005303,CUST01151,2025-08-26,PROD0121,1,0.15,13.31,Mobile App,UPI,Delivered,North
ORD005304,CUST00504,2026-05-30,PROD0025,6,0.1,22.63,Online,Net Banking,Delivered,West
ORD005305,CUST01859,2026-04-18,PROD0006,3,0.2,2.08,Online,COD,Delivered,West
ORD005306,CUST00958,2026-05-15,PROD0008,6,0.05,4.78,Mobile App,Credit Card,Delivered,South
ORD005307,CUST01883,2026-01-11,PROD0009,6,0.2,11.02,In-Store,Wallet,Returned,South
ORD005308,CUST01471,2026-01-25,PROD0044,2,0.0,14.62,Online,Credit Card,Delivered,South
ORD005309,CUST01829,2026-01-19,PROD0036,2,0.3,20.41,Online,UPI,Cancelled,West
ORD005310,CUST00676,2025-07-30,PROD0116,6,0.0,24.71,In-Store,COD,Delivered,West
ORD005311,CUST00896,2026-04-24,PROD0067,3,0.25,9.72,In-Store,COD,Delivered,South
ORD005312,CUST01032,2025-12-08,PROD0049,5,0.1,1.19,Mobile App,UPI,Delivered,North
ORD005313,CUST00799,2025-07-03,PROD0047,1,0.25,20.03,Online,Credit Card,Delivered,West
ORD005314,CUST01375,2026-06-06,PROD0081,5,0.2,15.11,In-Store,UPI,Delivered,South
ORD005315,CUST00493,2025-10-27,PROD0037,6,0.0,4.96,Online,Wallet,Returned,North
ORD005316,CUST00979,2025-11-01,PROD0046,2,0.2,12.37,Online,Net Banking,Delivered,North
ORD005317,CUST00992,2025-10-05,PROD0051,4,0.05,18.56,In-Store,Credit Card,Delivered,South
ORD005318,CUST01583,2026-05-15,PROD0100,5,0.0,19.26,Online,UPI,Delivered,East
ORD005319,CUST00887,2026-03-04,PROD0082,1,0.05,12.49,Online,Wallet,Delivered,South
ORD005320,CUST00557,2026-05-06,PROD0023,6,0.3,7.63,Online,COD,Delivered,South
ORD005321,CUST01525,2026-05-09,PROD0034,4,0.25,24.34,Mobile App,Debit Card,Delivered,North
ORD005322,CUST00275,2026-01-22,PROD0005,4,0.05,16.58,In-Store,UPI,Delivered,South
ORD005323,CUST01447,2025-12-01,PROD0072,4,0.25,10.21,Online,Credit Card,Delivered,North
ORD005324,CUST01146,2025-09-09,PROD0011,1,0.05,7.01,In-Store,Net Banking,Delivered,East
ORD005325,CUST00836,2026-07-24,PROD0063,2,0.0,18.28,In-Store,Credit Card,Delivered,East
ORD005326,CUST00144,2025-07-04,PROD0015,2,0.0,6.05,Mobile App,UPI,Delivered,South
ORD005327,CUST00761,2026-01-31,PROD0104,4,0.05,4.29,Online,Debit Card,Delivered,East
ORD005328,CUST01158,2026-02-22,PROD0015,5,0.0,13.25,Mobile App,Debit Card,Delivered,North
ORD005329,CUST01505,2026-01-26,PROD0116,4,0.2,7.25,Mobile App,Net Banking,Delivered,West
ORD005330,CUST00505,2025-12-18,PROD0029,1,0.0,15.72,In-Store,Debit Card,Delivered,East
ORD005331,CUST01657,2026-01-24,PROD0119,2,0.0,2.95,In-Store,UPI,Returned,West
ORD005332,CUST00147,2026-04-17,PROD0030,4,0.15,16.37,In-Store,Credit Card,Delivered,East
ORD005333,CUST01111,2026-06-29,PROD0094,5,0.25,7.08,Online,Net Banking,Delivered,East
ORD005334,CUST01603,2025-08-21,PROD0029,4,0.25,0.01,Mobile App,Debit Card,Delivered,South
ORD005335,CUST00380,2026-04-19,PROD0004,6,0.15,3.17,Online,Credit Card,Delivered,East
ORD005336,CUST01677,2025-09-22,PROD0034,3,0.0,23.34,In-Store,Net Banking,Delivered,South
ORD005337,CUST00434,2026-03-31,PROD0068,5,0.05,21.68,In-Store,Debit Card,Delivered,East
ORD005338,CUST01244,2026-04-21,PROD0026,3,0.0,5.84,In-Store,Wallet,Cancelled,North
ORD005339,CUST01716,2025-11-20,PROD0090,4,0.3,19.46,Online,Credit Card,Delivered,North
ORD005340,CUST01257,2025-08-06,PROD0090,1,0.0,15.21,In-Store,Wallet,Delivered,North
ORD005341,CUST01726,2025-08-26,PROD0118,5,0.0,24.27,Mobile App,Net Banking,Delivered,East
ORD005342,CUST00770,2026-05-28,PROD0019,1,0.0,9.34,In-Store,UPI,Delivered,East
ORD005343,CUST01371,0000-00-00,PROD0011,6,0.2,17.04,In-Store,Credit Card,Delivered,East
ORD005344,CUST00469,2026-03-11,PROD0033,3,0.0,1.59,Online,Credit Card,Delivered,South
ORD005345,CUST01833,2026-05-04,PROD0095,1,0.05,9.91,Mobile App,Wallet,Delivered,South
ORD005346,CUST01457,2025-10-15,PROD0062,5,0.05,24.1,Online,COD,Delivered,East
ORD005347,CUST00862,2026-02-13,PROD0041,5,0.05,13.47,Online,COD,Delivered,West
ORD005348,CUST01798,2026-07-18,PROD0002,1,0.0,7.2,Online,COD,Delivered,North
ORD005349,CUST01356,2025-07-07,PROD0037,2,0.15,3.01,Online,COD,Delivered,West
ORD005350,CUST00992,2026-06-08,PROD0096,4,0.0,17.59,In-Store,Wallet,Delivered,South
ORD005351,CUST00681,2025-09-19,PROD0056,2,0.2,16.12,In-Store,UPI,Delivered,South
ORD005352,CUST01148,2025-07-03,PROD0024,6,0.0,9.35,In-Store,Credit Card,Delivered,South
ORD005353,CUST00557,2025-09-09,PROD0039,5,0.1,23.77,In-Store,COD,Delivered,North
ORD005354,CUST01126,2026-04-30,PROD0007,6,0.2,0.56,Mobile App,UPI,Delivered,East
ORD005355,CUST01743,2025-07-10,PROD0048,4,0.1,7.59,Online,UPI,Delivered,West
ORD005356,CUST00281,2026-06-05,PROD0068,6,0.0,,Mobile App,Debit Card,Returned,East
ORD005357,CUST00680,2026-04-22,PROD0042,2,0.1,8.02,Online,COD,Delivered,South
ORD005358,CUST01000,2026-05-13,PROD0075,2,0.0,6.31,Mobile App,UPI,Delivered,North
ORD005359,CUST00104,2025-07-06,PROD0029,3,0.25,13.36,Mobile App,COD,Cancelled,West
ORD005360,CUST01193,2025-12-03,PROD0053,6,0.0,20.6,Mobile App,Net Banking,Delivered,South
ORD005361,CUST01190,2026-06-21,PROD0030,5,0.25,2.58,In-Store,Net Banking,Returned,East
ORD005362,CUST01649,2026-05-14,PROD0115,2,0.25,23.58,Mobile App,Debit Card,Delivered,East
ORD005363,CUST00938,2025-09-03,PROD0076,6,0.15,19.88,In-Store,Net Banking,Delivered,West
ORD005364,CUST00941,2025-12-11,PROD0047,1,0.15,4.53,Online,Debit Card,Delivered,East
ORD005365,CUST01679,2026-03-09,PROD0005,6,0.3,17.8,Mobile App,Credit Card,Delivered,North
ORD005366,CUST01070,2026-06-15,PROD0100,5,0.0,9.62,Mobile App,COD,Delivered,West
ORD005367,CUST00119,2026-03-27,PROD0077,2,0.0,10.06,Mobile App,Credit Card,Cancelled,East
ORD005368,CUST00277,2026-02-17,PROD0052,2,0.0,19.58,Online,Credit Card,Delivered,East
ORD005369,CUST01957,2025-11-24,PROD0027,5,0.3,24.07,Online,Credit Card,Returned,North
ORD005370,CUST01328,2025-09-08,PROD0097,2,0.05,3.17,Online,Wallet,Delivered,East
ORD005371,CUST00718,2026-07-30,PROD0062,6,0.0,10.52,Online,Credit Card,Delivered,South
ORD005372,CUST00163,2026-06-04,PROD0035,3,0.25,12.02,In-Store,COD,Delivered,North
ORD005373,CUST00435,2026-05-15,PROD0106,2,0.0,9.41,Online,COD,Delivered,South
ORD005374,CUST00496,2025-08-29,PROD0034,3,0.25,9.08,Online,Net Banking,Delivered,East
ORD005375,CUST00766,2026-05-20,PROD0116,4,0.15,1.31,Online,Debit Card,Delivered,West
ORD005376,CUST00240,2025-11-11,PROD0047,5,0.0,17.14,Online,COD,Delivered,South
ORD005377,CUST00617,2026-03-19,PROD0118,5,0.0,10.91,Online,Wallet,Cancelled,North
ORD005378,CUST01237,2025-10-08,PROD0093,3,0.15,4.87,In-Store,Debit Card,Delivered,South
ORD005379,CUST00033,2025-07-06,PROD0001,6,0.15,20.4,Mobile App,COD,Delivered,East
ORD005380,CUST01657,09-10-2025,PROD0032,2,0.15,20.06,Mobile App,COD,Delivered,North
ORD005381,CUST01523,2026-02-14,PROD0097,1,0.0,12.16,Online,Wallet,Delivered,North
ORD005382,CUST01454,2025-10-23,PROD0040,2,0.0,7.46,Online,Debit Card,Delivered,East
ORD005383,CUST01620,2025-12-11,PROD0018,4,0.15,15.95,In-Store,COD,Delivered,North
ORD005384,CUST00644,2025-09-27,PROD0075,4,0.3,7.2,In-Store,Debit Card,Delivered,South
ORD005385,CUST00447,2026-05-14,PROD0074,2,0.3,5.9,In-Store,Wallet,Delivered,North
ORD005386,CUST01189,2026-05-02,PROD0111,4,0.25,18.26,Online,Credit Card,Delivered,North
ORD005387,CUST01088,2025-12-28,PROD0106,6,0.0,1.01,Online,COD,Delivered,East
ORD005388,CUST01353,2025-10-11,PROD0009,3,0.3,2.37,In-Store,Wallet,Returned,South
ORD005389,CUST00309,2025-08-01,PROD0084,2,0.15,0.17,In-Store,Wallet,Delivered,North
ORD005390,CUST00109,2026-06-26,PROD0094,2,0.3,3.82,In-Store,UPI,Cancelled,West
ORD005391,CUST01192,2025-09-01,PROD0028,3,0.25,1.72,Mobile App,Debit Card,Delivered,West
ORD005392,CUST01082,2026-06-18,PROD0080,2,0.2,24.9,Mobile App,Net Banking,Delivered,North
ORD005393,CUST00070,2025-08-22,PROD0041,4,0.05,7.22,In-Store,COD,Delivered,South
ORD005394,CUST01107,2026-07-14,PROD0012,3,0.3,3.73,Mobile App,Debit Card,Delivered,East
ORD005395,CUST01100,2025-08-12,PROD0024,4,0.0,6.02,In-Store,Debit Card,Delivered,South
ORD005396,CUST00040,2025-08-27,PROD0022,5,0.3,23.4,Online,Net Banking,Delivered,North
ORD005397,CUST00123,2026-01-27,PROD0038,1,0.0,13.0,Mobile App,Credit Card,Delivered,South
ORD005398,CUST01379,2025-12-07,PROD0079,1,0.2,,In-Store,Credit Card,Delivered,West
ORD005399,CUST00537,2026-03-02,PROD0060,5,0.2,21.83,Online,UPI,Cancelled,South
ORD005400,CUST01088,2025-07-23,PROD0054,4,0.1,9.87,Online,UPI,Delivered,East
ORD005401,CUST01238,11-05-2025,PROD0039,6,0.0,8.38,Online,UPI,Delivered,East
ORD005402,CUST01327,2025-11-06,PROD0045,1,0.0,5.18,Online,Net Banking,Delivered,South
ORD005403,CUST01774,2025-09-14,PROD0029,4,0.15,9.44,Online,Debit Card,Delivered,East
ORD005404,CUST00543,05-21-2026,PROD0114,6,0.05,7.92,Online,COD,Delivered,South
ORD005405,CUST00632,2026-07-23,PROD0121,6,0.3,16.93,Online,Debit Card,Delivered,South
ORD005406,CUST01201,2025-10-16,PROD0024,4,0.0,7.24,Online,Net Banking,Delivered,West
ORD005407,CUST01049,2025-12-15,PROD0048,1,0.05,14.43,In-Store,Wallet,Delivered,West
ORD005408,CUST00502,2026-01-23,PROD0103,1,0.0,1.65,Online,Net Banking,Delivered,North
ORD005409,CUST00971,2026-06-03,PROD0030,4,0.15,,Mobile App,Credit Card,Delivered,East
ORD005410,CUST01219,2026-05-15,PROD0086,4,0.05,10.19,Mobile App,UPI,Delivered,East
ORD005411,CUST01321,2026-06-01,PROD0035,2,0.05,23.42,Mobile App,Wallet,Delivered,South
ORD005412,CUST01770,2026-07-04,PROD0039,1,0.3,9.43,Online,Debit Card,Delivered,North
ORD005413,CUST00361,2025-09-21,PROD0061,3,0.0,16.6,Mobile App,Credit Card,Cancelled,West
ORD005414,CUST01622,2026-01-10,PROD0071,3,0.2,6.38,Mobile App,COD,Delivered,South
ORD005415,CUST00984,2026-01-20,PROD0099,5,0.15,3.18,Online,Wallet,Delivered,South
ORD005416,CUST01432,2026-02-01,PROD0084,2,0.25,,Mobile App,UPI,Delivered,East
ORD005417,CUST00361,2026-01-26,PROD0118,1,0.0,7.64,Online,Wallet,Pending,West
ORD005418,CUST01307,2025-08-08,PROD0084,3,0.1,3.94,Mobile App,Debit Card,Delivered,East
ORD005419,CUST01997,2026-07-31,PROD0014,3,0.0,4.35,Mobile App,Credit Card,Delivered,East
ORD005420,CUST00209,2025-07-18,PROD0054,6,0.0,19.02,In-Store,UPI,Delivered,North
ORD005421,CUST01862,2026-05-29,PROD0043,1,0.2,0.4,In-Store,Credit Card,Delivered,South
ORD005422,CUST01719,2026-01-21,PROD0071,6,0.15,13.95,Online,UPI,Delivered,South
ORD005423,CUST01022,2026-06-19,PROD0018,3,0.1,9.49,Online,Credit Card,Delivered,North
ORD005424,CUST00618,2026-06-17,PROD0087,1,0.0,12.66,Mobile App,COD,Delivered,West
ORD005425,CUST00955,2026-02-07,PROD0052,5,0.0,14.07,Online,COD,Delivered,East
ORD005426,CUST00213,2026-01-01,PROD0088,4,0.1,7.83,Mobile App,Net Banking,Delivered,West
ORD005427,CUST00416,2026-01-12,PROD0043,1,0.0,7.38,Online,Debit Card,Pending,South
ORD005428,CUST01306,2026-07-26,PROD0075,2,0.0,18.34,Online,Wallet,Delivered,West
ORD005429,CUST00980,2025-12-22,PROD0046,2,0.25,21.78,Online,Debit Card,Delivered,East
ORD005430,CUST00421,2026-03-24,PROD0110,2,0.25,4.81,Mobile App,Net Banking,Returned,West
ORD005431,CUST00107,2026-06-07,PROD0057,6,0.1,2.44,Mobile App,UPI,Returned,South
ORD005432,CUST00614,2026-05-11,PROD0106,1,0.05,22.44,In-Store,Wallet,Delivered,East
ORD005433,CUST00013,2025-07-26,PROD0051,4,0.0,8.75,In-Store,COD,Delivered,East
ORD005434,CUST01863,2026-01-06,PROD0095,2,0.0,13.78,In-Store,Credit Card,Delivered,West
ORD005435,CUST01875,2026-07-18,PROD0116,4,0.25,8.99,Online,Debit Card,Delivered,South
ORD005436,CUST01063,2026-04-11,PROD0046,2,0.2,3.15,In-Store,UPI,Delivered,West
ORD005437,CUST00582,2025-12-25,PROD0061,5,0.0,14.73,Online,COD,Delivered,East
ORD005438,CUST01077,2026-07-09,PROD0073,5,0.1,13.13,Mobile App,COD,Delivered,East
ORD005439,CUST00582,2025-08-22,PROD0122,4,0.3,,Online,UPI,Delivered,South
ORD005440,CUST01893,2025-12-23,PROD0093,-1,0.25,11.3,In-Store,Wallet,Delivered,South
ORD005441,CUST01431,2026-07-03,PROD0059,3,0.0,19.92,Mobile App,Debit Card,Delivered,East
ORD005442,CUST01101,2025-09-18,PROD0016,6,0.0,14.76,Online,Debit Card,Pending,East
ORD005443,CUST01107,2025-11-01,PROD0063,5,0.3,2.42,Mobile App,UPI,Delivered,West
ORD005444,CUST00331,2025-11-30,PROD0119,2,0.0,,In-Store,Wallet,Returned,West
ORD005445,CUST01352,2025-11-14,PROD0033,5,0.3,17.57,Online,Credit Card,Delivered,East
ORD005446,CUST01537,2026-04-01,PROD0072,5,0.0,19.82,Online,UPI,Pending,West
ORD005447,CUST01103,2025-12-26,PROD0037,2,0.15,15.73,Mobile App,Credit Card,Delivered,South
ORD005448,CUST01617,2025-12-28,PROD0009,4,0.2,3.82,Mobile App,UPI,Delivered,West
ORD005449,CUST00218,2026-02-20,PROD0070,5,0.1,17.75,In-Store,Wallet,Delivered,North
ORD005450,CUST00894,2026-07-22,PROD0032,5,0.15,16.93,In-Store,UPI,Pending,West
ORD005451,CUST00662,2026-01-05,PROD0114,5,0.3,0.61,In-Store,Wallet,Delivered,West
ORD005452,CUST01797,09-30-2025,PROD0050,5,0.1,10.29,In-Store,Debit Card,Delivered,South
ORD005453,CUST00532,2025-08-25,PROD0026,4,0.0,8.32,Online,COD,Delivered,North
ORD005454,CUST00716,2026-03-04,PROD0071,6,0.15,16.74,Mobile App,UPI,Delivered,South
ORD005455,CUST00115,2026-04-26,PROD0022,1,0.0,5.4,In-Store,Debit Card,Returned,North
ORD005456,CUST00478,2025-07-07,PROD0073,1,0.0,14.77,In-Store,Net Banking,Delivered,South
ORD005457,CUST00927,12-04-2025,PROD0085,2,0.2,22.83,In-Store,Credit Card,Returned,West
ORD005458,CUST00113,2025-09-29,PROD0087,5,0.05,19.95,In-Store,Net Banking,Pending,South
ORD005459,CUST01208,2026-06-06,PROD0037,3,0.2,23.04,Mobile App,Debit Card,Delivered,West
ORD005460,CUST00634,2025-11-26,PROD0110,3,0.3,24.46,Mobile App,Debit Card,Delivered,East
ORD005461,CUST01811,2025-10-13,PROD0005,2,0.0,0.27,Online,Net Banking,Delivered,West
ORD005462,CUST00506,2026-05-22,PROD0044,2,0.25,15.57,In-Store,Credit Card,Delivered,East
ORD005463,CUST01202,2025-10-07,PROD0058,3,0.15,10.32,Mobile App,Net Banking,Delivered,East
ORD005464,CUST01313,2025-12-21,PROD0092,2,0.3,21.5,Mobile App,UPI,Delivered,East
ORD005465,CUST00688,2026-06-27,PROD0051,5,0.3,6.3,Online,UPI,Delivered,West
ORD005466,CUST00119,2026-04-10,PROD0070,1,0.25,24.53,Mobile App,COD,Pending,West
ORD005467,CUST00405,2026-01-04,PROD0048,4,0.0,15.34,In-Store,Wallet,Delivered,North
ORD005468,CUST00167,2025-11-30,PROD0091,4,0.1,19.84,Online,UPI,Delivered,East
ORD005469,CUST01454,2026-07-16,PROD0034,1,0.0,2.14,Mobile App,Wallet,Delivered,South
ORD005470,CUST00904,2025-09-17,PROD0058,1,0.3,4.59,Mobile App,UPI,Returned,East
ORD005471,CUST01384,2026-05-09,PROD0087,6,0.0,18.96,Online,Credit Card,Cancelled,West
ORD005472,CUST00466,2026-02-08,PROD0069,5,0.0,0.55,Online,UPI,Delivered,West
ORD005473,CUST01335,2025-09-15,PROD0083,4,0.2,20.42,Online,Credit Card,Delivered,North
ORD005474,CUST01022,12-20-2025,PROD0069,3,0.0,0.35,In-Store,Credit Card,Pending,North
ORD005475,CUST00042,2026-06-23,PROD0030,3,0.25,16.43,In-Store,Wallet,Delivered,North
ORD005476,CUST01620,2026-03-17,PROD0037,2,0.1,9.13,In-Store,Debit Card,Delivered,East
ORD005477,CUST01122,2025-07-23,PROD0108,3,0.0,15.29,Mobile App,Wallet,Delivered,South
ORD005478,CUST01605,2026-07-16,PROD0033,5,0.0,17.4,Mobile App,COD,Delivered,North
ORD005479,CUST00159,2026-04-29,PROD0033,3,0.0,8.56,In-Store,Wallet,Delivered,South
ORD005480,CUST01855,2025-11-24,PROD0089,4,0.2,2.7,Online,Wallet,Delivered,North
ORD005481,CUST01396,2025-09-02,PROD0017,0,0.25,1.74,In-Store,Credit Card,Delivered,North
ORD005482,CUST01209,2026-05-14,PROD0113,6,0.0,,Online,UPI,Delivered,North
ORD005483,CUST00387,2025-07-31,PROD0015,3,0.05,13.02,Mobile App,COD,Delivered,South
ORD005484,CUST00740,2025-09-12,PROD0095,3,0.3,18.56,Mobile App,COD,Delivered,North
ORD005485,CUST00700,2025-10-10,PROD0032,6,0.3,12.74,In-Store,Net Banking,Delivered,North
ORD005486,CUST01070,2026-01-16,PROD0010,5,0.3,10.56,In-Store,Wallet,Cancelled,South
ORD005487,CUST01666,2026-05-10,PROD0022,2,0.15,9.95,In-Store,Credit Card,Delivered,South
ORD005488,CUST00195,2025-11-20,PROD0089,1,0.0,0.66,Mobile App,Wallet,Delivered,South
ORD005489,CUST01354,2026-04-27,PROD0041,3,0.25,8.39,In-Store,Debit Card,Delivered,North
ORD005490,CUST01868,2025-09-17,PROD0090,6,0.1,24.4,In-Store,UPI,Delivered,South
ORD005491,CUST00677,2025-09-28,PROD0093,4,0.0,21.84,Online,Net Banking,Delivered,East
ORD005492,CUST00945,2026-07-10,PROD0021,6,0.0,8.23,Online,Debit Card,Delivered,South
ORD005493,CUST00650,2026-01-07,PROD0104,1,0.3,14.69,Online,UPI,Delivered,East
ORD005494,CUST01375,2026-02-03,PROD0001,5,0.15,21.18,Mobile App,UPI,Delivered,West
ORD005495,CUST00079,2025-11-19,PROD0016,4,0.25,11.03,Mobile App,COD,Pending,East
ORD005496,CUST00857,2025-08-15,PROD0103,0,0.1,0.45,Online,Debit Card,Returned,South
ORD005497,CUST00794,2026-01-10,PROD0015,6,0.05,1.86,Mobile App,Credit Card,Delivered,West
ORD005498,CUST01464,2026-02-12,PROD0065,3,0.05,12.76,In-Store,Credit Card,Delivered,North
ORD005499,CUST01549,2026-05-25,PROD0101,3,0.15,24.24,Online,Debit Card,Cancelled,East
ORD005500,CUST01691,2026-05-20,PROD0007,1,0.0,17.33,Online,Credit Card,Delivered,East
ORD005501,CUST01864,2026-05-11,PROD0117,1,0.15,1.77,Online,Debit Card,Delivered,South
ORD005502,CUST01823,2025-08-12,PROD0105,3,0.0,4.73,Online,Wallet,Delivered,East
ORD005503,CUST01706,2025-07-26,PROD0013,3,0.05,19.28,Mobile App,UPI,Returned,North
ORD005504,CUST01818,2026-04-07,PROD0104,3,0.0,21.04,Mobile App,COD,Delivered,South
ORD005505,CUST00516,2025-08-14,PROD0077,3,0.0,15.44,Mobile App,Wallet,Delivered,South
ORD005506,CUST00818,2025-11-29,PROD0114,5,0.3,16.11,Online,Net Banking,Delivered,North
ORD005507,CUST01143,2025-07-25,PROD0060,5,0.2,0.71,Online,Wallet,Returned,East
ORD005508,CUST01768,2025-09-03,PROD0044,3,0.2,20.71,In-Store,Credit Card,Delivered,West
ORD005509,CUST00643,2026-02-13,PROD0050,6,0.0,19.71,In-Store,UPI,Delivered,North
ORD005510,CUST01551,2026-04-11,PROD0093,4,0.0,6.48,Online,Debit Card,Delivered,East
ORD005511,CUST01892,2025-08-15,PROD0084,2,0.1,17.72,Mobile App,Credit Card,Delivered,West
ORD005512,CUST01364,2026-07-17,PROD0053,5,0.0,5.37,Online,UPI,Delivered,South
ORD005513,CUST00823,2025-09-13,PROD0048,6,0.25,1.01,In-Store,Debit Card,Pending,South
ORD005514,CUST00806,2026-01-07,PROD0012,1,0.3,5.03,Mobile App,Net Banking,Delivered,West
ORD005515,CUST01326,2026-04-02,PROD0006,5,0.0,,Mobile App,COD,Delivered,North
ORD005516,CUST01484,2025-09-28,PROD0003,5,0.2,8.44,Online,Wallet,Delivered,South
ORD005517,CUST01139,2025-08-02,PROD0021,5,0.3,10.46,In-Store,Net Banking,Delivered,South
ORD005518,CUST00930,10-03-2025,PROD0064,6,0.0,12.71,In-Store,Net Banking,Pending,North
ORD005519,CUST01950,2025-10-01,PROD0012,4,0.25,11.92,Online,Wallet,Delivered,West
ORD005520,CUST01344,2026-04-28,PROD0065,5,0.25,6.77,In-Store,UPI,Cancelled,West
ORD005521,CUST00002,2026-07-22,PROD0067,4,0.1,0.73,In-Store,Debit Card,Delivered,South
ORD005522,CUST01602,2026-03-26,PROD0106,5,0.25,15.13,Online,COD,Delivered,West
ORD005523,CUST01072,2026-03-18,PROD0023,6,0.2,9.89,In-Store,Credit Card,Cancelled,West
ORD005524,CUST01079,2026-03-14,PROD0069,4,0.0,7.47,In-Store,Net Banking,Delivered,South
ORD005525,CUST01421,2025-12-15,PROD0038,5,0.25,21.67,Online,Net Banking,Delivered,North
ORD005526,CUST00780,2026-05-17,PROD0060,1,0.0,18.67,Online,Net Banking,Pending,South
ORD005527,CUST00540,2026-01-01,PROD0056,3,0.15,21.44,In-Store,Net Banking,Delivered,South
ORD005528,CUST00211,2025-08-03,PROD0070,1,0.15,12.37,Mobile App,Debit Card,Delivered,East
ORD005529,CUST00755,2026-06-17,PROD0034,3,0.2,3.27,Mobile App,Debit Card,Cancelled,North
ORD005530,CUST01936,2026-02-03,PROD0011,5,0.1,17.41,Mobile App,Wallet,Delivered,West
ORD005531,CUST01812,2026-07-17,PROD0100,4,0.25,5.15,In-Store,Wallet,Delivered,South
ORD005532,CUST01059,2025-12-01,PROD0049,6,0.25,11.03,Online,Debit Card,Delivered,South
ORD005533,CUST00088,2025-11-18,PROD0007,3,0.15,1.63,In-Store,UPI,Returned,East
ORD005534,CUST01977,2026-05-20,PROD0064,6,0.0,20.63,Mobile App,Wallet,Delivered,East
ORD005535,CUST00661,2025-10-31,PROD0093,2,0.3,3.15,In-Store,UPI,Delivered,West
ORD005536,CUST00526,2026-05-05,PROD0071,2,0.0,22.58,In-Store,Net Banking,Returned,South
ORD005537,CUST01069,2026-04-04,PROD0061,1,0.25,,Online,Debit Card,Returned,South
ORD005538,CUST01866,2025-07-27,PROD0050,1,0.0,11.61,Mobile App,Credit Card,Delivered,North
ORD005539,CUST01839,2026-01-15,PROD0054,6,0.25,18.61,In-Store,Wallet,Delivered,North
ORD005540,CUST01326,2025-12-23,PROD0008,3,0.0,15.49,Mobile App,Credit Card,Returned,North
ORD005541,CUST00380,2025-08-02,PROD0008,2,0.0,20.08,Online,Credit Card,Delivered,North
ORD005542,CUST01243,2026-01-13,PROD0006,5,0.0,10.8,Mobile App,Credit Card,Cancelled,South
ORD005543,CUST00575,2025-11-03,PROD0045,4,0.2,19.65,In-Store,UPI,Delivered,East
ORD005544,CUST01736,2025-07-18,PROD0077,5,0.0,11.56,Online,Debit Card,Delivered,North
ORD005545,CUST00847,2025-10-25,PROD0116,3,0.0,23.52,In-Store,Wallet,Returned,East
ORD005546,CUST01044,2026-04-17,PROD0101,3,0.0,12.16,Online,Wallet,Cancelled,North
ORD005547,CUST00175,2025-09-02,PROD0082,4,0.25,11.57,In-Store,COD,Delivered,East
ORD005548,CUST01283,2026-06-24,PROD0115,5,0.3,19.63,In-Store,COD,Delivered,West
ORD005549,CUST00201,2026-05-24,PROD0064,5,0.2,20.54,Mobile App,UPI,Delivered,South
ORD005550,CUST00529,2026-06-10,PROD0086,4,0.0,13.86,Online,UPI,Delivered,North
ORD005551,CUST01382,2025-08-14,PROD0003,3,0.0,,Online,COD,Pending,South
ORD005552,CUST00862,2026-02-20,PROD0090,1,0.0,11.69,Online,Debit Card,Delivered,South
ORD005553,CUST00875,2026-05-09,PROD0012,4,0.2,,Mobile App,Net Banking,Delivered,East
ORD005554,CUST00282,2026-04-20,PROD0112,2,0.05,18.82,In-Store,Debit Card,Delivered,East
ORD005555,CUST00575,0000-00-00,PROD0036,6,0.15,20.28,Online,Net Banking,Pending,East
ORD005556,CUST01321,2026-04-13,PROD0043,6,0.0,0.82,In-Store,Net Banking,Delivered,West
ORD005557,CUST00281,2025-10-05,PROD0085,5,0.25,11.7,In-Store,Credit Card,Pending,South
ORD005558,CUST01201,2025-10-08,PROD0011,6,0.05,16.17,Online,Debit Card,Cancelled,South
ORD005559,CUST00529,2026-05-02,PROD0076,4,0.05,20.75,Mobile App,Wallet,Delivered,West
ORD005560,CUST00349,2025-12-21,PROD0020,3,0.3,1.23,Online,Wallet,Delivered,North
ORD005561,CUST00994,2026-04-16,PROD0110,1,0.15,21.31,In-Store,Debit Card,Pending,South
ORD005562,CUST01064,2026-02-05,PROD0120,2,0.25,13.71,In-Store,COD,Delivered,North
ORD005563,CUST00474,2026-02-24,PROD0014,1,0.15,4.93,In-Store,COD,Delivered,South
ORD005564,CUST01381,2026-04-24,PROD0028,2,0.3,7.93,In-Store,UPI,Delivered,South
ORD005565,CUST01535,2025-10-23,PROD0091,2,0.0,7.05,Mobile App,UPI,Returned,North
ORD005566,CUST01474,2025-08-24,PROD0059,3,0.25,13.27,Online,Net Banking,Returned,North
ORD005567,CUST00365,2026-01-04,PROD0038,4,0.0,1.29,In-Store,Credit Card,Pending,West
ORD005568,CUST00003,2026-07-18,PROD0116,1,0.0,3.96,Online,Debit Card,Delivered,South
ORD005569,CUST00455,2026-06-03,PROD0017,1,0.0,20.32,In-Store,Net Banking,Delivered,West
ORD005570,CUST00086,2026-06-23,PROD0115,2,0.0,3.32,Online,Net Banking,Delivered,East
ORD005571,CUST01541,2026-05-27,PROD0052,5,0.3,5.83,Mobile App,Credit Card,Delivered,South
ORD005572,CUST01014,2026-02-26,PROD0100,5,0.05,11.33,Online,Credit Card,Delivered,South
ORD005573,CUST01104,2026-06-16,PROD0065,-3,0.2,12.93,In-Store,UPI,Delivered,East
ORD005574,CUST00836,2026-05-09,PROD0109,4,0.0,19.09,Online,UPI,Pending,North
ORD005575,CUST01390,2026-02-23,PROD0047,4,0.15,11.18,In-Store,Net Banking,Delivered,South
ORD005576,CUST00504,2026-03-15,PROD0115,6,0.1,19.75,In-Store,Debit Card,Returned,North
ORD005577,CUST01146,12-17-2025,PROD0081,3,0.0,15.46,Online,Wallet,Cancelled,East
ORD005578,CUST00368,2025-12-26,PROD0114,4,0.15,,Mobile App,COD,Returned,South
ORD005579,CUST00967,2025-12-23,PROD0048,6,0.0,3.91,Online,UPI,Cancelled,North
ORD005580,CUST01039,2026-03-25,PROD0058,6,0.0,10.93,Online,Credit Card,Delivered,South
ORD005581,CUST01908,2026-02-05,PROD0028,1,0.0,9.92,Mobile App,Wallet,Delivered,West
ORD005582,CUST01760,2026-07-02,PROD0122,6,0.15,18.59,Online,Debit Card,Delivered,North
ORD005583,CUST00827,2026-02-16,PROD0038,4,0.25,14.52,In-Store,Wallet,Delivered,North
ORD005584,CUST01253,2026-02-18,PROD0020,4,0.15,9.7,Mobile App,Debit Card,Returned,North
ORD005585,CUST01515,2025-09-28,PROD0056,5,0.0,4.27,Mobile App,Wallet,Pending,North
ORD005586,CUST00773,2025-12-25,PROD0117,2,0.0,5.67,Online,UPI,Delivered,East
ORD005587,CUST01467,2026-03-20,PROD0042,3,0.25,14.39,In-Store,Credit Card,Delivered,East
ORD005588,CUST01027,2026-06-02,PROD0019,3,0.0,10.59,Mobile App,UPI,Delivered,East
ORD005589,CUST01881,2026-07-15,PROD0034,1,0.1,12.87,In-Store,Wallet,Cancelled,East
ORD005590,CUST01728,2026-07-18,PROD0022,6,0.15,4.27,In-Store,UPI,Delivered,South
ORD005591,CUST00349,2026-07-25,PROD0073,1,0.0,16.57,In-Store,Wallet,Delivered,East
ORD005592,CUST01786,0000-00-00,PROD0082,3,0.2,21.31,Mobile App,COD,Delivered,South
ORD005593,CUST00931,2025-10-15,PROD0051,2,0.3,6.45,Online,Credit Card,Delivered,West
ORD005594,CUST00866,2026-02-07,PROD0055,1,0.3,12.29,Mobile App,Wallet,Returned,East
ORD005595,CUST01737,2025-11-02,PROD0075,6,0.0,24.39,Mobile App,UPI,Cancelled,West
ORD005596,CUST00820,2026-05-13,PROD0072,6,0.0,8.33,Mobile App,Debit Card,Delivered,East
ORD005597,CUST00828,2025-12-24,PROD0055,3,0.05,14.88,In-Store,Debit Card,Delivered,North
ORD005598,CUST01580,2025-11-11,PROD0017,1,0.0,2.25,In-Store,Wallet,Delivered,North
ORD005599,CUST01724,2025-07-22,PROD0054,1,0.2,15.15,Online,Wallet,Delivered,North
ORD005600,CUST01439,2025-07-14,PROD0078,5,0.15,2.24,Mobile App,Debit Card,Returned,South
ORD005601,CUST01006,2026-03-23,PROD0052,2,0.0,23.98,In-Store,Net Banking,Pending,East
ORD005602,CUST00614,2026-04-07,PROD0041,1,0.0,,Online,Net Banking,Returned,North
ORD005603,CUST01798,2026-02-19,PROD0009,0,0.0,19.7,Online,Net Banking,Cancelled,East
ORD005604,CUST01464,2025-07-04,PROD0114,2,0.0,17.6,Online,COD,Delivered,East
ORD005605,CUST00321,2026-06-06,PROD0111,5,0.25,14.74,Online,COD,Delivered,East
ORD005606,CUST00701,2025-07-31,PROD0026,1,0.0,11.25,In-Store,UPI,Delivered,West
ORD005607,CUST01549,2025-09-10,PROD0120,6,0.3,21.46,Online,COD,Delivered,East
ORD005608,CUST01017,2026-02-05,PROD0086,6,0.3,23.92,In-Store,Credit Card,Delivered,North
ORD005609,CUST00567,2026-07-21,PROD0092,2,0.05,12.48,In-Store,UPI,Pending,West
ORD005610,CUST01668,2026-01-20,PROD0064,6,0.15,23.29,Online,Debit Card,Delivered,West
ORD005611,CUST01138,2025-12-24,PROD0088,2,0.1,14.58,Online,Credit Card,Delivered,West
ORD005612,CUST01867,06-02-2026,PROD0067,3,0.05,13.46,Online,Net Banking,Delivered,East
ORD005613,CUST01170,2026-02-15,PROD0083,6,0.2,11.36,Online,UPI,Delivered,East
ORD005614,CUST00539,2025-07-09,PROD0082,2,0.05,5.23,Mobile App,Wallet,Returned,North
ORD005615,CUST00673,2026-07-26,PROD0065,2,0.0,0.09,Mobile App,Credit Card,Delivered,West
ORD005616,CUST00940,2025-12-12,PROD0090,6,0.25,6.04,Online,Credit Card,Delivered,West
ORD005617,CUST00245,2026-03-17,PROD0068,2,0.1,12.74,In-Store,Credit Card,Delivered,North
ORD005618,CUST00817,2025-07-06,PROD0017,4,0.3,9.5,In-Store,Credit Card,Delivered,South
ORD005619,CUST01184,2026-04-13,PROD0024,2,0.0,11.21,In-Store,Debit Card,Delivered,East
ORD005620,CUST01692,2025-09-17,PROD0019,5,0.15,24.52,Mobile App,COD,Delivered,South
ORD005621,CUST00927,2025-08-04,PROD0063,3,0.0,8.76,Online,Wallet,Delivered,West
ORD005622,CUST00784,2025-12-16,PROD0084,4,0.25,11.3,Mobile App,Credit Card,Delivered,North
ORD005623,CUST00328,2026-03-27,PROD0103,2,0.2,3.34,Mobile App,Net Banking,Delivered,South
ORD005624,CUST01942,2026-01-27,PROD0027,5,0.0,1.2,Online,Credit Card,Delivered,North
ORD005625,CUST00828,2026-05-19,PROD0071,3,0.15,19.39,Mobile App,Wallet,Delivered,East
ORD005626,CUST01875,2026-03-24,PROD0088,5,0.3,14.27,Mobile App,Debit Card,Pending,North
ORD005627,CUST00266,2026-04-06,PROD0117,6,0.0,19.02,Online,UPI,Delivered,South
ORD005628,CUST01879,2026-05-23,PROD0013,1,0.05,3.75,Mobile App,COD,Delivered,South
ORD005629,CUST01760,2026-03-15,PROD0002,3,0.0,14.3,Mobile App,Net Banking,Cancelled,North
ORD005630,CUST00879,2025-11-28,PROD0023,1,0.0,6.34,Mobile App,Net Banking,Delivered,East
ORD005631,CUST01239,2026-03-02,PROD0098,1,0.3,5.7,In-Store,COD,Delivered,West
ORD005632,CUST01712,2025-12-26,PROD0053,4,0.0,0.29,In-Store,Net Banking,Delivered,South
ORD005633,CUST01501,2025-09-09,PROD0119,4,0.05,3.26,Mobile App,COD,Delivered,South
ORD005634,CUST00326,0000-00-00,PROD0070,1,0.1,7.73,Online,Wallet,Delivered,North
ORD005635,CUST01981,2026-06-02,PROD0044,6,0.25,2.92,Online,Wallet,Delivered,South
ORD005636,CUST01215,2026-06-21,PROD0017,6,0.05,,In-Store,Net Banking,Delivered,West
ORD005637,CUST00437,2025-11-21,PROD0083,5,0.0,7.72,Online,UPI,Delivered,South
ORD005638,CUST01453,2025-07-16,PROD0062,6,0.0,3.26,Online,Wallet,Delivered,South
ORD005639,CUST00022,2026-02-25,PROD0079,2,0.15,4.98,Online,Wallet,Delivered,North
ORD005640,CUST00261,2026-02-23,PROD0003,6,0.3,14.69,In-Store,Net Banking,Pending,West
ORD005641,CUST00131,2025-11-03,PROD0099,3,0.3,1.6,In-Store,Debit Card,Delivered,South
ORD005642,CUST00808,2026-05-27,PROD0092,1,0.0,21.56,In-Store,UPI,Returned,East
ORD005643,CUST00577,2025-08-05,PROD0027,4,0.0,24.04,Mobile App,COD,Delivered,West
ORD005644,CUST01862,2025-11-22,PROD0043,5,0.1,6.17,Mobile App,Credit Card,Delivered,East
ORD005645,CUST01711,2025-07-10,PROD0014,5,0.0,11.25,In-Store,Wallet,Delivered,West
ORD005646,CUST01710,2025-12-26,PROD0047,4,0.0,0.55,Mobile App,Net Banking,Delivered,South
ORD005647,CUST00271,2026-07-20,PROD0105,6,0.05,16.02,Online,Net Banking,Delivered,North
ORD005648,CUST00483,2026-05-08,PROD0084,6,0.25,10.35,In-Store,Debit Card,Returned,West
ORD005649,CUST01244,2025-08-05,PROD0029,4,0.0,6.75,In-Store,Wallet,Cancelled,West
ORD005650,CUST01782,2026-05-27,PROD0069,4,0.3,5.17,Mobile App,Credit Card,Returned,North
ORD005651,CUST01168,2026-04-08,PROD0026,6,0.2,16.35,In-Store,Wallet,Delivered,East
ORD005652,CUST01661,2025-12-22,PROD0036,6,0.0,10.41,Online,Credit Card,Returned,West
ORD005653,CUST00939,2026-07-20,PROD0120,3,0.25,4.49,Mobile App,Credit Card,Delivered,East
ORD005654,CUST00231,2026-01-21,PROD0034,5,0.25,17.23,Online,COD,Delivered,South
ORD005655,CUST01051,2026-01-09,PROD0081,4,0.0,14.13,In-Store,Wallet,Pending,North
ORD005656,CUST00351,2025-07-31,PROD0072,3,0.3,21.47,Online,COD,Delivered,East
ORD005657,CUST00352,2025-11-05,PROD0023,3,0.0,2.94,Online,Credit Card,Delivered,South
ORD005658,CUST01081,2025-08-06,PROD0112,6,0.0,19.64,Mobile App,Debit Card,Delivered,West
ORD005659,CUST00455,2025-09-28,PROD0086,2,0.05,16.84,Online,Credit Card,Delivered,South
ORD005660,CUST00084,2025-09-26,PROD0050,3,0.0,2.88,Online,Debit Card,Delivered,West
ORD005661,CUST01751,2025-12-03,PROD0076,4,0.2,17.37,Mobile App,Net Banking,Delivered,South
ORD005662,CUST01771,2025-11-06,PROD0095,4,0.0,11.04,Online,COD,Delivered,North
ORD005663,CUST01715,2025-11-15,PROD0082,1,0.3,23.62,Online,COD,Delivered,South
ORD005664,CUST01836,2026-02-20,PROD0043,6,0.0,3.54,Online,Net Banking,Delivered,West
ORD005665,CUST00788,2025-11-26,PROD0070,4,0.0,16.07,In-Store,Net Banking,Delivered,East
ORD005666,CUST00680,2026-01-30,PROD0080,2,0.2,9.55,Online,Credit Card,Delivered,East
ORD005667,CUST01247,2026-03-23,PROD0007,5,0.0,23.92,In-Store,Wallet,Returned,East
ORD005668,CUST00445,2025-12-20,PROD0108,3,0.15,8.25,Online,Debit Card,Delivered,North
ORD005669,CUST01571,2026-01-30,PROD0110,3,0.0,24.05,Mobile App,Net Banking,Delivered,West
ORD005670,CUST00683,2025-10-20,PROD0019,2,0.1,22.54,Online,UPI,Delivered,South
ORD005671,CUST00414,2025-11-21,PROD0067,1,0.2,6.76,Mobile App,Net Banking,Delivered,North
ORD005672,CUST01420,2026-05-27,PROD0071,4,0.05,20.09,In-Store,Wallet,Delivered,East
ORD005673,CUST00018,2025-11-26,PROD0091,1,0.0,24.89,Online,Wallet,Returned,West
ORD005674,CUST01512,2026-04-13,PROD0112,4,0.0,6.32,Online,UPI,Delivered,South
ORD005675,CUST00376,2026-03-05,PROD0117,1,0.05,10.92,Online,Credit Card,Delivered,North
ORD005676,CUST01162,2025-10-20,PROD0122,1,0.3,13.0,Online,Net Banking,Returned,North
ORD005677,CUST01086,2026-07-31,PROD0062,1,0.3,7.37,Mobile App,Credit Card,Delivered,East
ORD005678,CUST02000,2025-08-23,PROD0008,5,0.2,0.38,Online,COD,Delivered,East
ORD005679,CUST01045,2025-09-10,PROD0062,6,0.15,5.5,Online,Net Banking,Delivered,North
ORD005680,CUST01525,2025-12-10,PROD0111,2,0.0,7.05,Online,UPI,Delivered,South
ORD005681,CUST01875,2025-09-09,PROD0062,2,0.15,11.09,In-Store,UPI,Delivered,West
ORD005682,CUST00640,2025-10-18,PROD0063,2,0.2,4.28,Online,Net Banking,Delivered,East
ORD005683,CUST01528,2025-09-17,PROD0038,1,0.0,,Online,Credit Card,Pending,North
ORD005684,CUST00941,2026-02-08,PROD0084,5,0.0,17.62,Online,UPI,Delivered,North
ORD005685,CUST01445,2025-09-21,PROD0104,5,0.15,2.13,Online,UPI,Delivered,South
ORD005686,CUST01961,2025-10-13,PROD0071,3,0.0,16.25,Online,Debit Card,Returned,East
ORD005687,CUST00573,2025-09-29,PROD0057,6,0.15,16.34,Mobile App,Debit Card,Delivered,North
ORD005688,CUST01349,2025-12-14,PROD0115,5,0.0,23.91,In-Store,COD,Delivered,West
ORD005689,CUST00868,2026-01-15,PROD0017,6,0.3,0.08,Mobile App,Net Banking,Delivered,North
ORD005690,CUST01359,2026-06-26,PROD0016,4,0.05,6.2,Mobile App,Credit Card,Delivered,South
ORD005691,CUST01797,2026-06-25,PROD0040,3,0.0,23.19,In-Store,Wallet,Returned,North
ORD005692,CUST00287,2025-12-19,PROD0012,3,0.2,23.3,Mobile App,Debit Card,Delivered,North
ORD005693,CUST01717,2026-07-26,PROD0054,4,0.0,18.01,Online,Credit Card,Delivered,East
ORD005694,CUST01232,2025-11-30,PROD0066,4,0.25,19.14,Mobile App,Net Banking,Delivered,South
ORD005695,CUST01268,2026-03-24,PROD0083,3,0.05,2.29,Mobile App,Wallet,Delivered,East
ORD005696,CUST00816,2025-09-18,PROD0089,5,0.1,12.85,Online,UPI,Delivered,East
ORD005697,CUST01530,0000-00-00,PROD0043,2,0.15,5.79,Online,Credit Card,Pending,South
ORD005698,CUST00991,2025-08-07,PROD0044,2,0.3,4.53,Online,COD,Delivered,North
ORD005699,CUST01928,2026-05-07,PROD0058,6,0.0,20.26,Mobile App,Debit Card,Delivered,East
ORD005700,CUST01054,2026-02-17,PROD0085,6,0.0,3.38,In-Store,Wallet,Delivered,North
ORD005701,CUST00211,2026-04-18,PROD0016,6,0.2,11.72,In-Store,Credit Card,Delivered,North
ORD005702,CUST01723,2026-03-06,PROD0070,3,0.15,23.46,In-Store,Credit Card,Delivered,East
ORD005703,CUST01297,2025-07-22,PROD0097,3,0.0,4.65,Mobile App,Credit Card,Returned,South
ORD005704,CUST00654,2025-07-08,PROD0060,1,0.25,24.45,Mobile App,COD,Pending,North
ORD005705,CUST01561,2025-11-04,PROD0075,1,0.0,24.86,In-Store,Wallet,Delivered,West
ORD005706,CUST01879,2025-08-09,PROD0122,2,0.2,13.89,Online,COD,Delivered,West
ORD005707,CUST01375,2026-05-14,PROD0044,1,0.1,4.25,In-Store,Wallet,Delivered,East
ORD005708,CUST01543,2025-12-13,PROD0114,6,0.0,7.9,In-Store,Debit Card,Delivered,East
ORD005709,CUST01825,2026-06-06,PROD0081,1,0.0,10.61,Mobile App,COD,Delivered,South
ORD005710,CUST00014,2026-07-27,PROD0004,2,0.0,7.73,In-Store,Wallet,Delivered,South
ORD005711,CUST01268,2025-07-23,PROD0049,2,0.0,7.02,Mobile App,Net Banking,Pending,South
ORD005712,CUST00836,2025-08-04,PROD0070,5,0.3,24.31,In-Store,UPI,Delivered,South
ORD005713,CUST01784,2025-08-27,PROD0019,1,0.0,3.83,Mobile App,Credit Card,Delivered,East
ORD005714,CUST00015,2025-09-03,PROD0097,4,0.05,18.33,Mobile App,Debit Card,Delivered,North
ORD005715,CUST00638,2025-09-20,PROD0090,1,0.0,0.01,Online,Net Banking,Delivered,North
ORD005716,CUST01845,2025-08-26,PROD0011,1,0.25,14.9,Online,Wallet,Delivered,East
ORD005717,CUST01004,2025-09-16,PROD0031,2,0.0,22.9,Online,Wallet,Delivered,North
ORD005718,CUST01225,2026-02-17,PROD0093,2,0.0,7.2,In-Store,UPI,Returned,North
ORD005719,CUST01107,2026-05-14,PROD0054,2,0.3,4.64,Mobile App,Credit Card,Delivered,North
ORD005720,CUST00408,0000-00-00,PROD0003,4,0.2,16.29,Mobile App,Credit Card,Delivered,North
ORD005721,CUST01806,2025-11-04,PROD0058,4,0.15,17.82,In-Store,Credit Card,Delivered,South
ORD005722,CUST00043,2026-04-11,PROD0089,2,0.1,17.2,In-Store,COD,Delivered,South
ORD005723,CUST00731,2026-03-06,PROD0037,1,0.05,7.98,Online,UPI,Delivered,North
ORD005724,CUST01082,2026-07-23,PROD0033,1,0.0,6.31,Online,UPI,Returned,West
ORD005725,CUST01570,2026-05-25,PROD0018,5,0.0,23.9,Mobile App,COD,Delivered,West
ORD005726,CUST01369,2025-09-11,PROD0077,2,0.0,23.08,Online,UPI,Delivered,North
ORD005727,CUST00545,2026-03-20,PROD0040,5,0.0,11.43,In-Store,Net Banking,Delivered,North
ORD005728,CUST01410,2026-02-16,PROD0023,5,0.3,21.15,Online,Net Banking,Cancelled,West
ORD005729,CUST01058,2026-05-27,PROD0091,1,0.25,11.31,Mobile App,Credit Card,Returned,North
ORD005730,CUST01798,2026-05-25,PROD0078,4,0.15,10.61,Online,COD,Delivered,East
ORD005731,CUST00077,2025-12-02,PROD0055,3,0.0,3.92,Mobile App,UPI,Returned,North
ORD005732,CUST01797,2025-09-13,PROD0037,3,0.05,10.66,Mobile App,Credit Card,Delivered,North
ORD005733,CUST00604,2025-08-07,PROD0064,4,0.1,13.44,In-Store,Wallet,Cancelled,South
ORD005734,CUST00204,2025-08-31,PROD0072,3,0.3,0.56,Mobile App,Net Banking,Delivered,East
ORD005735,CUST01761,2026-02-20,PROD0072,5,0.2,11.1,Mobile App,UPI,Delivered,North
ORD005736,CUST01913,2026-03-04,PROD0082,1,0.2,19.53,Mobile App,Net Banking,Delivered,East
ORD005737,CUST01577,2026-05-16,PROD0108,2,0.1,17.0,Online,Wallet,Returned,West
ORD005738,CUST00103,2025-12-01,PROD0062,4,0.15,15.88,Online,Credit Card,Delivered,East
ORD005739,CUST00236,2025-08-01,PROD0100,2,0.25,22.74,Online,Net Banking,Delivered,South
ORD005740,CUST01368,2026-06-06,PROD0075,1,0.3,0.45,Mobile App,Wallet,Delivered,North
ORD005741,CUST01476,2025-11-08,PROD0092,5,0.2,13.93,In-Store,Debit Card,Delivered,North
ORD005742,CUST00329,2025-07-22,PROD0099,5,0.25,19.68,Online,Net Banking,Delivered,East
ORD005743,CUST01723,2025-09-02,PROD0068,1,0.05,13.53,In-Store,Credit Card,Delivered,North
ORD005744,CUST00038,2026-02-18,PROD0063,4,0.15,8.1,Mobile App,Wallet,Returned,West
ORD005745,CUST01429,2026-03-15,PROD0117,5,0.25,3.41,Mobile App,Credit Card,Cancelled,North
ORD005746,CUST00911,2025-08-14,PROD0087,6,0.3,22.19,Mobile App,COD,Returned,North
ORD005747,CUST00667,2025-11-05,PROD0075,1,0.25,11.77,In-Store,COD,Delivered,West
ORD005748,CUST00935,2025-08-24,PROD0086,3,0.25,21.95,Mobile App,Debit Card,Returned,South
ORD005749,CUST01955,2026-01-17,PROD0017,5,0.05,14.65,Mobile App,Wallet,Delivered,East
ORD005750,CUST00057,2026-05-20,PROD0040,6,0.1,16.85,Online,Credit Card,Delivered,South
ORD005751,CUST01822,2025-08-13,PROD0076,4,0.15,20.11,Mobile App,Net Banking,Delivered,South
ORD005752,CUST01696,2026-01-20,PROD0012,6,0.0,16.48,In-Store,Net Banking,Delivered,South
ORD005753,CUST01758,2025-10-17,PROD0070,2,0.0,9.95,In-Store,Net Banking,Delivered,West
ORD005754,CUST00216,2025-09-05,PROD0076,3,0.15,12.84,Mobile App,Debit Card,Delivered,South
ORD005755,CUST00816,2025-10-18,PROD0003,1,0.25,20.08,In-Store,COD,Delivered,East
ORD005756,CUST01408,2025-09-04,PROD0018,3,0.15,9.34,Mobile App,Wallet,Cancelled,West
ORD005757,CUST01257,2025-09-18,PROD0036,5,0.1,9.7,Mobile App,Credit Card,Cancelled,North
ORD005758,CUST00372,2026-07-01,PROD0115,5,0.0,2.39,Mobile App,Debit Card,Delivered,West
ORD005759,CUST01502,2026-02-16,PROD0005,5,0.15,22.86,Online,Debit Card,Returned,South
ORD005760,CUST00612,2026-04-25,PROD0076,6,0.25,,Online,UPI,Delivered,South
ORD005761,CUST00974,2025-11-16,PROD0077,4,0.3,16.21,Mobile App,Debit Card,Returned,North
ORD005762,CUST01431,2026-05-04,PROD0118,1,0.3,10.33,Online,UPI,Delivered,West
ORD005763,CUST01282,2025-11-09,PROD0104,3,0.2,10.14,Online,UPI,Delivered,North
ORD005764,CUST00622,2026-05-10,PROD0026,2,0.0,16.99,Mobile App,UPI,Pending,South
ORD005765,CUST00737,2026-07-28,PROD0078,4,0.0,1.68,In-Store,Debit Card,Delivered,West
ORD005766,CUST01290,2025-12-08,PROD0071,4,0.0,14.84,Online,COD,Delivered,North
ORD005767,CUST00423,2026-05-31,PROD0114,4,0.3,19.3,Mobile App,Net Banking,Pending,North
ORD005768,CUST01039,2026-02-05,PROD0062,4,0.05,20.71,Mobile App,Wallet,Delivered,North
ORD005769,CUST01144,2026-06-16,PROD0096,4,0.15,4.26,Mobile App,Credit Card,Delivered,North
ORD005770,CUST01444,2025-10-06,PROD0004,5,0.25,22.44,Online,Debit Card,Delivered,West
ORD005771,CUST01608,2026-02-17,PROD0100,3,0.05,16.4,Mobile App,UPI,Delivered,South
ORD005772,CUST02000,2026-03-29,PROD0079,5,0.0,22.05,In-Store,Wallet,Cancelled,North
ORD005773,CUST00237,2025-07-21,PROD0010,3,0.3,12.13,Mobile App,Credit Card,Delivered,North
ORD005774,CUST01995,2026-01-26,PROD0113,6,0.3,13.55,Mobile App,Net Banking,Pending,North
ORD005775,CUST01131,2025-09-18,PROD0087,3,0.0,22.98,In-Store,Credit Card,Delivered,North
ORD005776,CUST00697,2025-12-21,PROD0079,3,0.05,22.5,In-Store,Net Banking,Delivered,West
ORD005777,CUST01496,2025-07-21,PROD0063,2,0.2,11.2,In-Store,Credit Card,Delivered,West
ORD005778,CUST00831,2026-04-01,PROD0007,1,0.25,6.86,Mobile App,Wallet,Delivered,South
ORD005779,CUST00761,2026-07-02,PROD0097,6,0.05,9.83,Mobile App,COD,Delivered,West
ORD005780,CUST01149,2026-04-08,PROD0106,6,0.2,9.69,Online,UPI,Delivered,East
ORD005781,CUST00700,2026-04-11,PROD0007,6,0.0,7.17,Online,Debit Card,Delivered,West
ORD005782,CUST01138,2025-07-21,PROD0112,5,0.15,6.71,In-Store,Wallet,Delivered,North
ORD005783,CUST00153,2025-07-04,PROD0121,5,0.25,21.53,In-Store,Debit Card,Delivered,South
ORD005784,CUST01277,2025-11-05,PROD0038,1,0.0,1.75,In-Store,Net Banking,Delivered,North
ORD005785,CUST01716,2025-11-05,PROD0070,2,0.25,16.94,Online,COD,Delivered,East
ORD005786,CUST00948,2026-03-14,PROD0098,1,0.0,4.32,Online,UPI,Delivered,West
ORD005787,CUST01852,2025-09-27,PROD0050,5,0.1,8.61,Online,Wallet,Delivered,West
ORD005788,CUST00595,2025-10-06,PROD0025,5,0.3,1.54,In-Store,Net Banking,Returned,South
ORD005789,CUST00780,2026-03-26,PROD0120,1,0.3,6.75,Online,Wallet,Returned,West
ORD005790,CUST01522,2025-09-26,PROD0044,1,0.0,19.21,Online,Debit Card,Delivered,East
ORD005791,CUST00914,2025-12-10,PROD0121,2,0.2,22.13,Mobile App,Wallet,Delivered,North
ORD005792,CUST01631,2026-01-17,PROD0075,2,0.25,5.54,Mobile App,Wallet,Delivered,South
ORD005793,CUST01509,2025-07-23,PROD0109,3,0.25,11.59,Online,Net Banking,Delivered,North
ORD005794,CUST00824,2025-09-29,PROD0080,4,0.05,11.76,In-Store,Wallet,Delivered,North
ORD005795,CUST00876,2025-07-31,PROD0005,5,0.0,21.84,Online,Wallet,Delivered,North
ORD005796,CUST01819,2025-09-25,PROD0101,1,0.15,19.07,In-Store,COD,Delivered,South
ORD005797,CUST01844,2026-03-26,PROD0089,3,0.1,12.83,Online,Wallet,Delivered,North
ORD005798,CUST01354,2026-06-25,PROD0118,3,0.0,16.77,Mobile App,COD,Delivered,North
ORD005799,CUST00161,2025-10-19,PROD0041,3,0.0,21.18,In-Store,Credit Card,Delivered,East
ORD005800,CUST00703,2025-09-06,PROD0080,1,0.2,0.24,Mobile App,Net Banking,Delivered,West
ORD005801,CUST00996,2025-08-31,PROD0096,6,0.1,10.07,Mobile App,COD,Delivered,North
ORD005802,CUST00712,2026-06-25,PROD0008,5,0.05,22.68,Online,Debit Card,Cancelled,West
ORD005803,CUST00645,2026-03-14,PROD0104,5,0.15,18.51,In-Store,Wallet,Delivered,South
ORD005804,CUST00647,2025-10-21,PROD0047,5,0.0,13.57,Online,UPI,Cancelled,South
ORD005805,CUST00022,2025-11-21,PROD0101,1,0.0,13.24,Mobile App,Net Banking,Delivered,South
ORD005806,CUST01942,2025-11-26,PROD0038,2,0.0,8.69,Mobile App,Debit Card,Delivered,East
ORD005807,CUST01064,2026-07-02,PROD0096,3,0.2,13.01,In-Store,UPI,Delivered,North
ORD005808,CUST01219,2025-09-18,PROD0118,1,0.25,16.38,In-Store,Wallet,Delivered,South
ORD005809,CUST00671,2026-04-04,PROD0080,1,0.0,10.46,Online,UPI,Delivered,South
ORD005810,CUST00236,2025-07-28,PROD0002,3,0.05,17.85,Online,Debit Card,Delivered,North
ORD005811,CUST00501,2025-08-24,PROD0018,2,0.0,21.53,In-Store,Debit Card,Delivered,West
ORD005812,CUST00412,2026-03-21,PROD0036,4,0.3,3.87,Mobile App,Net Banking,Delivered,East
ORD005813,CUST01835,2026-06-16,PROD0118,5,0.0,11.29,Online,Net Banking,Delivered,South
ORD005814,CUST00860,2026-06-23,PROD0074,6,0.0,10.2,Online,UPI,Delivered,West
ORD005815,CUST00534,2026-06-25,PROD0039,6,0.2,17.19,Online,Wallet,Delivered,North
ORD005816,CUST00428,2025-07-08,PROD0082,1,0.0,6.25,Online,Debit Card,Delivered,North
ORD005817,CUST01386,2025-12-21,PROD0107,5,0.0,16.01,In-Store,UPI,Returned,East
ORD005818,CUST00289,2026-07-25,PROD0067,4,0.3,21.94,In-Store,Credit Card,Pending,East
ORD005819,CUST01427,2026-07-08,PROD0083,6,0.25,10.45,Mobile App,UPI,Delivered,South
ORD005820,CUST00499,2025-12-14,PROD0014,3,0.1,22.78,Mobile App,Net Banking,Delivered,West
ORD005821,CUST00389,2025-12-30,PROD0079,1,0.0,24.83,Mobile App,Credit Card,Delivered,North
ORD005822,CUST00585,2025-12-14,PROD0099,6,0.25,2.65,Mobile App,Wallet,Pending,North
ORD005823,CUST01294,2026-02-14,PROD0030,5,0.0,5.83,Online,Debit Card,Returned,South
ORD005824,CUST00441,2026-03-05,PROD0090,6,0.3,23.76,Online,Wallet,Delivered,South
ORD005825,CUST00662,2025-08-15,PROD0113,5,0.1,23.96,In-Store,Credit Card,Delivered,South
ORD005826,CUST01841,2025-11-08,PROD0050,2,0.0,2.44,Mobile App,Credit Card,Cancelled,East
ORD005827,CUST00812,2025-10-17,PROD0112,1,0.25,,Mobile App,COD,Delivered,North
ORD005828,CUST00216,2025-10-03,PROD0061,5,0.0,4.03,In-Store,Debit Card,Pending,South
ORD005829,CUST01777,2026-01-20,PROD0010,3,0.25,24.9,Online,UPI,Delivered,East
ORD005830,CUST00151,2025-08-02,PROD0065,6,0.2,4.5,In-Store,UPI,Delivered,East
ORD005831,CUST01931,2026-01-29,PROD0001,6,0.25,12.56,In-Store,Wallet,Delivered,North
ORD005832,CUST00733,2025-08-11,PROD0027,6,0.0,21.21,In-Store,Credit Card,Pending,East
ORD005833,CUST01200,2025-09-13,PROD0101,2,0.2,0.51,In-Store,Net Banking,Pending,West
ORD005834,CUST00958,2026-01-27,PROD0072,5,0.0,15.11,Online,Net Banking,Cancelled,North
ORD005835,CUST01773,2026-01-21,PROD0091,1,0.05,6.93,Mobile App,COD,Delivered,North
ORD005836,CUST00195,2025-11-26,PROD0001,4,0.3,21.56,Online,Credit Card,Returned,North
ORD005837,CUST00456,2026-01-06,PROD0002,6,0.0,7.09,Mobile App,Wallet,Delivered,East
ORD005838,CUST00773,2026-05-10,PROD0002,5,0.1,17.17,Mobile App,Wallet,Delivered,South
ORD005839,CUST01627,0000-00-00,PROD0017,2,0.0,16.86,Online,Net Banking,Delivered,South
ORD005840,CUST01753,2026-05-29,PROD0026,1,0.25,5.54,Mobile App,UPI,Pending,East
ORD005841,CUST01221,2026-03-06,PROD0050,4,0.0,0.87,Mobile App,Wallet,Cancelled,West
ORD005842,CUST00779,2025-10-27,PROD0007,1,0.1,10.23,Mobile App,COD,Delivered,West
ORD005843,CUST00429,2026-06-26,PROD0038,4,0.0,7.23,Mobile App,Wallet,Delivered,South
ORD005844,CUST00673,2025-11-12,PROD0108,3,0.15,20.22,In-Store,Net Banking,Delivered,North
ORD005845,CUST00966,2025-07-13,PROD0082,5,0.2,20.01,Online,COD,Delivered,South
ORD005846,CUST01678,2026-07-15,PROD0092,1,0.3,11.43,Online,Wallet,Delivered,East
ORD005847,CUST00681,2026-05-16,PROD0080,5,0.05,15.16,Mobile App,Wallet,Delivered,South
ORD005848,CUST01691,2025-11-12,PROD0050,1,0.0,15.11,In-Store,Credit Card,Delivered,North
ORD005849,CUST00404,2025-10-19,PROD0049,2,0.0,20.68,In-Store,Net Banking,Delivered,East
ORD005850,CUST00069,2026-07-04,PROD0093,5,0.0,10.63,In-Store,Net Banking,Delivered,East
ORD005851,CUST01643,2025-09-13,PROD0065,6,0.0,6.89,Mobile App,UPI,Delivered,West
ORD005852,CUST00954,2026-04-22,PROD0114,1,0.3,6.63,Online,Net Banking,Delivered,South
ORD005853,CUST01018,2026-05-01,PROD0114,6,0.0,13.4,In-Store,COD,Delivered,East
ORD005854,CUST01066,2025-11-08,PROD0057,5,0.2,11.23,Online,Credit Card,Pending,South
ORD005855,CUST00740,2026-01-28,PROD0058,2,0.0,11.0,In-Store,Net Banking,Delivered,West
ORD005856,CUST01683,2025-12-06,PROD0046,2,0.15,2.28,In-Store,Net Banking,Delivered,North
ORD005857,CUST01569,2026-07-03,PROD0042,5,0.3,17.97,In-Store,Credit Card,Delivered,North
ORD005858,CUST00945,2025-08-18,PROD0117,5,0.2,5.34,Online,COD,Delivered,South
ORD005859,CUST01454,2025-12-14,PROD0034,1,0.0,4.92,Mobile App,Debit Card,Delivered,North
ORD005860,CUST01249,2025-11-27,PROD0006,1,0.0,10.32,In-Store,COD,Delivered,West
ORD005861,CUST00659,2026-02-09,PROD0009,4,0.05,5.69,Mobile App,Net Banking,Pending,West
ORD005862,CUST00176,2026-04-24,PROD0019,4,0.1,14.6,In-Store,Credit Card,Delivered,South
ORD005863,CUST01103,2026-03-08,PROD0108,3,0.3,9.29,Online,Debit Card,Delivered,North
ORD005864,CUST00143,2026-02-02,PROD0031,6,0.25,11.22,In-Store,UPI,Delivered,South
ORD005865,CUST00204,2025-07-03,PROD0085,2,0.25,13.43,In-Store,COD,Pending,North
ORD005866,CUST01487,2025-07-18,PROD0106,2,0.3,5.09,In-Store,Wallet,Delivered,South
ORD005867,CUST01443,2026-05-29,PROD0090,5,0.3,3.89,Online,Credit Card,Delivered,West
ORD005868,CUST01316,2026-04-08,PROD0051,3,0.0,22.01,In-Store,Credit Card,Delivered,West
ORD005869,CUST01798,2025-07-13,PROD0078,4,0.05,10.84,Online,Credit Card,Delivered,East
ORD005870,CUST00668,2025-07-06,PROD0001,1,0.0,10.3,In-Store,Wallet,Delivered,West
ORD005871,CUST00708,2025-09-26,PROD0032,5,0.0,0.89,Mobile App,COD,Delivered,South
ORD005872,CUST00316,2025-08-17,PROD0008,3,0.3,12.45,Mobile App,UPI,Delivered,East
ORD005873,CUST00091,2025-11-29,PROD0035,4,0.0,13.85,Online,UPI,Delivered,West
ORD005874,CUST01636,2026-05-22,PROD0032,4,0.05,13.97,Mobile App,Net Banking,Pending,North
ORD005875,CUST00455,2025-08-25,PROD0111,1,0.0,17.68,Mobile App,Credit Card,Delivered,South
ORD005876,CUST00477,2026-03-28,PROD0119,6,0.0,4.44,Online,Credit Card,Delivered,East
ORD005877,CUST01982,2025-09-01,PROD0059,3,0.2,6.31,Online,Wallet,Delivered,West
ORD005878,CUST01141,2025-08-07,PROD0112,2,0.25,20.27,Mobile App,Wallet,Delivered,West
ORD005879,CUST00596,2026-05-19,PROD0054,6,0.25,23.68,Online,UPI,Delivered,North
ORD005880,CUST00678,12-26-2025,PROD0002,2,0.0,3.4,Mobile App,UPI,Delivered,South
ORD005881,CUST00099,2026-01-19,PROD0082,2,0.0,12.44,Online,UPI,Returned,East
ORD005882,CUST00930,2026-06-01,PROD0117,3,0.0,5.35,In-Store,COD,Delivered,South
ORD005883,CUST01129,2025-11-24,PROD0025,2,0.0,1.5,In-Store,Debit Card,Cancelled,South
ORD005884,CUST00617,2025-07-05,PROD0039,4,0.0,8.14,Mobile App,UPI,Delivered,North
ORD005885,CUST01905,2025-07-07,PROD0024,2,0.1,3.59,Online,COD,Pending,South
ORD005886,CUST00405,2026-03-14,PROD0034,2,0.1,17.75,In-Store,COD,Delivered,North
ORD005887,CUST01953,2025-11-13,PROD0106,5,0.1,13.34,In-Store,COD,Returned,South
ORD005888,CUST00630,2026-05-23,PROD0103,2,0.15,3.6,Mobile App,UPI,Delivered,West
ORD005889,CUST01584,2025-12-26,PROD0113,3,0.3,0.23,Mobile App,Wallet,Returned,East
ORD005890,CUST00865,2025-08-24,PROD0019,-3,0.25,20.2,Online,UPI,Delivered,North
ORD005891,CUST01644,2026-01-18,PROD0116,1,0.1,4.4,In-Store,COD,Delivered,East
ORD005892,CUST00850,2026-01-21,PROD0002,4,0.15,15.16,Online,Wallet,Delivered,West
ORD005893,CUST01192,2026-05-28,PROD0053,6,0.05,8.42,Online,Debit Card,Delivered,South
ORD005894,CUST00612,2025-11-27,PROD0010,3,0.1,14.64,Mobile App,UPI,Delivered,South
ORD005895,CUST01914,2026-02-09,PROD0006,3,0.15,7.89,In-Store,COD,Returned,East
ORD005896,CUST01222,2025-11-17,PROD0016,1,0.25,2.17,In-Store,Wallet,Delivered,South
ORD005897,CUST01357,2025-09-19,PROD0072,3,0.3,5.57,Mobile App,COD,Returned,North
ORD005898,CUST00636,2025-08-08,PROD0077,3,0.3,4.7,Online,Net Banking,Delivered,North
ORD005899,CUST01496,2026-01-07,PROD0065,5,0.0,10.7,Mobile App,COD,Returned,North
ORD005900,CUST00296,2026-03-26,PROD0021,6,0.25,16.46,In-Store,Net Banking,Delivered,South
ORD005901,CUST00606,2025-12-06,PROD0059,4,0.25,6.6,In-Store,Debit Card,Delivered,North
ORD005902,CUST00480,2026-01-06,PROD0095,3,0.1,0.3,In-Store,Debit Card,Delivered,East
ORD005903,CUST00424,2026-07-07,PROD0005,6,0.0,12.97,Online,COD,Delivered,South
ORD005904,CUST01310,2026-01-29,PROD0098,6,0.15,15.14,Mobile App,COD,Delivered,South
ORD005905,CUST01042,2026-04-19,PROD0104,3,0.3,24.07,In-Store,COD,Delivered,North
ORD005906,CUST00404,01-06-2026,PROD0095,3,0.25,14.74,Mobile App,Debit Card,Cancelled,North
ORD005907,CUST00084,2026-03-30,PROD0045,6,0.0,11.78,In-Store,Net Banking,Pending,East
ORD005908,CUST01095,2026-01-28,PROD0075,2,0.0,14.34,Online,UPI,Delivered,East
ORD005909,CUST01681,2026-04-06,PROD0001,1,0.3,23.2,In-Store,UPI,Returned,West
ORD005910,CUST01470,2025-07-13,PROD0030,3,0.0,20.71,Mobile App,UPI,Delivered,South
ORD005911,CUST01694,2026-07-11,PROD0093,2,0.2,8.07,In-Store,Net Banking,Delivered,West
ORD005912,CUST01487,2025-07-12,PROD0041,6,0.0,5.93,Mobile App,Credit Card,Delivered,North
ORD005913,CUST01353,2026-01-07,PROD0056,6,0.0,6.57,Online,Credit Card,Delivered,North
ORD005914,CUST00296,09-17-2025,PROD0047,6,0.0,12.61,Mobile App,Net Banking,Returned,North
ORD005915,CUST01274,2025-11-27,PROD0022,-3,0.0,18.6,Mobile App,Credit Card,Delivered,East
ORD005916,CUST00279,2025-12-20,PROD0063,1,0.3,12.58,Online,Debit Card,Delivered,North
ORD005917,CUST01903,2025-09-05,PROD0001,2,0.25,1.69,In-Store,Credit Card,Delivered,North
ORD005918,CUST01056,2026-03-30,PROD0086,2,0.0,,In-Store,Net Banking,Cancelled,South
ORD005919,CUST01827,2025-12-23,PROD0119,1,0.05,20.15,Online,Wallet,Delivered,South
ORD005920,CUST00907,2025-11-19,PROD0065,4,0.1,7.24,Mobile App,Net Banking,Returned,South
ORD005921,CUST01336,2026-01-14,PROD0100,6,0.0,16.6,Mobile App,Wallet,Delivered,East
ORD005922,CUST00458,2026-01-16,PROD0086,6,0.0,10.66,Mobile App,Wallet,Delivered,South
ORD005923,CUST01430,2026-05-02,PROD0106,5,0.25,22.23,Online,UPI,Delivered,East
ORD005924,CUST00873,2026-03-17,PROD0029,1,0.0,21.13,In-Store,COD,Cancelled,East
ORD005925,CUST00709,2026-06-20,PROD0035,3,0.1,13.14,Online,COD,Pending,South
ORD005926,CUST01344,2026-07-31,PROD0031,3,0.1,17.29,Mobile App,Credit Card,Returned,South
ORD005927,CUST00993,2026-02-16,PROD0122,3,0.1,,In-Store,Credit Card,Returned,South
ORD005928,CUST01293,2025-11-06,PROD0021,1,0.15,12.39,Online,Wallet,Delivered,North
ORD005929,CUST01517,2026-05-27,PROD0032,2,0.2,7.83,In-Store,Wallet,Delivered,South
ORD005930,CUST01958,2025-12-05,PROD0019,5,0.3,18.84,Mobile App,UPI,Returned,North
ORD005931,CUST01520,2025-10-15,PROD0117,1,0.0,5.5,Online,Wallet,Delivered,West
ORD005932,CUST00159,2026-03-20,PROD0095,5,0.15,9.71,Online,COD,Returned,North
ORD005933,CUST01974,2025-07-06,PROD0028,1,0.15,21.64,Mobile App,Credit Card,Cancelled,North
ORD005934,CUST00045,2026-01-10,PROD0022,6,0.25,18.11,Mobile App,Credit Card,Delivered,South
ORD005935,CUST00565,2026-05-17,PROD0001,1,0.3,10.1,Online,Credit Card,Delivered,South
ORD005936,CUST01909,2025-12-27,PROD0044,2,0.0,5.37,Mobile App,Debit Card,Delivered,West
ORD005937,CUST01699,06-18-2026,PROD0080,5,0.3,8.9,Online,Debit Card,Delivered,South
ORD005938,CUST01855,2026-04-29,PROD0016,3,0.0,7.1,Mobile App,COD,Delivered,East
ORD005939,CUST00886,2025-09-28,PROD0105,5,0.0,4.4,Online,Debit Card,Delivered,South
ORD005940,CUST01844,2025-08-29,PROD0039,5,0.15,18.58,Mobile App,Wallet,Delivered,West
ORD005941,CUST00484,2026-04-08,PROD0034,5,0.15,6.3,Online,Wallet,Delivered,South
ORD005942,CUST00924,2026-01-08,PROD0030,4,0.0,11.35,Mobile App,Debit Card,Pending,North
ORD005943,CUST00572,2026-07-04,PROD0013,6,0.25,9.65,Mobile App,Debit Card,Delivered,West
ORD005944,CUST01549,2025-07-11,PROD0004,6,0.25,24.55,In-Store,UPI,Delivered,South
ORD005945,CUST00994,2025-08-12,PROD0023,1,0.25,9.78,Online,Wallet,Cancelled,West
ORD005946,CUST01106,2026-06-07,PROD0100,6,0.25,2.0,In-Store,Net Banking,Pending,West
ORD005947,CUST00765,12-22-2025,PROD0112,6,0.0,2.25,In-Store,Net Banking,Pending,South
ORD005948,CUST01127,2026-02-08,PROD0027,3,0.2,14.77,Online,Debit Card,Delivered,South
ORD005949,CUST00437,2025-07-03,PROD0116,3,0.15,14.98,Mobile App,Wallet,Cancelled,North
ORD005950,CUST00192,2025-12-21,PROD0070,6,0.0,10.47,Mobile App,UPI,Delivered,West
ORD005951,CUST01143,2026-04-17,PROD0075,2,0.0,10.8,Online,Net Banking,Delivered,West
ORD005952,CUST00101,2025-07-05,PROD0029,5,0.0,1.35,Mobile App,Net Banking,Cancelled,North
ORD005953,CUST00045,2025-08-21,PROD0073,2,0.0,12.91,In-Store,Credit Card,Delivered,West
ORD005954,CUST01687,2025-11-19,PROD0001,4,0.0,12.62,In-Store,Debit Card,Cancelled,North
ORD005955,CUST00880,2026-02-26,PROD0078,6,0.1,3.74,In-Store,Net Banking,Delivered,North
ORD005956,CUST01498,2025-07-25,PROD0107,1,0.05,2.6,Mobile App,Wallet,Delivered,North
ORD005957,CUST01868,2025-11-16,PROD0033,-1,0.0,3.09,Mobile App,Debit Card,Delivered,South
ORD005958,CUST01748,2025-07-31,PROD0074,2,0.0,2.53,Mobile App,COD,Delivered,North
ORD005959,CUST00202,2025-12-16,PROD0014,1,0.1,15.24,Online,Wallet,Returned,West
ORD005960,CUST00643,2025-07-15,PROD0032,1,0.0,4.91,In-Store,Debit Card,Delivered,East
ORD005961,CUST01901,2026-06-15,PROD0099,6,0.15,6.29,In-Store,UPI,Delivered,East
ORD005962,CUST00636,2026-05-07,PROD0024,6,0.2,4.34,In-Store,Net Banking,Delivered,East
ORD005963,CUST01617,2026-05-14,PROD0069,5,0.2,23.95,In-Store,UPI,Delivered,South
ORD005964,CUST00873,2026-05-13,PROD0016,5,0.0,21.37,Online,COD,Returned,South
ORD005965,CUST00657,2025-11-30,PROD0107,2,0.0,5.76,Online,COD,Delivered,South
ORD005966,CUST00776,2025-10-14,PROD0119,1,0.0,8.19,In-Store,UPI,Delivered,North
ORD005967,CUST00075,2025-08-16,PROD0108,4,0.15,5.25,Online,UPI,Delivered,North
ORD005968,CUST00261,2025-09-13,PROD0036,6,0.0,12.3,In-Store,Credit Card,Delivered,South
ORD005969,CUST00678,2026-07-04,PROD0035,2,0.0,0.49,Online,Credit Card,Returned,East
ORD005970,CUST00607,2025-09-03,PROD0018,5,0.2,16.78,In-Store,Debit Card,Delivered,South
ORD005971,CUST00355,2025-09-01,PROD0081,3,0.0,13.08,In-Store,UPI,Delivered,East
ORD005972,CUST00960,2025-07-07,PROD0060,3,0.0,22.47,Online,Net Banking,Delivered,North
ORD005973,CUST00856,2026-06-10,PROD0012,4,0.1,4.11,In-Store,UPI,Delivered,West
ORD005974,CUST01201,2026-05-17,PROD0110,5,0.25,20.1,In-Store,Wallet,Delivered,South
ORD005975,CUST01387,2025-07-31,PROD0026,4,0.2,19.8,Mobile App,COD,Delivered,East
ORD005976,CUST00998,2025-10-16,PROD0036,2,0.05,3.18,Mobile App,Credit Card,Pending,West
ORD005977,CUST01109,2026-02-20,PROD0024,1,0.0,9.96,In-Store,Debit Card,Delivered,West
ORD005978,CUST01322,2026-02-18,PROD0014,3,0.15,4.25,In-Store,Net Banking,Delivered,North
ORD005979,CUST00048,2026-02-03,PROD0108,3,0.15,6.37,Mobile App,Credit Card,Delivered,East
ORD005980,CUST00535,2025-11-19,PROD0097,3,0.2,6.58,Online,Net Banking,Returned,South
ORD005981,CUST00866,2025-11-18,PROD0017,5,0.25,13.91,Online,Debit Card,Delivered,South
ORD005982,CUST00859,2025-11-19,PROD0119,2,0.0,10.29,Mobile App,COD,Delivered,West
ORD005983,CUST01182,2025-10-20,PROD0101,5,0.2,23.69,Mobile App,Debit Card,Returned,East
ORD005984,CUST00489,2026-03-11,PROD0020,3,0.05,3.16,Mobile App,Net Banking,Delivered,North
ORD005985,CUST00930,2026-05-02,PROD0076,1,0.15,24.34,Online,Wallet,Delivered,North
ORD005986,CUST00512,2025-12-25,PROD0088,5,0.15,5.77,In-Store,Debit Card,Returned,West
ORD005987,CUST00581,06-09-2026,PROD0121,4,0.2,19.32,Mobile App,Credit Card,Delivered,East
ORD005988,CUST00138,2026-04-18,PROD0043,4,0.0,8.47,In-Store,Debit Card,Delivered,East
ORD005989,CUST01224,2026-01-12,PROD0117,3,0.2,3.58,Mobile App,Net Banking,Delivered,South
ORD005990,CUST00855,2025-07-03,PROD0008,1,0.1,21.45,Mobile App,Wallet,Delivered,South
ORD005991,CUST00994,2025-09-07,PROD0015,4,0.0,7.72,Online,Credit Card,Delivered,North
ORD005992,CUST00163,2026-01-19,PROD0093,1,0.0,16.47,In-Store,Wallet,Pending,North
ORD005993,CUST01443,2026-01-20,PROD0084,2,0.3,14.16,Online,Debit Card,Cancelled,North
ORD005994,CUST01625,2025-09-01,PROD0069,1,0.0,11.79,Online,COD,Delivered,South
ORD005995,CUST00599,2026-03-25,PROD0079,5,0.25,,Mobile App,Debit Card,Delivered,South
ORD005996,CUST01198,2025-10-03,PROD0029,1,0.0,18.31,Online,Net Banking,Delivered,West
ORD005997,CUST00713,2025-12-22,PROD0120,3,0.3,2.19,Mobile App,Debit Card,Delivered,South
ORD005998,CUST00282,2026-02-10,PROD0044,6,0.25,16.7,In-Store,Debit Card,Delivered,West
ORD005999,CUST00547,2025-08-16,PROD0092,5,0.0,22.4,Mobile App,Wallet,Delivered,South
ORD006000,CUST00642,2026-07-18,PROD0105,3,0.1,1.44,Mobile App,Credit Card,Delivered,South
ORD006001,CUST00113,2026-02-23,PROD0036,6,0.1,3.52,Mobile App,Wallet,Delivered,North
ORD006002,CUST01132,2026-07-26,PROD0079,3,0.0,17.92,Mobile App,Net Banking,Returned,South
ORD006003,CUST00411,2026-01-09,PROD0064,1,0.1,10.93,Online,Net Banking,Delivered,West
ORD006004,CUST01086,2026-06-20,PROD0026,5,0.3,10.09,In-Store,Wallet,Delivered,East
ORD006005,CUST01282,2026-03-11,PROD0043,6,0.0,3.42,In-Store,Net Banking,Pending,North
ORD006006,CUST00635,2026-03-11,PROD0008,3,0.25,12.67,Online,Debit Card,Delivered,West
ORD006007,CUST00185,2025-11-06,PROD0075,4,0.25,3.16,Mobile App,UPI,Delivered,East
ORD006008,CUST00862,2026-03-01,PROD0014,2,0.15,11.92,Online,Net Banking,Delivered,South
ORD006009,CUST01372,2026-07-24,PROD0058,1,0.0,19.09,Mobile App,Debit Card,Delivered,East
ORD006010,CUST00913,2025-07-20,PROD0005,4,0.0,6.46,In-Store,UPI,Delivered,West
ORD006011,CUST00982,0000-00-00,PROD0090,6,0.0,12.02,In-Store,Wallet,Delivered,East
ORD006012,CUST01972,2025-10-06,PROD0005,2,0.15,24.8,Mobile App,Wallet,Delivered,South
ORD006013,CUST01608,2026-01-16,PROD0105,4,0.25,17.17,In-Store,UPI,Delivered,South
ORD006014,CUST00610,2025-09-27,PROD0057,-3,0.1,21.03,Online,Net Banking,Delivered,South
ORD006015,CUST00812,2025-09-19,PROD0011,3,0.15,10.37,Mobile App,COD,Delivered,East
ORD006016,CUST00547,2025-11-15,PROD0078,6,0.3,19.2,Mobile App,Wallet,Delivered,North
ORD006017,CUST00991,2026-06-13,PROD0018,1,0.15,1.01,In-Store,COD,Delivered,North
ORD006018,CUST01203,2026-07-24,PROD0085,3,0.1,3.07,Mobile App,UPI,Delivered,East
ORD006019,CUST01010,2025-11-04,PROD0111,4,0.2,5.08,Mobile App,Credit Card,Delivered,West
ORD006020,CUST01416,2025-08-19,PROD0112,5,0.0,10.05,Mobile App,Wallet,Cancelled,North
ORD006021,CUST00039,2026-02-09,PROD0096,4,0.25,21.14,Mobile App,Credit Card,Returned,West
ORD006022,CUST00064,2026-03-29,PROD0108,4,0.1,8.66,In-Store,Net Banking,Delivered,East
ORD006023,CUST00262,2026-06-29,PROD0019,1,0.0,16.37,Online,Debit Card,Pending,North
ORD006024,CUST01696,2026-02-13,PROD0083,4,0.05,17.73,Mobile App,Credit Card,Delivered,North
ORD006025,CUST01966,2026-05-04,PROD0061,3,0.3,14.65,In-Store,Net Banking,Delivered,South
ORD006026,CUST00413,2025-10-13,PROD0051,4,0.25,8.93,Mobile App,UPI,Delivered,East
ORD006027,CUST01949,2025-07-31,PROD0023,2,0.15,14.43,Mobile App,Credit Card,Delivered,East
ORD006028,CUST01078,2026-06-26,PROD0066,1,0.3,8.56,Online,Debit Card,Delivered,East
ORD006029,CUST01295,2025-10-07,PROD0118,2,0.0,2.1,Mobile App,Credit Card,Delivered,East
ORD006030,CUST01273,2025-08-13,PROD0083,3,0.0,24.82,In-Store,Debit Card,Returned,North
ORD006031,CUST00305,2025-11-10,PROD0007,4,0.3,3.18,In-Store,Credit Card,Delivered,South
ORD006032,CUST00487,2025-12-17,PROD0023,4,0.3,1.81,Online,UPI,Delivered,East
ORD006033,CUST00865,2026-01-04,PROD0114,6,0.3,21.96,Online,Credit Card,Delivered,West
ORD006034,CUST00745,07-28-2026,PROD0016,6,0.0,7.55,In-Store,Wallet,Delivered,East
ORD006035,CUST01416,2025-12-08,PROD0014,2,0.3,16.26,Mobile App,Debit Card,Pending,West
ORD006036,CUST01781,2025-11-06,PROD0069,6,0.25,8.23,Mobile App,Net Banking,Delivered,North
ORD006037,CUST01901,2026-02-23,PROD0023,1,0.05,9.79,Online,Net Banking,Delivered,North
ORD006038,CUST01691,2025-09-09,PROD0068,3,0.05,6.55,In-Store,Credit Card,Delivered,North
ORD006039,CUST01229,2026-04-16,PROD0012,2,0.0,8.58,Mobile App,UPI,Delivered,East
ORD006040,CUST00445,2025-08-25,PROD0051,4,0.05,10.27,Online,COD,Returned,North
ORD006041,CUST01708,2025-11-26,PROD0121,5,0.05,18.01,Mobile App,Wallet,Delivered,East
ORD006042,CUST01962,2026-01-08,PROD0056,6,0.2,12.79,Mobile App,Debit Card,Delivered,East
ORD006043,CUST01617,2025-08-31,PROD0027,6,0.0,23.59,Online,Debit Card,Delivered,East
ORD006044,CUST00062,2026-07-19,PROD0118,6,0.0,1.05,In-Store,COD,Delivered,West
ORD006045,CUST01078,2026-06-03,PROD0086,4,0.15,12.58,Online,Credit Card,Delivered,West
ORD006046,CUST00739,2025-10-14,PROD0002,6,0.0,14.61,In-Store,COD,Delivered,West
ORD006047,CUST01536,2026-05-21,PROD0076,1,0.0,23.0,In-Store,Debit Card,Delivered,South
ORD006048,CUST01332,0000-00-00,PROD0069,1,0.1,1.23,Mobile App,UPI,Pending,South
ORD006049,CUST01353,2025-08-17,PROD0097,-3,0.2,14.34,Online,Net Banking,Delivered,South
ORD006050,CUST01220,2025-07-05,PROD0019,4,0.2,21.34,Mobile App,COD,Delivered,East
ORD006051,CUST01422,2025-12-31,PROD0068,6,0.0,6.05,Online,UPI,Returned,East
ORD006052,CUST01278,2026-06-12,PROD0075,1,0.15,21.91,Mobile App,Net Banking,Delivered,South
ORD006053,CUST00863,2026-05-05,PROD0056,2,0.0,0.48,In-Store,Credit Card,Delivered,East
ORD006054,CUST00472,2026-06-16,PROD0077,1,0.15,18.31,In-Store,UPI,Delivered,East
ORD006055,CUST00842,2025-09-25,PROD0112,5,0.0,23.33,Online,Credit Card,Returned,North
ORD006056,CUST01527,2025-07-30,PROD0092,3,0.25,16.43,In-Store,Debit Card,Delivered,South
ORD006057,CUST00337,2025-11-19,PROD0066,2,0.2,10.98,Mobile App,Wallet,Delivered,South
ORD006058,CUST00732,2026-01-09,PROD0089,5,0.15,1.12,In-Store,Credit Card,Delivered,West
ORD006059,CUST00535,2026-01-12,PROD0009,4,0.2,23.0,In-Store,COD,Delivered,East
ORD006060,CUST00353,2026-02-25,PROD0001,4,0.1,11.76,Online,Debit Card,Delivered,West
ORD006061,CUST01472,2026-01-09,PROD0067,1,0.2,0.72,In-Store,Credit Card,Delivered,South
ORD006062,CUST00279,2026-06-27,PROD0028,6,0.25,17.25,Online,COD,Delivered,North
ORD006063,CUST00988,2025-10-18,PROD0010,1,0.0,12.05,Mobile App,UPI,Delivered,South
ORD006064,CUST00391,2025-09-13,PROD0101,1,0.25,3.11,In-Store,Debit Card,Delivered,South
ORD006065,CUST00366,2026-03-04,PROD0014,2,0.2,5.36,Mobile App,Credit Card,Returned,East
ORD006066,CUST00837,2025-08-09,PROD0111,3,0.25,1.61,Mobile App,Net Banking,Delivered,South
ORD006067,CUST01447,2025-09-06,PROD0039,1,0.1,14.36,Mobile App,Net Banking,Delivered,East
ORD006068,CUST00952,2025-08-27,PROD0048,1,0.0,15.55,In-Store,Wallet,Delivered,North
ORD006069,CUST01509,2026-01-11,PROD0051,4,0.05,12.64,In-Store,Net Banking,Delivered,North
ORD006070,CUST01796,2026-03-21,PROD0038,3,0.3,20.43,In-Store,Debit Card,Delivered,South
ORD006071,CUST00012,2026-07-08,PROD0109,6,0.15,21.53,In-Store,Net Banking,Delivered,South
ORD006072,CUST01852,2025-10-12,PROD0098,5,0.15,15.39,Mobile App,Credit Card,Returned,North
ORD006073,CUST01865,2026-01-30,PROD0068,2,0.0,0.32,In-Store,Credit Card,Delivered,North
ORD006074,CUST00953,2025-10-07,PROD0012,5,0.0,17.38,In-Store,Credit Card,Delivered,East
ORD006075,CUST01002,2026-06-26,PROD0117,5,0.0,10.45,Online,Credit Card,Delivered,North
ORD006076,CUST00225,2025-10-08,PROD0107,5,0.0,14.14,Online,Net Banking,Returned,South
ORD006077,CUST01326,2026-05-25,PROD0065,5,0.1,16.23,Online,COD,Delivered,East
ORD006078,CUST01094,2026-05-05,PROD0096,5,0.3,8.76,Mobile App,Wallet,Delivered,South
ORD006079,CUST01924,2026-06-10,PROD0041,3,0.0,22.93,In-Store,Credit Card,Returned,North
ORD006080,CUST01217,2026-02-06,PROD0096,1,0.05,3.35,Mobile App,Net Banking,Delivered,East
ORD006081,CUST01013,2025-08-07,PROD0054,6,0.15,16.79,Mobile App,Net Banking,Returned,East
ORD006082,CUST01721,2026-03-25,PROD0008,6,0.1,0.11,Mobile App,UPI,Cancelled,North
ORD006083,CUST00455,2026-06-03,PROD0075,6,0.15,23.12,Online,Net Banking,Delivered,West
ORD006084,CUST00419,2025-12-26,PROD0085,4,0.1,2.81,Online,Debit Card,Cancelled,South
ORD006085,CUST00306,2025-10-05,PROD0071,4,0.0,2.37,Mobile App,Debit Card,Delivered,North
ORD006086,CUST00555,2025-12-07,PROD0005,5,0.2,8.33,In-Store,Debit Card,Returned,South
ORD006087,CUST01241,2025-08-09,PROD0023,2,0.0,9.34,Mobile App,Net Banking,Delivered,East
ORD006088,CUST00195,2026-04-28,PROD0054,5,0.2,5.36,Mobile App,Net Banking,Delivered,East
ORD006089,CUST00756,2026-01-05,PROD0087,1,0.0,14.63,Online,Credit Card,Delivered,North
ORD006090,CUST01635,2025-07-20,PROD0033,6,0.0,11.07,In-Store,Debit Card,Delivered,South
ORD006091,CUST00253,2025-11-06,PROD0025,3,0.15,0.85,In-Store,UPI,Cancelled,West
ORD006092,CUST00892,2025-10-09,PROD0041,4,0.3,7.99,Mobile App,COD,Delivered,North
ORD006093,CUST00087,2025-08-17,PROD0010,5,0.0,20.26,Online,COD,Delivered,East
ORD006094,CUST01814,2026-06-16,PROD0087,4,0.0,17.24,In-Store,Debit Card,Delivered,North
ORD006095,CUST01956,2026-02-13,PROD0060,3,0.15,18.12,In-Store,COD,Delivered,West
ORD006096,CUST00928,2026-06-07,PROD0114,2,0.3,17.45,Online,Debit Card,Delivered,South
ORD006097,CUST01768,2026-01-11,PROD0007,4,0.05,7.77,Online,UPI,Delivered,West
ORD006098,CUST01391,2026-01-06,PROD0070,5,0.0,2.49,Mobile App,Debit Card,Delivered,South
ORD006099,CUST00205,2026-06-19,PROD0063,3,0.0,6.81,Online,Credit Card,Delivered,South
ORD006100,CUST00292,2025-10-21,PROD0026,4,0.1,20.79,In-Store,UPI,Delivered,South
ORD006101,CUST00489,2026-05-15,PROD0004,4,0.0,24.51,Online,UPI,Delivered,North
ORD006102,CUST00584,2025-07-02,PROD0110,4,0.05,12.35,Mobile App,Wallet,Pending,East
ORD006103,CUST01296,2025-11-09,PROD0070,3,0.25,0.24,Mobile App,COD,Delivered,East
ORD006104,CUST00369,2025-11-08,PROD0111,5,0.15,3.5,In-Store,Debit Card,Cancelled,East
ORD006105,CUST01629,2025-12-04,PROD0026,1,0.3,8.05,Online,Wallet,Delivered,North
ORD006106,CUST00443,2025-12-26,PROD0032,6,0.0,14.46,Online,Credit Card,Delivered,West
ORD006107,CUST00792,2026-06-30,PROD0007,4,0.1,1.88,Mobile App,Net Banking,Delivered,West
ORD006108,CUST00996,2025-09-03,PROD0082,1,0.3,23.58,Online,UPI,Delivered,South
ORD006109,CUST01410,2026-03-07,PROD0030,5,0.0,9.13,Mobile App,Wallet,Delivered,East
ORD006110,CUST01635,2026-01-05,PROD0101,6,0.15,22.81,In-Store,Wallet,Returned,West
ORD006111,CUST00264,2025-07-23,PROD0084,5,0.15,19.51,In-Store,Credit Card,Delivered,South
ORD006112,CUST01285,2025-10-05,PROD0076,1,0.15,18.89,Mobile App,Credit Card,Cancelled,West
ORD006113,CUST01574,2026-05-24,PROD0043,2,0.0,15.17,Online,Net Banking,Delivered,East
ORD006114,CUST01181,2025-11-03,PROD0053,1,0.0,15.67,In-Store,Debit Card,Pending,North
ORD006115,CUST00973,2025-08-26,PROD0011,5,0.1,15.95,Online,Debit Card,Delivered,North
ORD006116,CUST01965,2025-09-20,PROD0052,6,0.2,15.72,Online,COD,Delivered,South
ORD006117,CUST01699,2026-01-30,PROD0067,1,0.3,13.84,In-Store,Net Banking,Delivered,West
ORD006118,CUST01761,2026-03-13,PROD0006,4,0.0,24.66,Mobile App,Net Banking,Delivered,South
ORD006119,CUST00370,2026-05-31,PROD0047,2,0.25,18.31,In-Store,Debit Card,Delivered,East
ORD006120,CUST01256,2026-02-06,PROD0009,2,0.0,19.42,In-Store,Net Banking,Delivered,North
ORD006121,CUST01628,2026-05-14,PROD0042,1,0.2,21.81,Mobile App,Credit Card,Delivered,South
ORD006122,CUST01914,2026-03-02,PROD0082,4,0.25,5.39,Mobile App,Wallet,Delivered,East
ORD006123,CUST01315,2026-03-24,PROD0067,6,0.15,2.1,In-Store,Net Banking,Delivered,East
ORD006124,CUST00605,2026-04-03,PROD0113,6,0.0,12.07,In-Store,Debit Card,Delivered,West
ORD006125,CUST00302,2026-06-23,PROD0076,2,0.0,12.85,Online,Net Banking,Delivered,North
ORD006126,CUST00857,2025-08-10,PROD0024,4,0.3,20.73,Online,Credit Card,Returned,South
ORD006127,CUST00359,2026-03-08,PROD0005,4,0.3,11.09,In-Store,COD,Delivered,West
ORD006128,CUST01052,2026-06-03,PROD0023,5,0.3,14.27,In-Store,Wallet,Delivered,East
ORD006129,CUST00462,2026-06-10,PROD0117,1,0.0,13.18,Mobile App,Credit Card,Delivered,North
ORD006130,CUST00428,2026-04-15,PROD0026,3,0.1,0.96,Online,Debit Card,Delivered,South
ORD006131,CUST01534,2026-04-19,PROD0040,3,0.0,15.38,Online,Debit Card,Delivered,South
ORD006132,CUST01523,2025-08-07,PROD0102,5,0.0,20.7,Mobile App,UPI,Cancelled,North
ORD006133,CUST01675,2026-07-20,PROD0031,3,0.05,3.94,Online,Debit Card,Delivered,East
ORD006134,CUST01576,2026-04-18,PROD0025,1,0.0,14.86,Mobile App,Credit Card,Delivered,East
ORD006135,CUST01530,2025-09-15,PROD0021,5,0.0,14.84,In-Store,Debit Card,Delivered,West
ORD006136,CUST01434,12-21-2025,PROD0086,5,0.3,4.1,In-Store,UPI,Delivered,North
ORD006137,CUST00256,2025-10-18,PROD0082,4,0.1,3.09,In-Store,COD,Delivered,East
ORD006138,CUST00417,2026-02-25,PROD0026,3,0.05,24.5,Online,Net Banking,Delivered,West
ORD006139,CUST00186,2025-07-29,PROD0020,2,0.2,9.84,Online,COD,Delivered,East
ORD006140,CUST01919,2026-07-26,PROD0072,5,0.15,,In-Store,Debit Card,Delivered,West
ORD006141,CUST00090,2025-09-06,PROD0079,1,0.25,4.28,In-Store,Net Banking,Delivered,West
ORD006142,CUST00589,2026-05-08,PROD0019,4,0.0,16.69,Online,Wallet,Delivered,West
ORD006143,CUST01654,2025-11-07,PROD0104,4,0.0,15.24,In-Store,COD,Delivered,East
ORD006144,CUST01333,2025-09-06,PROD0065,1,0.0,16.09,Mobile App,COD,Delivered,North
ORD006145,CUST00930,2025-08-04,PROD0044,4,0.25,2.2,Online,Credit Card,Delivered,West
ORD006146,CUST00691,2026-05-11,PROD0101,4,0.15,22.34,In-Store,Credit Card,Delivered,South
ORD006147,CUST01624,2026-04-09,PROD0053,4,0.25,9.73,In-Store,COD,Delivered,North
ORD006148,CUST01663,2025-09-22,PROD0047,5,0.0,7.83,In-Store,UPI,Delivered,North
ORD006149,CUST00754,2025-08-27,PROD0066,4,0.15,11.56,Online,Net Banking,Delivered,South
ORD006150,CUST00628,2025-08-17,PROD0049,4,0.15,9.75,Online,Wallet,Delivered,West
ORD006151,CUST01980,2026-02-10,PROD0038,1,0.15,21.59,Online,Wallet,Delivered,East
ORD006152,CUST01420,2025-11-21,PROD0072,4,0.25,23.23,Mobile App,COD,Delivered,West
ORD006153,CUST00202,2026-04-03,PROD0055,2,0.1,7.59,Mobile App,COD,Delivered,East
ORD006154,CUST01209,2026-02-10,PROD0039,4,0.0,21.6,Mobile App,Credit Card,Delivered,South
ORD006155,CUST01591,2026-07-03,PROD0068,6,0.0,19.54,In-Store,Debit Card,Delivered,East
ORD006156,CUST00421,2026-02-25,PROD0091,5,0.0,23.27,In-Store,COD,Delivered,North
ORD006157,CUST01415,2026-02-20,PROD0110,1,0.0,6.14,Online,Net Banking,Delivered,North
ORD006158,CUST00160,2025-09-21,PROD0106,1,0.1,14.42,In-Store,Debit Card,Delivered,East
ORD006159,CUST01797,12-05-2025,PROD0017,1,0.05,6.86,In-Store,COD,Delivered,South
ORD006160,CUST01349,2025-12-03,PROD0105,3,0.2,20.6,Online,UPI,Delivered,North
ORD006161,CUST01164,2026-04-14,PROD0078,2,0.0,0.13,Online,Wallet,Delivered,West
ORD006162,CUST01691,2025-10-11,PROD0023,3,0.15,14.12,Online,COD,Delivered,North
ORD006163,CUST01686,2026-02-15,PROD0085,5,0.0,8.48,Online,Net Banking,Delivered,North
ORD006164,CUST01315,2025-11-21,PROD0006,5,0.1,8.07,In-Store,Credit Card,Pending,East
ORD006165,CUST01792,2026-03-22,PROD0090,5,0.15,16.12,Online,Debit Card,Delivered,North
ORD006166,CUST01653,2026-07-22,PROD0097,6,0.25,21.29,Mobile App,Credit Card,Delivered,East
ORD006167,CUST00907,2025-08-24,PROD0025,5,0.2,15.23,Online,Debit Card,Delivered,East
ORD006168,CUST01066,2025-08-15,PROD0051,2,0.1,21.33,In-Store,COD,Delivered,North
ORD006169,CUST01131,2025-09-27,PROD0101,2,0.2,6.61,Mobile App,COD,Delivered,North
ORD006170,CUST00634,2026-04-07,PROD0063,5,0.25,12.99,Online,Credit Card,Delivered,South
ORD006171,CUST00472,2026-04-30,PROD0106,4,0.0,11.26,Mobile App,Debit Card,Delivered,West
ORD006172,CUST00340,2026-04-29,PROD0037,6,0.05,0.29,Mobile App,Credit Card,Delivered,West
ORD006173,CUST01155,06-09-2026,PROD0042,3,0.2,13.92,In-Store,Credit Card,Delivered,North
ORD006174,CUST01711,2026-03-22,PROD0051,3,0.0,16.54,In-Store,Debit Card,Delivered,North
ORD006175,CUST00162,2026-05-12,PROD0097,2,0.2,14.8,Online,Wallet,Delivered,West
ORD006176,CUST01904,2025-12-11,PROD0054,5,0.25,18.41,Online,Net Banking,Cancelled,South
ORD006177,CUST01129,2025-11-23,PROD0018,4,0.0,14.28,Mobile App,Wallet,Pending,East
ORD006178,CUST00135,2026-03-18,PROD0111,3,0.0,1.67,Mobile App,Wallet,Delivered,South
ORD006179,CUST01267,2025-12-15,PROD0061,6,0.05,2.91,In-Store,COD,Cancelled,East
ORD006180,CUST00175,2025-09-06,PROD0011,2,0.05,14.91,In-Store,UPI,Delivered,West
ORD006181,CUST00312,2025-12-06,PROD0121,2,0.15,6.87,In-Store,Credit Card,Delivered,East
ORD006182,CUST01838,2026-05-04,PROD0115,5,0.1,1.99,In-Store,Net Banking,Returned,North
ORD006183,CUST00316,2026-06-25,PROD0070,6,0.0,10.74,Online,UPI,Delivered,East
ORD006184,CUST01931,2026-05-22,PROD0084,2,0.2,13.86,Mobile App,Net Banking,Delivered,East
ORD006185,CUST00566,2026-05-02,PROD0091,6,0.0,8.22,Online,COD,Delivered,East
ORD006186,CUST01224,2026-07-21,PROD0037,1,0.0,18.01,In-Store,Wallet,Returned,North
ORD006187,CUST00221,2026-04-20,PROD0109,2,0.0,16.09,In-Store,Wallet,Returned,South
ORD006188,CUST00802,2026-03-25,PROD0036,6,0.15,8.32,Online,Net Banking,Delivered,North
ORD006189,CUST01526,2026-05-30,PROD0122,2,0.25,,Mobile App,COD,Delivered,North
ORD006190,CUST01345,2025-12-01,PROD0021,2,0.15,16.22,Online,Net Banking,Delivered,West
ORD006191,CUST00125,2026-06-21,PROD0057,2,0.1,15.94,Mobile App,Net Banking,Delivered,East
ORD006192,CUST00248,2025-11-17,PROD0110,6,0.0,13.84,Online,Credit Card,Delivered,West
ORD006193,CUST00029,2026-05-18,PROD0062,6,0.0,0.28,Online,Credit Card,Delivered,South
ORD006194,CUST01813,2025-07-02,PROD0036,5,0.0,17.41,In-Store,Credit Card,Delivered,South
ORD006195,CUST00415,2026-01-15,PROD0055,6,0.1,9.4,Online,Credit Card,Pending,West
ORD006196,CUST00093,2026-05-28,PROD0022,2,0.0,23.57,Mobile App,UPI,Delivered,West
ORD006197,CUST01114,2025-10-29,PROD0059,6,0.2,20.45,Mobile App,UPI,Delivered,North
ORD006198,CUST01812,2025-07-17,PROD0056,4,0.0,14.69,In-Store,Credit Card,Delivered,South
ORD006199,CUST00396,2025-10-26,PROD0087,5,0.15,,In-Store,Credit Card,Delivered,North
ORD006200,CUST00025,2025-08-13,PROD0032,1,0.2,5.09,Mobile App,Net Banking,Delivered,North
ORD006201,CUST00399,0000-00-00,PROD0029,2,0.0,8.51,In-Store,UPI,Cancelled,East
ORD006202,CUST01765,2026-01-31,PROD0029,5,0.3,11.91,In-Store,COD,Delivered,South
ORD006203,CUST01158,2025-11-22,PROD0055,3,0.25,7.4,Mobile App,COD,Delivered,North
ORD006204,CUST00270,2025-12-20,PROD0030,3,0.25,12.87,In-Store,Credit Card,Delivered,East
ORD006205,CUST00857,2025-09-26,PROD0018,2,0.3,4.13,Mobile App,Wallet,Pending,West
ORD006206,CUST01834,2026-07-01,PROD0071,2,0.1,24.44,Mobile App,Wallet,Delivered,South
ORD006207,CUST01252,2025-11-02,PROD0090,2,0.25,2.7,Online,Debit Card,Delivered,West
ORD006208,CUST00919,2026-05-19,PROD0114,3,0.05,23.3,In-Store,Net Banking,Delivered,East
ORD006209,CUST00584,2026-01-16,PROD0059,6,0.0,22.84,Online,UPI,Returned,South
ORD006210,CUST01902,2026-06-03,PROD0063,5,0.2,13.13,Online,UPI,Delivered,East
ORD006211,CUST00464,2025-11-03,PROD0030,4,0.05,18.12,Mobile App,Debit Card,Delivered,East
ORD006212,CUST01857,2025-10-19,PROD0050,3,0.1,10.9,In-Store,Credit Card,Delivered,North
ORD006213,CUST01978,2025-12-22,PROD0027,3,0.05,15.75,Online,UPI,Returned,North
ORD006214,CUST00069,01-11-2026,PROD0078,4,0.0,8.51,In-Store,Credit Card,Delivered,East
ORD006215,CUST00751,2025-09-10,PROD0034,3,0.0,7.53,Online,UPI,Delivered,North
ORD006216,CUST01230,2025-08-12,PROD0029,2,0.0,14.46,Mobile App,Wallet,Delivered,East
ORD006217,CUST01551,2026-06-25,PROD0053,3,0.15,12.45,Mobile App,Net Banking,Delivered,East
ORD006218,CUST00821,2026-04-27,PROD0014,3,0.2,14.49,In-Store,Credit Card,Delivered,West
ORD006219,CUST00493,2025-08-27,PROD0094,4,0.3,7.17,Online,COD,Delivered,North
ORD006220,CUST00371,2026-01-25,PROD0015,6,0.0,9.17,Online,Net Banking,Delivered,West
ORD006221,CUST01520,2025-11-08,PROD0049,4,0.05,2.1,Online,Debit Card,Delivered,South
ORD006222,CUST00805,2025-11-22,PROD0027,4,0.0,1.31,Online,Net Banking,Delivered,North
ORD006223,CUST01325,2026-04-24,PROD0019,4,0.15,6.34,Online,Net Banking,Delivered,North
ORD006224,CUST00168,2025-07-04,PROD0071,3,0.1,1.86,In-Store,Net Banking,Delivered,West
ORD006225,CUST01297,2025-08-14,PROD0011,6,0.3,2.59,In-Store,Wallet,Delivered,North
ORD006226,CUST01725,2026-06-20,PROD0004,5,0.0,20.32,Online,Wallet,Delivered,South
ORD006227,CUST00782,2026-06-16,PROD0044,6,0.05,0.97,In-Store,COD,Delivered,West
ORD006228,CUST00315,2026-04-27,PROD0021,3,0.15,16.47,In-Store,Wallet,Returned,North
ORD006229,CUST00229,2026-05-26,PROD0090,4,0.2,6.81,In-Store,Debit Card,Delivered,East
ORD006230,CUST01990,2026-04-05,PROD0121,6,0.15,21.79,In-Store,Net Banking,Delivered,East
ORD006231,CUST00372,2025-11-26,PROD0046,5,0.2,,In-Store,Debit Card,Delivered,East
ORD006232,CUST00084,2026-05-06,PROD0067,5,0.15,,Online,Net Banking,Delivered,East
ORD006233,CUST01704,2025-11-15,PROD0009,5,0.0,,In-Store,Wallet,Delivered,South
ORD006234,CUST01922,2025-08-11,PROD0001,3,0.0,9.55,In-Store,UPI,Returned,West
ORD006235,CUST01699,2025-11-25,PROD0086,3,0.0,14.11,In-Store,Wallet,Delivered,North
ORD006236,CUST00768,2025-09-14,PROD0075,3,0.05,2.86,In-Store,Wallet,Delivered,North
ORD006237,CUST01240,2025-12-02,PROD0117,4,0.2,24.92,Online,Debit Card,Delivered,West
ORD006238,CUST01012,2025-12-07,PROD0084,5,0.25,10.64,Online,Credit Card,Delivered,West
ORD006239,CUST01402,2026-07-14,PROD0043,2,0.3,8.71,Mobile App,COD,Delivered,North
ORD006240,CUST00739,2026-01-22,PROD0029,3,0.1,17.76,Online,Debit Card,Delivered,West
ORD006241,CUST00016,2026-06-18,PROD0007,1,0.0,9.1,Mobile App,UPI,Delivered,East
ORD006242,CUST01583,2026-05-27,PROD0109,2,0.0,20.83,In-Store,COD,Delivered,South
ORD006243,CUST00754,2026-07-29,PROD0030,5,0.0,11.36,Mobile App,Debit Card,Delivered,South
ORD006244,CUST00983,2026-04-09,PROD0041,5,0.3,17.99,In-Store,Net Banking,Pending,South
ORD006245,CUST00496,2026-01-08,PROD0035,3,0.1,2.69,Online,Net Banking,Delivered,South
ORD006246,CUST01830,2025-12-27,PROD0053,4,0.0,21.15,In-Store,Debit Card,Delivered,East
ORD006247,CUST01044,2026-07-01,PROD0006,4,0.0,18.39,Online,Credit Card,Returned,West
ORD006248,CUST01290,2026-04-24,PROD0064,4,0.2,5.29,Mobile App,Credit Card,Delivered,South
ORD006249,CUST00700,2025-07-10,PROD0103,4,0.15,3.63,In-Store,Net Banking,Delivered,West
ORD006250,CUST00426,2026-01-11,PROD0099,1,0.0,7.91,Online,Debit Card,Delivered,West
ORD006251,CUST00698,2026-07-21,PROD0061,1,0.15,24.4,Mobile App,Net Banking,Delivered,East
ORD006252,CUST01254,2025-09-05,PROD0119,6,0.0,6.42,Online,COD,Delivered,West
ORD006253,CUST00932,2026-05-16,PROD0085,4,0.1,11.4,In-Store,UPI,Cancelled,South
ORD006254,CUST01147,2026-06-07,PROD0098,1,0.0,0.75,Online,COD,Returned,West
ORD006255,CUST01516,2026-04-23,PROD0013,6,0.0,9.93,Mobile App,COD,Delivered,West
ORD006256,CUST00808,2026-07-01,PROD0108,4,0.0,14.28,Mobile App,UPI,Delivered,South
ORD006257,CUST01833,2026-04-09,PROD0060,1,0.05,23.83,Mobile App,Credit Card,Delivered,East
ORD006258,CUST00063,2026-06-10,PROD0082,5,0.0,12.92,Online,UPI,Delivered,South
ORD006259,CUST01510,2026-04-27,PROD0054,4,0.0,20.48,Mobile App,COD,Delivered,North
ORD006260,CUST01446,2025-11-04,PROD0057,1,0.0,13.68,Online,UPI,Delivered,South
ORD006261,CUST01443,2026-03-10,PROD0009,3,0.0,1.02,Online,UPI,Returned,South
ORD006262,CUST01377,2026-06-09,PROD0060,5,0.3,7.88,Mobile App,Wallet,Cancelled,East
ORD006263,CUST01403,2025-08-25,PROD0067,4,0.25,14.39,Online,Net Banking,Delivered,East
ORD006264,CUST01540,2026-02-24,PROD0100,3,0.2,23.76,Online,Debit Card,Delivered,West
ORD006265,CUST00977,2026-05-29,PROD0011,4,0.0,21.48,Online,Wallet,Delivered,North
ORD006266,CUST01403,2025-10-14,PROD0038,4,0.0,5.71,In-Store,UPI,Delivered,West
ORD006267,CUST00997,2026-04-15,PROD0069,5,0.3,5.5,In-Store,Debit Card,Delivered,East
ORD006268,CUST01568,2026-01-16,PROD0045,4,0.2,5.03,Online,Debit Card,Delivered,West
ORD006269,CUST01699,2026-05-21,PROD0069,2,0.0,23.06,Online,UPI,Delivered,North
ORD006270,CUST01991,2025-11-20,PROD0014,4,0.0,21.32,Mobile App,UPI,Delivered,West
ORD006271,CUST01638,2025-10-17,PROD0070,6,0.0,19.37,In-Store,Wallet,Delivered,North
ORD006272,CUST01531,2025-10-08,PROD0064,5,0.3,9.82,Mobile App,Credit Card,Cancelled,East
ORD006273,CUST01519,2026-05-07,PROD0027,4,0.1,12.61,In-Store,Debit Card,Pending,North
ORD006274,CUST01002,2026-07-02,PROD0015,4,0.0,11.61,Online,Debit Card,Delivered,North
ORD006275,CUST01088,2025-10-18,PROD0069,5,0.25,6.33,In-Store,Net Banking,Delivered,West
ORD006276,CUST01309,2025-09-29,PROD0089,2,0.0,12.63,Online,COD,Delivered,East
ORD006277,CUST00957,2025-09-03,PROD0013,6,0.2,0.76,Online,Wallet,Delivered,West
ORD006278,CUST01302,2025-10-06,PROD0117,3,0.0,3.3,Mobile App,Credit Card,Delivered,South
ORD006279,CUST00431,2025-11-27,PROD0006,5,0.05,22.16,Mobile App,COD,Delivered,South
ORD006280,CUST01776,2025-08-31,PROD0105,1,0.05,18.79,Mobile App,COD,Cancelled,East
ORD006281,CUST00442,2026-03-20,PROD0047,5,0.25,10.57,Online,Credit Card,Cancelled,South
ORD006282,CUST01474,2025-10-05,PROD0073,3,0.0,12.93,In-Store,Net Banking,Cancelled,South
ORD006283,CUST01892,2026-02-12,PROD0008,1,0.25,9.25,Online,Credit Card,Pending,South
ORD006284,CUST00920,2026-05-28,PROD0116,2,0.0,18.52,Mobile App,COD,Delivered,East
ORD006285,CUST01404,2025-12-21,PROD0024,6,0.2,19.6,Mobile App,UPI,Delivered,South
ORD006286,CUST00511,2025-10-12,PROD0012,4,0.3,19.08,Online,Credit Card,Cancelled,West
ORD006287,CUST01136,2026-02-01,PROD0073,2,0.25,18.07,In-Store,Debit Card,Delivered,South
ORD006288,CUST00730,2026-07-25,PROD0085,6,0.1,5.11,In-Store,Wallet,Cancelled,South
ORD006289,CUST01333,2026-02-13,PROD0013,5,0.3,8.45,In-Store,COD,Delivered,West
ORD006290,CUST00888,2026-06-22,PROD0065,5,0.0,11.75,Mobile App,Debit Card,Delivered,East
ORD006291,CUST00221,2026-05-29,PROD0114,5,0.1,8.27,In-Store,Wallet,Delivered,South
ORD006292,CUST01461,2025-09-11,PROD0088,6,0.15,18.87,Mobile App,Net Banking,Delivered,South
ORD006293,CUST01027,2025-08-02,PROD0015,6,0.0,8.23,In-Store,Credit Card,Cancelled,East
ORD006294,CUST00466,2026-05-13,PROD0026,1,0.25,3.46,Online,Wallet,Cancelled,East
ORD006295,CUST01609,2026-01-29,PROD0033,6,0.2,9.98,Mobile App,Net Banking,Delivered,East
ORD006296,CUST00005,2026-04-21,PROD0011,3,0.15,24.5,Mobile App,Wallet,Delivered,West
ORD006297,CUST00954,2026-03-18,PROD0034,2,0.3,5.65,Mobile App,UPI,Delivered,West
ORD006298,CUST01095,2025-10-17,PROD0052,4,0.1,15.3,In-Store,Wallet,Delivered,North
ORD006299,CUST01383,2025-07-09,PROD0096,2,0.0,10.82,Online,Credit Card,Delivered,West
ORD006300,CUST00009,2026-05-31,PROD0043,4,0.0,1.78,Online,Credit Card,Pending,South
ORD006301,CUST00713,2025-10-03,PROD0046,2,0.15,12.2,Online,Wallet,Returned,South
ORD006302,CUST01133,2026-04-27,PROD0084,1,0.15,17.55,Online,Debit Card,Delivered,South
ORD006303,CUST00861,2026-04-04,PROD0062,3,0.25,12.83,Mobile App,COD,Delivered,North
ORD006304,CUST00814,2025-09-20,PROD0001,3,0.3,21.8,Online,Credit Card,Delivered,East
ORD006305,CUST01777,2026-06-06,PROD0101,5,0.0,7.22,Online,Wallet,Delivered,West
ORD006306,CUST00649,2026-01-31,PROD0062,6,0.05,2.16,Online,Wallet,Delivered,North
ORD006307,CUST00111,2026-01-31,PROD0052,5,0.3,23.41,Mobile App,UPI,Returned,North
ORD006308,CUST00566,2025-12-27,PROD0001,1,0.0,9.45,Mobile App,Credit Card,Delivered,West
ORD006309,CUST01512,2026-05-24,PROD0041,4,0.1,14.41,In-Store,COD,Delivered,North
ORD006310,CUST01855,2026-04-26,PROD0020,2,0.25,19.8,Online,Credit Card,Delivered,South
ORD006311,CUST00829,2026-06-17,PROD0013,5,0.0,8.11,Mobile App,Debit Card,Delivered,South
ORD006312,CUST01904,03-02-2026,PROD0051,6,0.05,17.9,Online,Debit Card,Delivered,North
ORD006313,CUST01719,2025-08-28,PROD0012,2,0.0,3.39,In-Store,Wallet,Cancelled,North
ORD006314,CUST00952,2025-09-18,PROD0034,5,0.15,7.28,In-Store,UPI,Delivered,North
ORD006315,CUST00383,2026-06-01,PROD0092,3,0.05,3.62,Mobile App,Wallet,Cancelled,South
ORD006316,CUST01112,2025-10-31,PROD0084,6,0.0,20.28,Online,COD,Delivered,South
ORD006317,CUST00756,2025-11-08,PROD0073,6,0.15,5.57,Online,Debit Card,Delivered,West
ORD006318,CUST01559,2025-10-26,PROD0033,2,0.0,17.94,In-Store,Credit Card,Delivered,North
ORD006319,CUST01307,2026-03-11,PROD0011,6,0.2,23.58,Mobile App,Net Banking,Delivered,North
ORD006320,CUST01008,2026-06-21,PROD0115,6,0.2,13.19,Mobile App,UPI,Delivered,West
ORD006321,CUST01020,2025-08-26,PROD0040,6,0.0,13.5,Online,Credit Card,Delivered,North
ORD006322,CUST01517,2026-07-22,PROD0056,1,0.2,11.53,In-Store,Debit Card,Delivered,East
ORD006323,CUST01981,2026-03-20,PROD0053,2,0.2,8.15,In-Store,Credit Card,Delivered,West
ORD006324,CUST01797,0000-00-00,PROD0022,5,0.05,11.89,Mobile App,Debit Card,Delivered,North
ORD006325,CUST01315,2026-03-03,PROD0120,2,0.1,15.07,Online,Debit Card,Delivered,East
ORD006326,CUST01729,2026-01-19,PROD0044,4,0.15,24.65,In-Store,Net Banking,Delivered,West
ORD006327,CUST00110,2026-05-29,PROD0077,4,0.2,23.44,In-Store,Wallet,Pending,East
ORD006328,CUST00803,2025-07-14,PROD0093,4,0.2,21.55,Online,Debit Card,Delivered,East
ORD006329,CUST01170,2025-08-08,PROD0120,1,0.0,22.23,In-Store,Net Banking,Cancelled,East
ORD006330,CUST00648,2026-05-07,PROD0055,3,0.2,11.7,Mobile App,Debit Card,Returned,North
ORD006331,CUST01212,2025-09-17,PROD0037,3,0.3,16.44,In-Store,Debit Card,Delivered,East
ORD006332,CUST00113,2025-08-29,PROD0084,6,0.1,22.38,Online,Debit Card,Delivered,West
ORD006333,CUST00535,2026-06-11,PROD0082,5,0.1,9.82,Mobile App,COD,Delivered,East
ORD006334,CUST00947,2026-07-18,PROD0036,4,0.25,24.04,Mobile App,Net Banking,Delivered,South
ORD006335,CUST01515,2026-04-16,PROD0015,3,0.05,10.39,Mobile App,Debit Card,Returned,North
ORD006336,CUST00868,2025-08-24,PROD0014,1,0.15,15.03,Mobile App,COD,Delivered,West
ORD006337,CUST01682,2025-11-05,PROD0113,3,0.0,17.75,Mobile App,Net Banking,Delivered,West
ORD006338,CUST01016,2026-06-07,PROD0069,2,0.0,23.76,Online,Credit Card,Delivered,North
ORD006339,CUST01541,2026-02-14,PROD0087,2,0.05,6.12,Mobile App,Net Banking,Delivered,North
ORD006340,CUST00332,2026-07-17,PROD0062,3,0.15,18.65,In-Store,Wallet,Delivered,North
ORD006341,CUST00187,2025-12-30,PROD0117,1,0.05,13.02,Mobile App,Credit Card,Delivered,West
ORD006342,CUST01449,2025-09-12,PROD0076,6,0.2,6.71,Online,UPI,Returned,South
ORD006343,CUST00671,2025-11-14,PROD0010,6,0.25,19.42,Online,Credit Card,Delivered,East
ORD006344,CUST01725,2026-04-18,PROD0054,3,0.1,13.81,Online,Debit Card,Delivered,North
ORD006345,CUST01064,2026-02-19,PROD0083,3,0.0,16.52,In-Store,UPI,Delivered,East
ORD006346,CUST01230,2026-07-05,PROD0061,4,0.0,8.07,Online,COD,Returned,North
ORD006347,CUST01535,2025-09-07,PROD0061,3,0.1,12.03,Online,COD,Delivered,South
ORD006348,CUST00927,2025-11-15,PROD0047,2,0.1,15.43,In-Store,Debit Card,Delivered,West
ORD006349,CUST00785,2025-08-04,PROD0045,6,0.1,10.12,In-Store,Credit Card,Delivered,South
ORD006350,CUST00302,2026-02-27,PROD0026,3,0.05,4.96,Mobile App,Net Banking,Delivered,West
ORD006351,CUST00834,2025-12-22,PROD0090,4,0.05,24.04,Mobile App,Debit Card,Delivered,East
ORD006352,CUST01861,2026-05-27,PROD0032,3,0.1,12.79,Mobile App,UPI,Delivered,North
ORD006353,CUST01207,2026-03-30,PROD0088,5,0.3,18.35,Mobile App,Wallet,Delivered,East
ORD006354,CUST00954,2026-03-09,PROD0017,4,0.25,10.28,In-Store,Net Banking,Delivered,South
ORD006355,CUST00837,2025-12-11,PROD0110,5,0.0,8.88,Mobile App,Debit Card,Delivered,East
ORD006356,CUST00352,2026-06-06,PROD0106,2,0.0,10.18,In-Store,Net Banking,Delivered,East
ORD006357,CUST01251,2025-10-20,PROD0095,4,0.0,10.23,Mobile App,Credit Card,Delivered,East
ORD006358,CUST00929,2026-05-18,PROD0003,2,0.15,13.6,Online,UPI,Delivered,South
ORD006359,CUST01233,2025-08-14,PROD0122,2,0.1,13.59,Mobile App,Debit Card,Delivered,South
ORD006360,CUST01041,2025-08-15,PROD0105,3,0.15,12.43,In-Store,COD,Delivered,South
ORD006361,CUST00955,2026-07-14,PROD0024,2,0.2,3.37,Mobile App,Credit Card,Delivered,North
ORD006362,CUST01409,2025-09-09,PROD0080,4,0.0,12.4,Online,Net Banking,Cancelled,East
ORD006363,CUST01758,2026-01-12,PROD0097,3,0.25,4.23,In-Store,COD,Cancelled,South
ORD006364,CUST01014,2026-06-11,PROD0027,4,0.0,3.15,Mobile App,Wallet,Delivered,West
ORD006365,CUST00630,2026-07-01,PROD0052,1,0.2,23.32,Mobile App,Credit Card,Pending,West
ORD006366,CUST00231,2026-02-22,PROD0004,6,0.05,15.12,Mobile App,Net Banking,Delivered,South
ORD006367,CUST00316,2026-06-19,PROD0059,4,0.05,16.49,Online,Wallet,Delivered,East
ORD006368,CUST00536,2025-08-19,PROD0059,6,0.15,,In-Store,Wallet,Delivered,East
ORD006369,CUST01645,2025-10-06,PROD0094,4,0.05,22.72,Mobile App,Credit Card,Returned,North
ORD006370,CUST01966,2026-06-03,PROD0117,6,0.0,15.95,Online,COD,Delivered,South
ORD006371,CUST01446,2025-12-18,PROD0034,3,0.2,19.23,In-Store,COD,Returned,North
ORD006372,CUST01812,2026-02-27,PROD0098,5,0.0,9.21,In-Store,Net Banking,Delivered,North
ORD006373,CUST00016,2025-07-27,PROD0022,3,0.15,24.0,In-Store,Wallet,Delivered,South
ORD006374,CUST00266,2026-06-18,PROD0021,2,0.1,20.51,Mobile App,Net Banking,Delivered,South
ORD006375,CUST00090,2026-06-18,PROD0112,5,0.0,21.35,Mobile App,Net Banking,Delivered,West
ORD006376,CUST00644,2025-08-31,PROD0073,5,0.2,4.3,Mobile App,Debit Card,Delivered,West
ORD006377,CUST01148,2026-05-24,PROD0070,5,0.3,6.77,Mobile App,Wallet,Delivered,North
ORD006378,CUST00230,2026-03-23,PROD0067,4,0.0,7.14,In-Store,Credit Card,Delivered,North
ORD006379,CUST01731,2025-12-07,PROD0002,3,0.3,6.77,In-Store,Wallet,Delivered,North
ORD006380,CUST01880,2026-02-08,PROD0070,6,0.0,21.39,Online,Net Banking,Delivered,North
ORD006381,CUST01843,2026-03-28,PROD0099,3,0.3,,Online,Credit Card,Delivered,North
ORD006382,CUST00418,2026-06-30,PROD0111,2,0.2,1.9,Online,COD,Delivered,West
ORD006383,CUST01136,2026-01-24,PROD0120,6,0.25,6.85,In-Store,Wallet,Cancelled,South
ORD006384,CUST00829,2026-03-27,PROD0115,1,0.0,,In-Store,Debit Card,Pending,South
ORD006385,CUST00264,2025-09-05,PROD0121,1,0.0,5.8,Online,Debit Card,Returned,West
ORD006386,CUST01654,2026-04-25,PROD0033,3,0.0,19.95,Mobile App,Net Banking,Delivered,South
ORD006387,CUST00795,2025-09-06,PROD0060,6,0.3,14.08,Mobile App,Wallet,Delivered,South
ORD006388,CUST00962,2025-07-06,PROD0100,5,0.0,0.14,In-Store,Credit Card,Delivered,South
ORD006389,CUST00341,2026-06-11,PROD0073,2,0.25,10.73,Online,Wallet,Returned,North
ORD006390,CUST00591,2025-10-02,PROD0103,4,0.0,10.2,In-Store,Wallet,Delivered,South
ORD006391,CUST00871,2025-12-12,PROD0081,1,0.2,2.85,Mobile App,UPI,Delivered,West
ORD006392,CUST01286,2026-04-28,PROD0015,6,0.0,16.9,Online,Debit Card,Cancelled,West
ORD006393,CUST01884,2026-05-30,PROD0053,2,0.15,17.55,Online,Wallet,Delivered,South
ORD006394,CUST01642,2025-10-03,PROD0051,6,0.1,18.02,In-Store,UPI,Delivered,North
ORD006395,CUST00217,2025-10-09,PROD0119,1,0.05,18.21,Mobile App,Net Banking,Cancelled,North
ORD006396,CUST00965,2025-09-27,PROD0064,4,0.25,0.0,Online,Net Banking,Delivered,North
ORD006397,CUST01522,2026-02-05,PROD0085,4,0.0,23.85,Mobile App,Debit Card,Pending,North
ORD006398,CUST01681,2026-06-11,PROD0059,2,0.2,20.36,In-Store,UPI,Delivered,South
ORD006399,CUST01291,2026-05-24,PROD0006,2,0.25,22.6,Online,Debit Card,Delivered,North
ORD006400,CUST00183,2026-04-09,PROD0011,5,0.0,0.39,In-Store,Credit Card,Pending,West
ORD006401,CUST00040,2026-05-27,PROD0112,1,0.1,23.35,Online,COD,Cancelled,North
ORD006402,CUST01819,2026-03-19,PROD0113,2,0.1,20.24,In-Store,Debit Card,Pending,West
ORD006403,CUST01416,2025-09-30,PROD0115,2,0.0,20.93,Mobile App,UPI,Delivered,North
ORD006404,CUST00629,2026-04-23,PROD0110,1,0.1,2.33,In-Store,Credit Card,Delivered,East
ORD006405,CUST01213,2025-11-24,PROD0004,2,0.2,18.47,In-Store,Wallet,Delivered,North
ORD006406,CUST01331,2025-12-08,PROD0103,3,0.05,24.0,In-Store,Wallet,Delivered,East
ORD006407,CUST00383,2025-08-20,PROD0121,5,0.0,16.96,Online,UPI,Delivered,South
ORD006408,CUST00102,2026-07-26,PROD0034,3,0.3,14.26,Mobile App,Debit Card,Delivered,West
ORD006409,CUST00421,2026-01-20,PROD0073,2,0.05,23.64,Online,Net Banking,Delivered,West
ORD006410,CUST00934,0000-00-00,PROD0030,5,0.0,11.07,In-Store,Wallet,Delivered,North
ORD006411,CUST01052,2025-07-24,PROD0115,4,0.05,14.98,Online,COD,Delivered,South
ORD006412,CUST00604,2025-12-31,PROD0025,4,0.15,11.91,In-Store,Debit Card,Delivered,East
ORD006413,CUST00564,2025-07-31,PROD0093,4,0.15,23.32,In-Store,UPI,Delivered,East
ORD006414,CUST00138,2025-07-04,PROD0006,3,0.0,1.9,Mobile App,Net Banking,Cancelled,West
ORD006415,CUST00136,2026-04-16,PROD0085,4,0.3,12.53,Mobile App,COD,Delivered,West
ORD006416,CUST01971,2025-10-11,PROD0067,3,0.1,17.17,Mobile App,Credit Card,Delivered,North
ORD006417,CUST01967,2026-06-07,PROD0028,6,0.0,19.8,Online,Credit Card,Returned,West
ORD006418,CUST00266,2025-10-09,PROD0037,1,0.0,14.58,In-Store,Wallet,Cancelled,West
ORD006419,CUST01804,2025-08-13,PROD0031,3,0.15,22.72,Mobile App,Credit Card,Delivered,South
ORD006420,CUST01126,2026-03-15,PROD0017,1,0.0,23.55,Online,COD,Delivered,South
ORD006421,CUST00729,2025-11-19,PROD0054,6,0.3,1.61,In-Store,UPI,Delivered,East
ORD006422,CUST01445,2026-05-23,PROD0003,2,0.0,10.06,Online,Debit Card,Delivered,East
ORD006423,CUST01345,2026-01-20,PROD0095,5,0.0,0.59,Mobile App,Debit Card,Delivered,South
ORD006424,CUST00992,2026-01-20,PROD0027,1,0.1,8.24,In-Store,Wallet,Cancelled,West
ORD006425,CUST01233,2026-02-19,PROD0067,3,0.15,13.42,In-Store,Debit Card,Delivered,South
ORD006426,CUST00526,2025-07-18,PROD0024,1,0.0,22.77,Online,Credit Card,Delivered,North
ORD006427,CUST01343,2026-04-12,PROD0111,6,0.2,21.16,Online,Wallet,Delivered,South
ORD006428,CUST00497,2025-09-02,PROD0081,0,0.2,3.19,Mobile App,COD,Cancelled,West
ORD006429,CUST01521,2026-04-23,PROD0005,5,0.25,2.33,Online,Credit Card,Returned,East
ORD006430,CUST00191,2025-12-18,PROD0080,6,0.0,14.73,In-Store,UPI,Delivered,South
ORD006431,CUST01423,2025-11-02,PROD0074,3,0.05,13.3,Online,Credit Card,Delivered,North
ORD006432,CUST00374,2025-07-09,PROD0042,1,0.15,6.66,Online,Net Banking,Delivered,North
ORD006433,CUST01298,2025-12-05,PROD0043,6,0.15,22.49,Mobile App,Debit Card,Delivered,West
ORD006434,CUST01716,2025-12-20,PROD0068,3,0.0,23.18,Mobile App,Credit Card,Delivered,East
ORD006435,CUST00991,2026-04-23,PROD0009,3,0.05,10.07,Mobile App,Debit Card,Delivered,East
ORD006436,CUST00098,2025-07-18,PROD0079,1,0.0,22.26,Mobile App,Net Banking,Delivered,East
ORD006437,CUST01441,2025-09-29,PROD0115,6,0.0,9.6,Mobile App,Wallet,Cancelled,North
ORD006438,CUST00161,2025-09-27,PROD0095,2,0.1,18.42,Mobile App,UPI,Delivered,East
ORD006439,CUST01802,2025-10-20,PROD0108,6,0.1,11.9,In-Store,Net Banking,Delivered,West
ORD006440,CUST01265,2026-03-18,PROD0082,5,0.0,3.06,Online,UPI,Delivered,West
ORD006441,CUST01129,2025-09-06,PROD0048,4,0.0,23.2,In-Store,Wallet,Delivered,North
ORD006442,CUST00628,2026-06-09,PROD0021,1,0.2,11.35,Mobile App,UPI,Delivered,West
ORD006443,CUST00271,2026-02-10,PROD0073,2,0.25,18.36,In-Store,Net Banking,Delivered,East
ORD006444,CUST01947,2026-03-20,PROD0047,1,0.1,9.18,Online,Wallet,Cancelled,West
ORD006445,CUST01963,2025-09-26,PROD0088,2,0.0,0.47,Mobile App,Net Banking,Delivered,West
ORD006446,CUST01948,2026-05-20,PROD0005,5,0.3,,In-Store,Wallet,Delivered,West
ORD006447,CUST01411,2025-08-05,PROD0091,1,0.15,12.41,Online,Debit Card,Pending,South
ORD006448,CUST00634,2026-01-02,PROD0025,3,0.0,17.25,In-Store,Net Banking,Delivered,West
ORD006449,CUST01245,2026-02-22,PROD0027,5,0.25,8.37,Mobile App,Net Banking,Delivered,North
ORD006450,CUST00226,2026-07-26,PROD0072,2,0.0,17.39,Online,Credit Card,Delivered,North
ORD006451,CUST01352,2026-01-02,PROD0119,1,0.15,17.47,In-Store,Debit Card,Delivered,North
ORD006452,CUST00922,2025-11-07,PROD0107,5,0.0,17.6,In-Store,Debit Card,Delivered,East
ORD006453,CUST01343,2025-12-01,PROD0034,6,0.0,12.31,Online,Net Banking,Delivered,West
ORD006454,CUST01186,2025-10-01,PROD0122,2,0.25,22.87,Mobile App,Wallet,Delivered,South
ORD006455,CUST00017,2026-05-23,PROD0099,6,0.3,12.23,In-Store,Net Banking,Delivered,East
ORD006456,CUST01928,2026-05-07,PROD0101,5,0.25,11.26,In-Store,Credit Card,Delivered,West
ORD006457,CUST00914,2026-04-24,PROD0090,6,0.2,4.98,In-Store,UPI,Delivered,North
ORD006458,CUST00907,2025-08-13,PROD0084,6,0.2,7.69,In-Store,Net Banking,Cancelled,West
ORD006459,CUST01581,2026-07-16,PROD0103,4,0.25,1.06,Online,Debit Card,Delivered,West
ORD006460,CUST00104,2026-02-06,PROD0015,6,0.0,15.84,Mobile App,UPI,Delivered,North
ORD006461,CUST01357,2025-11-28,PROD0027,2,0.0,6.21,Mobile App,COD,Delivered,West
ORD006462,CUST01654,2025-11-26,PROD0039,4,0.2,7.6,Online,Credit Card,Returned,West
ORD006463,CUST01014,2026-01-10,PROD0026,3,0.0,19.27,Online,Net Banking,Pending,East
ORD006464,CUST01206,2025-11-15,PROD0095,2,0.0,8.18,Online,Wallet,Delivered,West
ORD006465,CUST00666,2025-11-25,PROD0026,3,0.0,6.05,Mobile App,UPI,Delivered,South
ORD006466,CUST00427,11-29-2025,PROD0089,5,0.3,4.23,Mobile App,Wallet,Delivered,South
ORD006467,CUST01414,2025-12-19,PROD0035,2,0.1,19.37,In-Store,Credit Card,Delivered,West
ORD006468,CUST01613,2026-02-15,PROD0090,3,0.05,3.24,Online,Wallet,Delivered,West
ORD006469,CUST01965,2026-02-17,PROD0121,1,0.0,11.34,Online,Credit Card,Delivered,West
ORD006470,CUST01442,2026-04-20,PROD0037,6,0.15,12.67,Mobile App,Credit Card,Delivered,East
ORD006471,CUST00684,2026-04-19,PROD0070,2,0.1,17.18,Mobile App,Wallet,Delivered,East
ORD006472,CUST00648,2025-09-09,PROD0031,4,0.25,15.83,In-Store,Debit Card,Delivered,North
ORD006473,CUST01870,2025-09-14,PROD0055,2,0.3,20.27,Mobile App,UPI,Cancelled,South
ORD006474,CUST00291,2025-10-07,PROD0091,3,0.05,1.12,Mobile App,Credit Card,Delivered,West
ORD006475,CUST00506,2026-03-02,PROD0042,2,0.1,,Online,COD,Delivered,East
ORD006476,CUST00388,2026-07-18,PROD0007,3,0.1,7.0,Mobile App,Debit Card,Delivered,North
ORD006477,CUST00270,2026-07-12,PROD0009,6,0.0,3.65,Mobile App,UPI,Delivered,West
ORD006478,CUST01875,2026-01-24,PROD0002,6,0.0,7.23,In-Store,Net Banking,Returned,South
ORD006479,CUST00004,2025-12-04,PROD0095,4,0.0,7.74,In-Store,Wallet,Returned,North
ORD006480,CUST01909,2025-09-28,PROD0117,2,0.2,13.05,Online,Wallet,Delivered,West
ORD006481,CUST01488,2026-07-27,PROD0056,6,0.05,16.59,In-Store,Credit Card,Delivered,East
ORD006482,CUST01166,2026-05-16,PROD0067,2,0.25,9.53,Mobile App,COD,Delivered,East
ORD006483,CUST01382,2025-11-23,PROD0048,1,0.15,17.99,In-Store,Credit Card,Delivered,North
ORD006484,CUST00252,2026-02-18,PROD0040,6,0.0,8.4,Mobile App,Credit Card,Delivered,North
ORD006485,CUST01609,2026-07-10,PROD0042,2,0.25,7.26,Online,COD,Delivered,South
ORD006486,CUST01506,12-14-2025,PROD0088,2,0.2,13.53,Online,Debit Card,Delivered,South
ORD006487,CUST00773,2026-02-18,PROD0061,3,0.2,0.59,Online,UPI,Delivered,South
ORD006488,CUST01687,2026-04-09,PROD0083,5,0.25,1.99,Mobile App,Wallet,Delivered,South
ORD006489,CUST01839,2026-03-17,PROD0063,2,0.2,10.45,In-Store,Wallet,Delivered,South
ORD006490,CUST00045,2025-11-17,PROD0021,2,0.2,23.57,In-Store,Net Banking,Delivered,North
ORD006491,CUST00118,2026-02-08,PROD0118,1,0.1,18.04,Mobile App,Wallet,Delivered,South
ORD006492,CUST01887,2025-07-13,PROD0026,5,0.3,2.2,Online,Wallet,Delivered,West
ORD006493,CUST01786,2026-05-29,PROD0098,4,0.0,21.16,Mobile App,COD,Delivered,North
ORD006494,CUST01529,2025-10-07,PROD0019,2,0.0,18.31,Online,UPI,Returned,East
ORD006495,CUST01467,2025-09-23,PROD0069,2,0.1,15.27,In-Store,Debit Card,Cancelled,South
ORD006496,CUST01967,2025-09-12,PROD0119,1,0.0,20.51,Online,COD,Pending,West
ORD006497,CUST01590,2026-07-10,PROD0049,3,0.1,10.1,In-Store,Debit Card,Delivered,West
ORD006498,CUST01588,2026-04-17,PROD0066,3,0.05,5.54,In-Store,COD,Delivered,North
ORD006499,CUST01446,2025-08-26,PROD0035,6,0.0,12.8,In-Store,COD,Cancelled,South
ORD006500,CUST01179,2025-09-25,PROD0046,4,0.0,13.72,Online,COD,Cancelled,East
ORD006501,CUST01269,2025-10-05,PROD0112,4,0.25,13.46,Mobile App,UPI,Returned,East
ORD006502,CUST01807,2026-03-01,PROD0042,3,0.3,14.13,In-Store,Debit Card,Delivered,West
ORD006503,CUST01092,2025-09-02,PROD0086,5,0.15,23.72,In-Store,COD,Delivered,North
ORD006504,CUST01058,2026-04-11,PROD0089,3,0.1,22.56,Online,Debit Card,Delivered,West
ORD006505,CUST00649,2026-07-13,PROD0069,1,0.1,21.89,In-Store,Debit Card,Delivered,South
ORD006506,CUST00236,2026-06-21,PROD0086,2,0.2,20.04,Mobile App,Credit Card,Pending,South
ORD006507,CUST00103,2025-09-01,PROD0052,2,0.0,23.59,Mobile App,Credit Card,Delivered,West
ORD006508,CUST01372,2026-05-05,PROD0032,3,0.25,2.46,In-Store,Debit Card,Delivered,West
ORD006509,CUST00612,2026-06-19,PROD0031,6,0.0,6.63,Online,UPI,Delivered,East
ORD006510,CUST01091,2025-07-19,PROD0007,3,0.0,12.38,Mobile App,Net Banking,Pending,North
ORD006511,CUST01972,2025-10-27,PROD0105,5,0.0,21.16,Mobile App,Credit Card,Returned,East
ORD006512,CUST01096,2025-10-02,PROD0044,6,0.15,12.63,Online,Credit Card,Delivered,South
ORD006513,CUST00084,2025-08-02,PROD0058,1,0.05,18.7,Mobile App,Credit Card,Delivered,South
ORD006514,CUST00385,2026-02-05,PROD0114,4,0.25,3.47,In-Store,Net Banking,Delivered,East
ORD006515,CUST00917,2026-06-14,PROD0081,3,0.25,6.31,Mobile App,Wallet,Delivered,West
ORD006516,CUST00616,2025-11-02,PROD0023,2,0.2,18.29,Mobile App,COD,Delivered,East
ORD006517,CUST01478,2026-05-19,PROD0057,2,0.0,4.12,In-Store,Debit Card,Returned,West
ORD006518,CUST01540,2026-03-05,PROD0001,2,0.0,8.78,Online,COD,Delivered,East
ORD006519,CUST00993,2026-04-09,PROD0111,1,0.0,6.62,In-Store,COD,Delivered,North
ORD006520,CUST00539,2026-06-24,PROD0062,6,0.0,8.75,In-Store,UPI,Cancelled,North
ORD006521,CUST00564,2025-08-11,PROD0085,6,0.0,17.71,In-Store,Net Banking,Delivered,North
ORD006522,CUST00386,2026-03-31,PROD0012,3,0.25,9.2,In-Store,Credit Card,Pending,West
ORD006523,CUST01395,2026-04-11,PROD0051,4,0.2,13.88,Mobile App,COD,Delivered,West
ORD006524,CUST00105,2026-04-21,PROD0069,2,0.2,2.5,Online,UPI,Delivered,South
ORD006525,CUST00774,2026-05-28,PROD0105,1,0.1,20.13,Mobile App,COD,Delivered,North
ORD006526,CUST01762,2025-11-15,PROD0118,5,0.0,9.25,Mobile App,COD,Cancelled,West
ORD006527,CUST00329,2026-07-01,PROD0060,4,0.2,16.21,Mobile App,Net Banking,Cancelled,West
ORD006528,CUST01578,2026-01-25,PROD0098,0,0.0,18.13,In-Store,UPI,Delivered,West
ORD006529,CUST01106,2026-03-16,PROD0031,4,0.25,5.24,Online,Debit Card,Delivered,North
ORD006530,CUST00876,2025-09-12,PROD0034,5,0.15,22.12,Mobile App,Wallet,Delivered,South
ORD006531,CUST01792,2026-04-28,PROD0091,6,0.2,15.41,Online,Debit Card,Delivered,East
ORD006532,CUST01352,2025-11-17,PROD0024,1,0.0,10.72,In-Store,UPI,Delivered,North
ORD006533,CUST01035,2026-03-20,PROD0052,1,0.25,4.56,Mobile App,COD,Delivered,South
ORD006534,CUST00216,2026-07-22,PROD0099,4,0.2,,Online,Credit Card,Delivered,East
ORD006535,CUST01028,2025-10-17,PROD0008,2,0.15,18.88,Online,Credit Card,Returned,West
ORD006536,CUST01482,2025-10-08,PROD0082,1,0.0,5.2,In-Store,Debit Card,Delivered,North
ORD006537,CUST01826,2026-01-24,PROD0041,3,0.25,8.44,Online,Credit Card,Delivered,South
ORD006538,CUST01396,2026-03-23,PROD0061,4,0.15,20.24,Online,Credit Card,Delivered,South
ORD006539,CUST00489,2025-12-01,PROD0036,1,0.3,17.39,Mobile App,Debit Card,Delivered,East
ORD006540,CUST00692,2026-02-22,PROD0114,6,0.0,19.14,Mobile App,Debit Card,Pending,East
ORD006541,CUST00192,2025-11-23,PROD0012,5,0.3,11.03,Mobile App,COD,Delivered,North
ORD006542,CUST01859,2025-09-03,PROD0009,2,0.3,17.91,Mobile App,Wallet,Delivered,South
ORD006543,CUST01005,2026-04-16,PROD0087,5,0.15,9.66,Online,Debit Card,Delivered,North
ORD006544,CUST00783,2025-11-21,PROD0014,1,0.0,5.28,Mobile App,Net Banking,Delivered,East
ORD006545,CUST00069,2025-11-30,PROD0076,6,0.0,15.82,Online,COD,Delivered,North
ORD006546,CUST00576,2026-07-10,PROD0116,1,0.0,24.4,Online,COD,Delivered,North
ORD006547,CUST01255,2025-11-21,PROD0014,4,0.0,7.77,In-Store,UPI,Returned,North
ORD006548,CUST00080,2026-05-12,PROD0067,1,0.15,11.52,Mobile App,COD,Returned,West
ORD006549,CUST00319,2025-11-06,PROD0105,1,0.1,16.85,Mobile App,Wallet,Delivered,West
ORD006550,CUST01913,2025-09-04,PROD0043,-1,0.0,13.54,In-Store,Debit Card,Delivered,East
ORD006551,CUST01326,2025-08-31,PROD0054,2,0.0,21.09,Online,Debit Card,Delivered,West
ORD006552,CUST00888,2025-10-13,PROD0027,5,0.0,19.04,In-Store,Wallet,Delivered,South
ORD006553,CUST00939,2025-12-18,PROD0034,6,0.0,1.46,Mobile App,Credit Card,Delivered,West
ORD006554,CUST01795,2026-01-28,PROD0040,1,0.2,24.96,In-Store,Wallet,Delivered,South
ORD006555,CUST00142,2026-05-23,PROD0058,3,0.15,18.81,In-Store,UPI,Delivered,East
ORD006556,CUST01830,2026-07-20,PROD0120,2,0.3,21.6,Mobile App,COD,Delivered,North
ORD006557,CUST01947,2025-07-29,PROD0114,3,0.3,16.28,In-Store,Credit Card,Delivered,North
ORD006558,CUST00946,2026-04-10,PROD0020,1,0.0,21.41,Mobile App,UPI,Delivered,North
ORD006559,CUST01419,2025-09-16,PROD0085,1,0.0,2.81,Mobile App,COD,Delivered,North
ORD006560,CUST00739,2026-07-24,PROD0063,5,0.05,8.69,Mobile App,COD,Delivered,North
ORD006561,CUST01593,2025-12-25,PROD0116,0,0.05,21.91,Mobile App,Net Banking,Delivered,North
ORD006562,CUST01680,2026-05-31,PROD0001,4,0.2,5.04,In-Store,UPI,Delivered,East
ORD006563,CUST00097,2026-05-20,PROD0121,6,0.25,1.96,In-Store,Wallet,Delivered,South
ORD006564,CUST00094,2026-04-06,PROD0075,6,0.05,19.7,Mobile App,Net Banking,Pending,East
ORD006565,CUST00053,2025-10-24,PROD0037,3,0.2,20.89,Mobile App,UPI,Cancelled,North
ORD006566,CUST01230,2026-06-30,PROD0122,6,0.3,4.07,Mobile App,COD,Delivered,East
ORD006567,CUST01253,2025-12-01,PROD0007,1,0.2,21.36,Mobile App,UPI,Delivered,West
ORD006568,CUST01353,2026-02-27,PROD0003,3,0.15,17.17,Mobile App,Net Banking,Returned,North
ORD006569,CUST00439,2026-03-30,PROD0043,5,0.3,13.0,Online,Debit Card,Delivered,East
ORD006570,CUST01256,2025-09-18,PROD0058,4,0.0,20.76,Online,Credit Card,Delivered,West
ORD006571,CUST00219,2026-07-19,PROD0032,5,0.3,10.48,Online,UPI,Delivered,East
ORD006572,CUST00158,08-21-2025,PROD0119,2,0.2,4.85,Mobile App,Wallet,Delivered,South
ORD006573,CUST00271,2025-10-09,PROD0081,1,0.0,7.12,In-Store,Debit Card,Delivered,East
ORD006574,CUST00872,2025-09-20,PROD0038,2,0.1,12.63,In-Store,Debit Card,Delivered,East
ORD006575,CUST00951,2026-01-01,PROD0026,3,0.1,13.28,In-Store,COD,Delivered,South
ORD006576,CUST01844,2026-03-23,PROD0102,2,0.05,20.14,Online,Net Banking,Delivered,South
ORD006577,CUST01109,2025-08-20,PROD0085,3,0.3,19.78,Mobile App,COD,Delivered,West
ORD006578,CUST01270,2025-12-07,PROD0002,4,0.1,14.53,Mobile App,COD,Delivered,East
ORD006579,CUST01929,2025-10-19,PROD0004,4,0.05,19.52,Mobile App,Debit Card,Delivered,North
ORD006580,CUST01815,2025-08-26,PROD0038,3,0.0,4.79,Mobile App,Wallet,Returned,West
ORD006581,CUST00687,2026-05-27,PROD0103,1,0.2,1.25,In-Store,COD,Delivered,East
ORD006582,CUST00705,2025-08-14,PROD0045,6,0.1,21.84,Mobile App,COD,Delivered,East
ORD006583,CUST01723,2026-03-13,PROD0035,1,0.05,1.89,In-Store,COD,Delivered,West
ORD006584,CUST01799,2025-10-29,PROD0113,1,0.15,6.17,In-Store,Debit Card,Delivered,East
ORD006585,CUST01966,2025-12-14,PROD0109,1,0.1,17.38,Mobile App,COD,Returned,South
ORD006586,CUST01727,2025-08-08,PROD0053,2,0.2,10.24,Online,Net Banking,Delivered,South
ORD006587,CUST01367,2026-06-14,PROD0048,4,0.05,21.91,Online,UPI,Delivered,West
ORD006588,CUST01722,2026-07-06,PROD0016,5,0.1,7.45,In-Store,Credit Card,Delivered,East
ORD006589,CUST00683,2025-07-16,PROD0077,6,0.0,0.3,In-Store,Net Banking,Cancelled,North
ORD006590,CUST00178,2026-04-08,PROD0052,6,0.25,7.52,In-Store,UPI,Cancelled,West
ORD006591,CUST01255,2026-03-30,PROD0060,5,0.1,14.45,In-Store,Debit Card,Returned,North
ORD006592,CUST01133,2026-03-21,PROD0099,6,0.25,9.4,In-Store,Wallet,Pending,East
ORD006593,CUST01669,2025-09-24,PROD0094,6,0.1,13.37,Mobile App,Wallet,Delivered,East
ORD006594,CUST00887,2025-08-25,PROD0090,1,0.25,21.91,In-Store,Debit Card,Delivered,East
ORD006595,CUST01309,2026-07-17,PROD0024,4,0.0,22.81,In-Store,Credit Card,Pending,North
ORD006596,CUST01366,2025-11-01,PROD0087,6,0.25,6.65,In-Store,Credit Card,Delivered,West
ORD006597,CUST01208,2025-11-10,PROD0120,3,0.1,11.55,In-Store,Credit Card,Delivered,North
ORD006598,CUST01223,2026-06-13,PROD0061,3,0.25,13.73,Mobile App,Net Banking,Cancelled,East
ORD006599,CUST01589,2025-08-22,PROD0090,2,0.15,23.73,Online,UPI,Delivered,West
ORD006600,CUST00674,2025-11-28,PROD0058,1,0.1,24.97,Online,Wallet,Delivered,West
ORD006601,CUST01316,2026-02-20,PROD0057,6,0.25,5.89,Online,Net Banking,Delivered,North
ORD006602,CUST01258,01-17-2026,PROD0023,5,0.3,18.17,Online,Net Banking,Returned,South
ORD006603,CUST01734,2026-04-23,PROD0043,3,0.05,9.45,Mobile App,COD,Returned,West
ORD006604,CUST01929,2025-07-08,PROD0034,2,0.0,0.2,In-Store,COD,Cancelled,East
ORD006605,CUST01356,2025-08-22,PROD0035,1,0.2,0.23,In-Store,Net Banking,Delivered,South
ORD006606,CUST01712,2026-07-23,PROD0016,4,0.05,11.51,Mobile App,UPI,Delivered,East
ORD006607,CUST01516,2026-06-22,PROD0033,2,0.25,12.21,In-Store,COD,Returned,West
ORD006608,CUST00090,2025-08-19,PROD0117,6,0.05,0.56,Mobile App,Debit Card,Returned,South
ORD006609,CUST01548,2025-08-05,PROD0118,6,0.0,17.17,In-Store,Credit Card,Pending,West
ORD006610,CUST01400,2026-01-07,PROD0055,4,0.3,7.35,Mobile App,Wallet,Delivered,West
ORD006611,CUST00676,08-04-2025,PROD0054,4,0.25,14.0,Online,COD,Delivered,South
ORD006612,CUST00627,2025-10-14,PROD0110,5,0.05,7.52,In-Store,Wallet,Delivered,West
ORD006613,CUST01101,2026-03-13,PROD0071,6,0.25,4.18,Mobile App,Credit Card,Cancelled,East
ORD006614,CUST00755,2026-06-29,PROD0089,5,0.3,10.18,Mobile App,COD,Delivered,North
ORD006615,CUST00740,2025-10-16,PROD0036,2,0.0,5.81,Online,Wallet,Delivered,North
ORD006616,CUST01724,2025-10-05,PROD0067,2,0.1,13.37,Mobile App,Credit Card,Delivered,East
ORD006617,CUST01604,2026-03-16,PROD0101,6,0.25,4.97,Online,UPI,Delivered,East
ORD006618,CUST01689,2026-06-24,PROD0122,4,0.1,12.71,Mobile App,Wallet,Pending,South
ORD006619,CUST01099,2026-03-21,PROD0005,5,0.0,3.93,Mobile App,COD,Delivered,North
ORD006620,CUST00930,2025-12-30,PROD0037,4,0.25,16.77,In-Store,COD,Delivered,North
ORD006621,CUST00784,2025-10-07,PROD0079,6,0.1,18.85,In-Store,Net Banking,Delivered,East
ORD006622,CUST00748,2025-07-26,PROD0058,4,0.0,2.76,Mobile App,Net Banking,Delivered,North
ORD006623,CUST01774,2026-05-24,PROD0114,5,0.2,11.7,Mobile App,Wallet,Delivered,North
ORD006624,CUST01766,2026-04-15,PROD0014,2,0.0,1.77,In-Store,Wallet,Delivered,South
ORD006625,CUST00776,2025-08-29,PROD0071,4,0.15,14.95,Online,Debit Card,Delivered,West
ORD006626,CUST01479,2025-10-25,PROD0011,1,0.1,6.61,Mobile App,Debit Card,Delivered,North
ORD006627,CUST01888,2026-06-11,PROD0067,4,0.2,,Online,UPI,Cancelled,East
ORD006628,CUST00142,2025-09-02,PROD0034,4,0.3,12.94,In-Store,Credit Card,Returned,East
ORD006629,CUST00970,2026-04-12,PROD0122,3,0.15,23.11,In-Store,UPI,Delivered,South
ORD006630,CUST01923,2026-01-11,PROD0121,4,0.0,13.73,In-Store,COD,Delivered,North
ORD006631,CUST00711,2026-05-13,PROD0082,4,0.3,14.57,Online,COD,Delivered,South
ORD006632,CUST00091,2026-03-25,PROD0101,1,0.0,10.04,Online,Net Banking,Delivered,South
ORD006633,CUST00455,2026-06-10,PROD0020,6,0.1,23.73,Mobile App,Debit Card,Cancelled,West
ORD006634,CUST01731,2026-06-04,PROD0013,1,0.2,19.43,In-Store,UPI,Delivered,South
ORD006635,CUST01188,2025-08-13,PROD0115,4,0.05,7.14,In-Store,Wallet,Delivered,North
ORD006636,CUST01980,2026-05-23,PROD0120,4,0.0,21.11,Online,Debit Card,Delivered,South
ORD006637,CUST00301,2026-02-11,PROD0013,3,0.1,10.81,In-Store,UPI,Delivered,North
ORD006638,CUST00081,2026-02-03,PROD0069,5,0.15,20.72,In-Store,Debit Card,Delivered,West
ORD006639,CUST00024,2026-02-07,PROD0086,3,0.0,20.57,Online,Credit Card,Cancelled,East
ORD006640,CUST00130,2026-02-22,PROD0065,3,0.3,4.72,Mobile App,Credit Card,Delivered,West
ORD006641,CUST01125,2025-10-31,PROD0055,1,0.2,17.53,Mobile App,Wallet,Delivered,North
ORD006642,CUST01565,2025-11-09,PROD0058,1,0.25,7.27,Online,COD,Delivered,East
ORD006643,CUST00631,2025-08-19,PROD0028,5,0.2,7.44,Mobile App,COD,Delivered,North
ORD006644,CUST01104,2026-06-03,PROD0089,5,0.0,7.41,Mobile App,Debit Card,Pending,East
ORD006645,CUST00910,2025-09-11,PROD0071,3,0.2,18.14,Mobile App,Debit Card,Delivered,East
ORD006646,CUST00434,2025-12-01,PROD0035,5,0.1,5.75,Online,UPI,Cancelled,West
ORD006647,CUST01500,2025-08-04,PROD0027,6,0.15,0.02,Mobile App,UPI,Delivered,East
ORD006648,CUST00746,2025-10-09,PROD0111,2,0.3,17.88,Mobile App,Credit Card,Delivered,South
ORD006649,CUST01782,2026-04-29,PROD0022,3,0.2,4.28,Mobile App,Credit Card,Returned,West
ORD006650,CUST00771,2026-07-10,PROD0101,2,0.25,2.61,In-Store,UPI,Delivered,North
ORD006651,CUST01267,2025-07-26,PROD0121,5,0.1,5.94,Online,Credit Card,Delivered,South
ORD006652,CUST01944,2025-08-04,PROD0095,5,0.25,9.5,Mobile App,Net Banking,Returned,East
ORD006653,CUST00133,2025-10-15,PROD0079,5,0.3,11.9,In-Store,UPI,Delivered,East
ORD006654,CUST00893,2025-12-06,PROD0070,1,0.25,1.11,Mobile App,COD,Pending,North
ORD006655,CUST00236,2025-10-17,PROD0075,2,0.3,24.26,In-Store,Credit Card,Delivered,North
ORD006656,CUST00425,2026-07-30,PROD0087,6,0.2,17.9,In-Store,UPI,Delivered,South
ORD006657,CUST00663,2025-09-28,PROD0076,5,0.05,8.08,In-Store,UPI,Delivered,West
ORD006658,CUST01433,2026-02-01,PROD0058,6,0.05,7.97,Online,UPI,Pending,West
ORD006659,CUST00400,2026-06-21,PROD0109,5,0.25,11.21,Mobile App,COD,Delivered,West
ORD006660,CUST00424,2025-09-07,PROD0087,4,0.0,15.66,Mobile App,Credit Card,Cancelled,East
ORD006661,CUST00800,2025-12-05,PROD0077,4,0.1,3.66,Mobile App,Debit Card,Cancelled,East
ORD006662,CUST01699,2026-07-14,PROD0004,4,0.1,4.72,Mobile App,Debit Card,Delivered,South
ORD006663,CUST01135,2026-05-29,PROD0100,1,0.0,21.49,Online,Debit Card,Delivered,South
ORD006664,CUST01540,2026-01-05,PROD0086,3,0.1,6.41,Online,Debit Card,Delivered,West
ORD006665,CUST00734,2026-03-05,PROD0053,6,0.0,9.5,In-Store,UPI,Cancelled,North
ORD006666,CUST00605,2025-12-31,PROD0032,5,0.0,21.78,Mobile App,UPI,Delivered,West
ORD006667,CUST01149,2025-11-13,PROD0006,2,0.05,16.58,In-Store,Debit Card,Cancelled,South
ORD006668,CUST01098,2025-08-22,PROD0108,5,0.05,8.54,Online,Wallet,Delivered,South
ORD006669,CUST01684,2025-12-12,PROD0086,5,0.15,17.09,Online,Net Banking,Delivered,East
ORD006670,CUST00806,2025-10-04,PROD0064,5,0.15,0.49,In-Store,Credit Card,Pending,East
ORD006671,CUST01555,2025-11-22,PROD0007,1,0.1,18.39,In-Store,Wallet,Pending,North
ORD006672,CUST01137,2025-10-23,PROD0067,2,0.0,12.18,In-Store,Net Banking,Delivered,North
ORD006673,CUST01555,2026-07-18,PROD0018,6,0.2,20.33,Mobile App,COD,Pending,North
ORD006674,CUST01576,2026-03-01,PROD0047,3,0.3,23.87,In-Store,UPI,Delivered,South
ORD006675,CUST00187,2026-04-17,PROD0060,4,0.0,23.14,Online,COD,Cancelled,East
ORD006676,CUST01169,2026-07-27,PROD0050,5,0.1,22.73,Online,Debit Card,Pending,East
ORD006677,CUST00507,2025-08-22,PROD0073,1,0.0,12.8,In-Store,Credit Card,Delivered,West
ORD006678,CUST01968,2025-10-12,PROD0023,6,0.25,9.0,Mobile App,Wallet,Delivered,South
ORD006679,CUST00480,2025-08-18,PROD0083,3,0.3,11.63,In-Store,Wallet,Delivered,East
ORD006680,CUST01115,2025-10-14,PROD0111,1,0.25,17.25,Online,COD,Delivered,North
ORD006681,CUST01277,2026-05-04,PROD0044,2,0.0,22.1,Mobile App,Wallet,Returned,South
ORD006682,CUST00331,2025-10-20,PROD0039,3,0.0,5.17,In-Store,Net Banking,Delivered,West
ORD006683,CUST00185,2025-08-19,PROD0022,5,0.2,22.95,In-Store,Net Banking,Pending,West
ORD006684,CUST01597,2026-04-02,PROD0018,1,0.0,20.38,Mobile App,Credit Card,Delivered,East
ORD006685,CUST00182,2025-09-13,PROD0058,3,0.0,24.47,Mobile App,Debit Card,Delivered,East
ORD006686,CUST00251,2026-06-01,PROD0031,1,0.0,22.01,Online,COD,Delivered,West
ORD006687,CUST00461,2025-08-16,PROD0091,2,0.05,7.0,In-Store,COD,Delivered,North
ORD006688,CUST01391,2026-07-30,PROD0064,1,0.0,2.65,Mobile App,Credit Card,Delivered,North
ORD006689,CUST01091,2026-03-20,PROD0112,1,0.25,2.81,Mobile App,Net Banking,Delivered,North
ORD006690,CUST00061,2026-01-03,PROD0090,6,0.0,7.28,In-Store,Wallet,Delivered,East
ORD006691,CUST01809,2025-12-30,PROD0011,1,0.0,15.35,Online,Net Banking,Cancelled,North
ORD006692,CUST00847,2026-01-28,PROD0043,3,0.2,20.11,Mobile App,Credit Card,Delivered,South
ORD006693,CUST01822,05-14-2026,PROD0103,1,0.3,22.48,Mobile App,Credit Card,Delivered,North
ORD006694,CUST00750,2026-01-23,PROD0052,4,0.0,15.59,Online,UPI,Delivered,East
ORD006695,CUST01165,2025-12-20,PROD0065,1,0.0,0.14,In-Store,COD,Delivered,East
ORD006696,CUST01003,2025-08-18,PROD0042,4,0.25,4.66,In-Store,UPI,Delivered,North
ORD006697,CUST01716,2025-11-22,PROD0076,2,0.1,2.49,Mobile App,Debit Card,Delivered,West
ORD006698,CUST01425,2026-06-06,PROD0061,4,0.0,9.08,Mobile App,UPI,Pending,East
ORD006699,CUST01260,2026-07-24,PROD0015,-3,0.25,12.53,In-Store,COD,Delivered,North
ORD006700,CUST01044,2025-09-17,PROD0036,3,0.3,1.08,Mobile App,UPI,Delivered,North
ORD006701,CUST01953,2026-01-23,PROD0069,3,0.2,8.71,Mobile App,COD,Delivered,West
ORD006702,CUST00712,2026-05-02,PROD0015,5,0.0,4.48,Mobile App,COD,Pending,North
ORD006703,CUST00035,2026-04-18,PROD0043,4,0.15,16.18,In-Store,Net Banking,Delivered,West
ORD006704,CUST00978,2026-04-23,PROD0044,1,0.15,11.61,Online,Net Banking,Delivered,North
ORD006705,CUST01081,2026-01-01,PROD0076,5,0.0,12.38,Online,Wallet,Delivered,North
ORD006706,CUST01390,2026-07-07,PROD0051,1,0.0,10.69,Online,UPI,Delivered,North
ORD006707,CUST01748,2026-07-02,PROD0057,6,0.05,23.9,Online,Debit Card,Delivered,North
ORD006708,CUST00756,2026-03-18,PROD0052,4,0.05,5.37,Mobile App,Wallet,Returned,West
ORD006709,CUST01421,2026-01-31,PROD0085,6,0.0,12.92,In-Store,Debit Card,Returned,West
ORD006710,CUST00518,2026-07-21,PROD0071,5,0.0,18.4,Mobile App,Net Banking,Cancelled,West
ORD006711,CUST00852,2026-04-12,PROD0045,5,0.1,13.92,Mobile App,Credit Card,Delivered,South
ORD006712,CUST01525,2026-05-15,PROD0029,2,0.25,23.23,Online,Wallet,Delivered,West
ORD006713,CUST00615,2026-03-18,PROD0105,5,0.25,9.45,Online,UPI,Delivered,North
ORD006714,CUST01764,2026-04-17,PROD0078,2,0.05,,In-Store,COD,Delivered,East
ORD006715,CUST00217,2026-05-04,PROD0068,6,0.1,2.21,In-Store,Debit Card,Delivered,North
ORD006716,CUST00598,2026-01-08,PROD0044,5,0.1,15.22,Mobile App,Debit Card,Delivered,North
ORD006717,CUST00447,2025-11-03,PROD0026,5,0.0,7.21,Mobile App,Debit Card,Delivered,North
ORD006718,CUST01231,2025-10-02,PROD0033,4,0.15,4.01,Online,Credit Card,Delivered,West
ORD006719,CUST01128,2025-08-07,PROD0050,3,0.25,13.61,Mobile App,Debit Card,Cancelled,East
ORD006720,CUST00919,2026-02-28,PROD0069,2,0.0,13.31,Mobile App,COD,Pending,North
ORD006721,CUST00390,2025-12-19,PROD0117,4,0.25,1.9,Online,Net Banking,Delivered,North
ORD006722,CUST00199,05-13-2026,PROD0047,3,0.05,17.46,Mobile App,Net Banking,Pending,West
ORD006723,CUST00512,2025-07-04,PROD0028,2,0.0,15.59,In-Store,Net Banking,Delivered,South
ORD006724,CUST01927,2025-07-24,PROD0053,1,0.2,4.73,In-Store,Credit Card,Delivered,West
ORD006725,CUST01975,2026-03-19,PROD0063,6,0.15,11.74,Mobile App,COD,Returned,North
ORD006726,CUST01903,2025-08-28,PROD0016,4,0.0,18.01,Mobile App,Debit Card,Pending,North
ORD006727,CUST00495,2026-06-22,PROD0045,5,0.1,13.24,Online,Net Banking,Pending,West
ORD006728,CUST00933,2026-04-10,PROD0060,2,0.3,9.89,Mobile App,Debit Card,Delivered,West
ORD006729,CUST01148,2026-02-17,PROD0080,1,0.15,8.06,Online,Wallet,Delivered,South
ORD006730,CUST01558,2025-09-22,PROD0070,4,0.25,15.26,Mobile App,Net Banking,Delivered,West
ORD006731,CUST00329,2026-05-04,PROD0039,1,0.0,23.48,In-Store,UPI,Delivered,North
ORD006732,CUST00267,2025-09-26,PROD0122,6,0.0,16.79,In-Store,Credit Card,Delivered,East
ORD006733,CUST00666,2026-05-28,PROD0076,5,0.3,1.87,Online,Net Banking,Pending,West
ORD006734,CUST01177,2026-04-12,PROD0011,4,0.0,11.52,In-Store,Net Banking,Delivered,North
ORD006735,CUST00007,2025-08-15,PROD0010,6,0.3,22.27,Mobile App,Credit Card,Delivered,East
ORD006736,CUST01728,2026-06-10,PROD0010,6,0.1,,In-Store,Net Banking,Delivered,South
ORD006737,CUST00221,2025-08-05,PROD0037,6,0.15,24.72,In-Store,Debit Card,Cancelled,West
ORD006738,CUST00837,2025-12-23,PROD0107,5,0.25,23.73,In-Store,UPI,Returned,North
ORD006739,CUST00313,2025-07-27,PROD0044,1,0.0,1.96,Mobile App,Wallet,Delivered,West
ORD006740,CUST00236,2025-09-17,PROD0044,2,0.25,23.34,In-Store,Net Banking,Delivered,North
ORD006741,CUST01117,2026-05-23,PROD0059,4,0.1,9.08,Mobile App,UPI,Delivered,East
ORD006742,CUST00967,2025-09-06,PROD0120,4,0.0,21.12,In-Store,COD,Cancelled,West
ORD006743,CUST01386,2026-03-09,PROD0004,4,0.05,10.46,In-Store,Credit Card,Delivered,West
ORD006744,CUST00179,2026-04-01,PROD0085,3,0.15,11.02,Mobile App,COD,Delivered,North
ORD006745,CUST01667,2025-10-21,PROD0032,4,0.3,15.86,Mobile App,Credit Card,Delivered,East
ORD006746,CUST01133,2025-10-13,PROD0062,1,0.0,19.36,In-Store,Debit Card,Pending,West
ORD006747,CUST01441,2025-11-17,PROD0015,5,0.15,0.84,In-Store,Debit Card,Delivered,East
ORD006748,CUST00927,2025-07-10,PROD0040,3,0.3,14.83,In-Store,Net Banking,Delivered,North
ORD006749,CUST01290,2026-05-10,PROD0065,4,0.25,4.67,In-Store,Debit Card,Returned,South
ORD006750,CUST01491,2026-07-24,PROD0088,6,0.1,8.65,Online,UPI,Delivered,North
ORD006751,CUST00835,2025-11-08,PROD0025,1,0.1,8.7,Mobile App,Wallet,Delivered,East
ORD006752,CUST01919,2026-02-11,PROD0049,3,0.2,11.73,Online,UPI,Delivered,South
ORD006753,CUST00043,2026-07-31,PROD0044,6,0.2,8.35,Online,Debit Card,Delivered,West
ORD006754,CUST00150,2025-11-29,PROD0001,4,0.25,2.68,In-Store,Net Banking,Returned,South
ORD006755,CUST01964,2026-01-05,PROD0027,2,0.25,3.64,Mobile App,UPI,Delivered,West
ORD006756,CUST00015,2025-07-27,PROD0058,2,0.25,0.84,Online,Credit Card,Delivered,South
ORD006757,CUST01374,2025-12-15,PROD0029,2,0.2,11.76,Mobile App,COD,Delivered,South
ORD006758,CUST01459,2025-11-30,PROD0002,4,0.0,23.86,In-Store,Credit Card,Delivered,West
ORD006759,CUST00903,2026-01-03,PROD0014,3,0.2,2.89,Online,Credit Card,Delivered,East
ORD006760,CUST00483,2025-07-25,PROD0119,6,0.15,23.66,Online,Net Banking,Cancelled,East
ORD006761,CUST00716,2025-07-27,PROD0048,4,0.0,18.33,Mobile App,UPI,Delivered,South
ORD006762,CUST00489,2025-07-22,PROD0026,4,0.0,15.94,Mobile App,UPI,Delivered,West
ORD006763,CUST00863,2026-01-06,PROD0115,1,0.05,16.13,Online,Wallet,Delivered,West
ORD006764,CUST00989,2026-06-15,PROD0100,1,0.0,20.67,Online,UPI,Delivered,East
ORD006765,CUST01970,2026-01-06,PROD0033,1,0.05,2.67,Online,Wallet,Returned,West
ORD006766,CUST01552,2025-08-07,PROD0113,1,0.3,12.62,Mobile App,Net Banking,Delivered,East
ORD006767,CUST01290,2026-03-10,PROD0077,6,0.0,17.43,In-Store,UPI,Delivered,North
ORD006768,CUST00742,2025-08-01,PROD0022,1,0.15,14.67,Mobile App,UPI,Returned,South
ORD006769,CUST00144,2026-07-05,PROD0088,5,0.0,20.82,Online,Net Banking,Returned,West
ORD006770,CUST00835,2026-04-27,PROD0032,1,0.25,1.81,In-Store,COD,Delivered,South
ORD006771,CUST01545,2026-02-13,PROD0005,5,0.0,17.27,In-Store,Debit Card,Delivered,West
ORD006772,CUST00558,2026-05-18,PROD0086,1,0.0,13.35,Online,Wallet,Cancelled,West
ORD006773,CUST00150,2026-04-10,PROD0108,6,0.25,9.48,Online,UPI,Delivered,North
ORD006774,CUST00167,2026-06-26,PROD0027,2,0.15,8.51,Mobile App,Wallet,Delivered,North
ORD006775,CUST00885,2026-03-17,PROD0019,5,0.05,15.52,Online,COD,Returned,South
ORD006776,CUST00572,11-07-2025,PROD0104,1,0.0,22.27,Online,UPI,Delivered,East
ORD006777,CUST01814,2026-06-19,PROD0111,4,0.05,12.4,Online,COD,Delivered,North
ORD006778,CUST01790,2026-02-14,PROD0098,6,0.3,,Mobile App,Wallet,Delivered,West
ORD006779,CUST01295,2025-07-10,PROD0038,3,0.1,,In-Store,COD,Pending,North
ORD006780,CUST01098,2025-07-10,PROD0119,4,0.25,2.56,In-Store,Net Banking,Delivered,West
ORD006781,CUST01890,2026-04-06,PROD0040,1,0.0,1.54,Mobile App,Debit Card,Delivered,West
ORD006782,CUST01994,2026-01-11,PROD0113,6,0.25,1.28,In-Store,Debit Card,Delivered,South
ORD006783,CUST01301,2026-07-01,PROD0028,2,0.15,9.5,Online,Net Banking,Returned,North
ORD006784,CUST00920,2026-07-27,PROD0073,2,0.2,8.43,Online,COD,Delivered,West
ORD006785,CUST00553,2026-07-12,PROD0039,2,0.0,17.95,In-Store,Wallet,Cancelled,West
ORD006786,CUST01158,2026-06-02,PROD0014,6,0.0,18.57,Mobile App,COD,Delivered,West
ORD006787,CUST00644,2025-10-09,PROD0098,1,0.1,1.27,Mobile App,Net Banking,Delivered,East
ORD006788,CUST01615,2026-04-28,PROD0040,6,0.3,5.53,In-Store,Credit Card,Returned,West
ORD006789,CUST00743,2026-03-12,PROD0082,4,0.1,6.86,In-Store,UPI,Delivered,South
ORD006790,CUST00669,07-08-2026,PROD0041,5,0.0,13.69,Online,Wallet,Delivered,East
ORD006791,CUST01397,2025-07-31,PROD0021,2,0.15,3.61,In-Store,UPI,Delivered,North
ORD006792,CUST01544,2026-03-30,PROD0097,5,0.15,3.35,Mobile App,UPI,Delivered,South
ORD006793,CUST00860,2026-04-14,PROD0006,1,0.15,23.59,In-Store,Debit Card,Delivered,North
ORD006794,CUST00799,2026-01-30,PROD0059,4,0.0,20.11,Mobile App,Wallet,Delivered,North
ORD006795,CUST01693,2025-12-03,PROD0076,2,0.25,4.52,In-Store,COD,Delivered,North
ORD006796,CUST00927,2026-06-19,PROD0115,1,0.15,10.16,Online,Credit Card,Delivered,North
ORD006797,CUST00416,2026-07-19,PROD0076,1,0.2,8.89,In-Store,Debit Card,Delivered,West
ORD006798,CUST01398,2026-05-04,PROD0051,6,0.0,19.78,In-Store,UPI,Delivered,North
ORD006799,CUST01610,2026-04-27,PROD0061,1,0.0,12.76,Mobile App,Debit Card,Delivered,North
ORD006800,CUST00960,2026-03-02,PROD0046,2,0.2,3.2,Online,UPI,Delivered,East
ORD006801,CUST00343,2025-07-11,PROD0046,6,0.25,18.47,Mobile App,Wallet,Delivered,North
ORD006802,CUST00513,2025-11-02,PROD0020,2,0.3,9.92,Mobile App,Net Banking,Returned,North
ORD006803,CUST01326,2025-07-12,PROD0073,4,0.3,6.57,In-Store,Wallet,Delivered,East
ORD006804,CUST00390,2025-07-20,PROD0112,5,0.0,9.39,Mobile App,Credit Card,Delivered,West
ORD006805,CUST00573,2026-07-06,PROD0013,4,0.25,12.44,In-Store,COD,Delivered,South
ORD006806,CUST01709,2026-05-16,PROD0078,2,0.15,8.58,In-Store,COD,Returned,South
ORD006807,CUST01723,2026-04-17,PROD0080,4,0.25,6.05,Online,COD,Returned,West
ORD006808,CUST01097,2025-10-16,PROD0040,3,0.2,9.96,Mobile App,Net Banking,Delivered,North
ORD006809,CUST00917,2026-06-29,PROD0102,4,0.05,0.48,Mobile App,Debit Card,Delivered,North
ORD006810,CUST01624,2026-06-30,PROD0109,3,0.0,19.31,In-Store,Credit Card,Delivered,South
ORD006811,CUST01768,2025-11-30,PROD0108,5,0.2,4.27,Online,Wallet,Delivered,West
ORD006812,CUST01046,2026-02-22,PROD0020,2,0.0,1.1,Mobile App,Net Banking,Cancelled,North
ORD006813,CUST01487,2025-10-17,PROD0109,2,0.25,16.34,Mobile App,UPI,Delivered,South
ORD006814,CUST00243,2025-10-01,PROD0041,2,0.1,19.35,Online,Wallet,Delivered,South
ORD006815,CUST00742,2025-07-20,PROD0013,1,0.2,20.35,In-Store,UPI,Cancelled,East
ORD006816,CUST00882,2025-11-13,PROD0056,1,0.1,12.34,Mobile App,Credit Card,Delivered,North
ORD006817,CUST00038,2025-12-21,PROD0086,2,0.05,5.13,Online,UPI,Delivered,South
ORD006818,CUST01098,07-06-2026,PROD0043,3,0.2,18.43,Online,Credit Card,Cancelled,North
ORD006819,CUST00981,2025-07-27,PROD0005,5,0.0,17.49,In-Store,COD,Delivered,South
ORD006820,CUST00925,2026-05-15,PROD0025,2,0.15,6.16,Online,Net Banking,Delivered,North
ORD006821,CUST00534,2025-09-01,PROD0044,6,0.3,22.59,Online,Net Banking,Delivered,South
ORD006822,CUST01201,2025-10-24,PROD0109,3,0.0,2.61,Mobile App,COD,Delivered,South
ORD006823,CUST01462,2026-02-20,PROD0025,5,0.05,24.57,Mobile App,Wallet,Delivered,West
ORD006824,CUST01053,2026-05-07,PROD0068,3,0.3,21.51,In-Store,Wallet,Delivered,East
ORD006825,CUST01447,2026-04-13,PROD0052,1,0.15,17.2,Mobile App,UPI,Returned,South
ORD006826,CUST01361,2026-03-24,PROD0100,3,0.05,23.47,In-Store,Net Banking,Delivered,North
ORD006827,CUST01333,2025-08-04,PROD0111,2,0.15,18.06,Mobile App,Net Banking,Delivered,West
ORD006828,CUST00581,2026-06-20,PROD0056,5,0.25,4.76,Mobile App,Net Banking,Delivered,West
ORD006829,CUST00556,2026-05-21,PROD0121,2,0.25,11.05,Online,UPI,Delivered,North
ORD006830,CUST00812,2026-04-05,PROD0103,3,0.1,,Online,Net Banking,Delivered,East
ORD006831,CUST01226,2025-12-13,PROD0062,3,0.0,9.74,Online,Net Banking,Delivered,West
ORD006832,CUST00206,2026-03-25,PROD0092,5,0.0,18.54,Mobile App,UPI,Delivered,East
ORD006833,CUST00758,2025-10-21,PROD0057,5,0.0,9.66,Mobile App,Net Banking,Pending,West
ORD006834,CUST00269,2026-06-28,PROD0041,1,0.15,8.26,In-Store,Debit Card,Delivered,North
ORD006835,CUST00052,2025-07-26,PROD0099,1,0.3,14.88,In-Store,UPI,Returned,South
ORD006836,CUST00151,2026-02-07,PROD0018,-3,0.0,21.81,Mobile App,Credit Card,Delivered,South
ORD006837,CUST01494,2026-05-01,PROD0037,5,0.1,1.19,In-Store,UPI,Delivered,South
ORD006838,CUST00497,2025-09-29,PROD0118,5,0.0,9.64,Mobile App,COD,Delivered,North
ORD006839,CUST00621,2026-03-19,PROD0101,2,0.15,3.96,In-Store,Credit Card,Delivered,North
ORD006840,CUST01927,2026-05-20,PROD0022,1,0.0,17.38,Mobile App,Net Banking,Delivered,West
ORD006841,CUST01844,04-17-2026,PROD0043,1,0.2,2.64,Mobile App,Net Banking,Delivered,North
ORD006842,CUST00224,2025-11-19,PROD0048,1,0.05,16.62,Online,Debit Card,Pending,South
ORD006843,CUST01291,2026-06-14,PROD0087,2,0.0,7.15,Online,Debit Card,Delivered,East
ORD006844,CUST01511,2026-05-07,PROD0120,5,0.0,4.97,Online,Credit Card,Delivered,East
ORD006845,CUST00456,2026-07-21,PROD0034,1,0.25,23.41,Mobile App,UPI,Delivered,West
ORD006846,CUST00815,2026-03-07,PROD0071,6,0.15,0.46,Mobile App,Credit Card,Delivered,South
ORD006847,CUST00487,2026-01-23,PROD0070,5,0.15,10.94,Online,Net Banking,Delivered,West
ORD006848,CUST01418,2026-05-08,PROD0010,5,0.1,0.54,Mobile App,Net Banking,Delivered,North
ORD006849,CUST00767,2026-03-05,PROD0078,1,0.0,12.09,Online,Net Banking,Delivered,West
ORD006850,CUST01368,2025-07-05,PROD0034,3,0.05,12.53,In-Store,Wallet,Delivered,South
ORD006851,CUST01159,2025-08-14,PROD0015,4,0.05,8.04,In-Store,UPI,Delivered,East
ORD006852,CUST00573,2026-01-27,PROD0035,3,0.0,,In-Store,UPI,Returned,South
ORD006853,CUST00697,2026-03-25,PROD0022,3,0.15,9.41,Mobile App,Net Banking,Delivered,East
ORD006854,CUST01359,2025-09-08,PROD0082,6,0.0,16.81,In-Store,Net Banking,Pending,East
ORD006855,CUST02000,2025-10-28,PROD0062,5,0.05,19.56,Mobile App,Credit Card,Delivered,South
ORD006856,CUST01830,2025-09-18,PROD0029,1,0.1,13.27,Online,Debit Card,Pending,East
ORD006857,CUST01355,2025-12-12,PROD0076,2,0.0,14.75,Mobile App,COD,Delivered,East
ORD006858,CUST00319,2025-09-16,PROD0099,4,0.1,5.02,In-Store,Net Banking,Pending,West
ORD006859,CUST00809,2026-01-30,PROD0074,1,0.0,7.18,In-Store,UPI,Delivered,North
ORD006860,CUST01738,2025-08-28,PROD0093,4,0.0,4.05,In-Store,Credit Card,Delivered,East
ORD006861,CUST01600,2025-08-05,PROD0122,3,0.0,6.23,Online,COD,Delivered,East
ORD006862,CUST00487,2026-02-26,PROD0106,5,0.0,5.62,In-Store,Wallet,Delivered,West
ORD006863,CUST01257,2026-01-10,PROD0116,4,0.0,12.99,In-Store,Debit Card,Delivered,South
ORD006864,CUST00436,2026-01-15,PROD0005,2,0.25,14.07,In-Store,Credit Card,Delivered,South
ORD006865,CUST01134,2026-06-08,PROD0078,1,0.2,23.62,In-Store,Net Banking,Delivered,South
ORD006866,CUST01906,2025-11-05,PROD0044,2,0.2,4.89,Mobile App,COD,Delivered,North
ORD006867,CUST00114,2026-03-10,PROD0062,5,0.05,16.04,Online,Wallet,Delivered,West
ORD006868,CUST00548,2025-07-21,PROD0038,5,0.3,20.43,Online,Credit Card,Delivered,South
ORD006869,CUST00159,2026-04-20,PROD0104,2,0.05,14.01,Online,UPI,Cancelled,West
ORD006870,CUST01989,2026-07-24,PROD0089,3,0.2,6.38,Online,Credit Card,Delivered,West
ORD006871,CUST00381,2025-11-12,PROD0034,6,0.05,6.56,Online,Net Banking,Delivered,South
ORD006872,CUST01992,2025-11-09,PROD0048,2,0.15,0.98,Online,Net Banking,Delivered,North
ORD006873,CUST00809,2025-09-29,PROD0004,5,0.0,7.64,Mobile App,COD,Delivered,East
ORD006874,CUST01446,2026-06-19,PROD0099,2,0.0,18.62,Online,Net Banking,Delivered,South
ORD006875,CUST00541,2026-02-11,PROD0023,1,0.0,1.19,Online,Net Banking,Delivered,South
ORD006876,CUST00795,2025-07-19,PROD0114,2,0.0,5.48,Online,Debit Card,Delivered,East
ORD006877,CUST00629,2025-07-16,PROD0095,4,0.25,17.66,In-Store,COD,Delivered,South
ORD006878,CUST00985,2026-07-11,PROD0095,4,0.0,19.57,Mobile App,Wallet,Delivered,South
ORD006879,CUST01898,2025-12-21,PROD0032,1,0.0,11.38,In-Store,COD,Delivered,West
ORD006880,CUST00653,2025-09-23,PROD0058,2,0.25,17.45,In-Store,UPI,Returned,East
ORD006881,CUST00091,2025-10-16,PROD0101,4,0.3,9.7,In-Store,Net Banking,Delivered,East
ORD006882,CUST00872,2025-07-03,PROD0116,5,0.1,4.0,Mobile App,COD,Delivered,West
ORD006883,CUST00178,2026-04-05,PROD0067,6,0.1,9.95,Mobile App,Wallet,Pending,North
ORD006884,CUST01482,2026-07-17,PROD0049,3,0.05,14.5,In-Store,UPI,Delivered,North
ORD006885,CUST01085,2026-05-25,PROD0100,6,0.0,23.7,Mobile App,Net Banking,Delivered,East
ORD006886,CUST00818,2026-01-10,PROD0097,5,0.05,1.72,In-Store,Net Banking,Delivered,North
ORD006887,CUST00540,2025-08-19,PROD0017,4,0.0,12.68,Online,Credit Card,Pending,South
ORD006888,CUST00555,2025-12-17,PROD0081,3,0.1,8.22,In-Store,Credit Card,Cancelled,South
ORD006889,CUST00655,2026-07-23,PROD0076,1,0.0,12.71,In-Store,COD,Returned,West
ORD006890,CUST00392,2026-04-20,PROD0092,3,0.0,0.6,In-Store,Debit Card,Delivered,South
ORD006891,CUST01923,2026-01-23,PROD0097,2,0.15,7.83,In-Store,COD,Delivered,West
ORD006892,CUST01597,2026-06-15,PROD0054,4,0.25,20.5,In-Store,Credit Card,Returned,East
ORD006893,CUST01643,2026-06-20,PROD0074,3,0.0,,In-Store,Net Banking,Delivered,East
ORD006894,CUST01783,2025-08-13,PROD0019,1,0.05,11.26,Online,COD,Delivered,West
ORD006895,CUST00924,08-14-2025,PROD0035,2,0.0,7.14,In-Store,Credit Card,Delivered,South
ORD006896,CUST00064,2025-11-13,PROD0052,2,0.0,7.45,Online,Credit Card,Delivered,East
ORD006897,CUST00571,2026-04-26,PROD0042,4,0.0,9.58,In-Store,UPI,Delivered,East
ORD006898,CUST01730,2025-08-02,PROD0043,6,0.0,20.89,Online,Net Banking,Returned,North
ORD006899,CUST01891,2025-09-01,PROD0096,6,0.15,24.18,In-Store,Net Banking,Delivered,North
ORD006900,CUST00529,2025-11-21,PROD0081,5,0.1,10.97,Online,UPI,Delivered,North
ORD006901,CUST00362,2025-07-24,PROD0096,6,0.0,9.83,Mobile App,UPI,Delivered,West
ORD006902,CUST00796,2025-12-16,PROD0080,5,0.3,21.16,In-Store,Wallet,Delivered,South
ORD006903,CUST01487,2025-07-16,PROD0115,5,0.0,10.67,In-Store,UPI,Returned,North
ORD006904,CUST00550,2026-05-17,PROD0066,1,0.15,13.8,Online,UPI,Delivered,West
ORD006905,CUST00458,2026-02-03,PROD0099,5,0.15,5.77,Mobile App,Debit Card,Delivered,West
ORD006906,CUST01723,2025-07-19,PROD0094,4,0.0,18.59,In-Store,Debit Card,Pending,South
ORD006907,CUST00531,2026-05-12,PROD0057,6,0.3,13.3,In-Store,UPI,Delivered,East
ORD006908,CUST00504,2026-03-13,PROD0117,3,0.15,20.23,Mobile App,COD,Delivered,South
ORD006909,CUST01977,2025-10-11,PROD0120,6,0.3,19.52,Online,Wallet,Delivered,West
ORD006910,CUST00147,2026-06-04,PROD0101,3,0.25,5.38,In-Store,UPI,Delivered,South
ORD006911,CUST00632,2025-09-19,PROD0024,2,0.05,17.89,Online,Wallet,Cancelled,South
ORD006912,CUST00837,2026-04-06,PROD0024,2,0.0,20.0,In-Store,Wallet,Delivered,South
ORD006913,CUST00455,2026-04-23,PROD0019,2,0.1,8.65,In-Store,COD,Delivered,East
ORD006914,CUST00053,2025-09-17,PROD0062,1,0.2,4.32,In-Store,Net Banking,Cancelled,North
ORD006915,CUST01815,2026-02-14,PROD0011,2,0.0,0.07,Mobile App,Debit Card,Delivered,North
ORD006916,CUST00964,2026-07-25,PROD0067,1,0.0,11.27,Online,UPI,Cancelled,West
ORD006917,CUST01470,2026-07-01,PROD0046,5,0.3,8.81,Mobile App,Debit Card,Delivered,North
ORD006918,CUST01344,2025-07-23,PROD0029,6,0.0,13.87,Mobile App,Net Banking,Delivered,East
ORD006919,CUST00859,2026-01-07,PROD0023,1,0.15,4.7,In-Store,Net Banking,Cancelled,North
ORD006920,CUST00552,2025-10-28,PROD0104,3,0.0,21.49,Mobile App,COD,Delivered,North
ORD006921,CUST00638,2025-07-25,PROD0088,6,0.0,,Online,Credit Card,Delivered,South
ORD006922,CUST00375,2026-05-01,PROD0048,6,0.05,5.66,In-Store,Wallet,Delivered,North
ORD006923,CUST00074,2025-11-13,PROD0020,1,0.0,12.02,In-Store,Net Banking,Delivered,South
ORD006924,CUST00233,2026-05-30,PROD0085,2,0.25,12.47,Online,UPI,Delivered,South
ORD006925,CUST01970,2025-09-02,PROD0047,6,0.1,5.38,Mobile App,Debit Card,Delivered,West
ORD006926,CUST00737,2025-12-30,PROD0032,3,0.0,6.8,Online,UPI,Delivered,East
ORD006927,CUST00615,2026-06-21,PROD0106,3,0.25,4.24,Mobile App,Debit Card,Delivered,West
ORD006928,CUST01803,2026-06-03,PROD0101,4,0.3,17.96,Online,Net Banking,Delivered,North
ORD006929,CUST00307,2025-09-22,PROD0038,2,0.3,19.25,Mobile App,Debit Card,Delivered,West
ORD006930,CUST00613,2025-09-06,PROD0089,2,0.3,11.56,Mobile App,COD,Delivered,North
ORD006931,CUST01228,2026-03-24,PROD0037,2,0.15,17.85,Online,Wallet,Delivered,West
ORD006932,CUST00686,2026-05-16,PROD0049,2,0.0,18.4,Mobile App,Debit Card,Delivered,East
ORD006933,CUST00892,2026-01-07,PROD0022,2,0.0,3.46,Online,Net Banking,Delivered,North
ORD006934,CUST01052,2025-12-21,PROD0037,6,0.05,24.15,In-Store,Net Banking,Delivered,East
ORD006935,CUST00699,2026-06-07,PROD0073,3,0.05,20.53,Online,COD,Delivered,West
ORD006936,CUST01800,2025-08-02,PROD0016,6,0.25,5.11,In-Store,Wallet,Returned,West
ORD006937,CUST00118,2026-01-04,PROD0117,1,0.3,4.65,Mobile App,COD,Pending,East
ORD006938,CUST00803,2025-07-22,PROD0036,1,0.25,3.14,Mobile App,Wallet,Delivered,East
ORD006939,CUST01915,2025-07-18,PROD0092,1,0.0,3.46,Mobile App,Credit Card,Delivered,South
ORD006940,CUST01281,2025-09-17,PROD0008,3,0.15,18.7,Mobile App,Wallet,Delivered,East
ORD006941,CUST00680,2026-05-18,PROD0004,1,0.05,11.74,Online,Debit Card,Delivered,North
ORD006942,CUST01645,0000-00-00,PROD0088,1,0.0,19.57,In-Store,Wallet,Delivered,South
ORD006943,CUST00441,2025-10-28,PROD0098,6,0.3,18.66,In-Store,Wallet,Delivered,South
ORD006944,CUST01787,2026-03-14,PROD0063,6,0.3,15.12,Mobile App,Wallet,Delivered,West
ORD006945,CUST00168,2025-12-22,PROD0086,4,0.2,17.16,Online,Wallet,Delivered,East
ORD006946,CUST00866,2025-10-05,PROD0099,6,0.0,0.46,Mobile App,Wallet,Delivered,West
ORD006947,CUST00646,2025-12-28,PROD0026,4,0.0,7.79,Online,Credit Card,Delivered,East
ORD006948,CUST00548,2026-06-28,PROD0040,6,0.05,15.95,Mobile App,Net Banking,Delivered,East
ORD006949,CUST01257,2026-07-08,PROD0046,-1,0.25,0.23,Online,Debit Card,Pending,East
ORD006950,CUST00649,2025-11-08,PROD0101,6,0.05,0.82,Mobile App,Wallet,Cancelled,North
ORD006951,CUST00565,2025-10-06,PROD0001,1,0.2,21.3,Online,Net Banking,Delivered,South
ORD006952,CUST00816,2026-04-11,PROD0120,4,0.3,17.1,Mobile App,Credit Card,Delivered,West
ORD006953,CUST00995,2026-02-03,PROD0041,2,0.25,6.63,Online,Debit Card,Delivered,West
ORD006954,CUST01045,2026-05-25,PROD0010,4,0.0,17.2,In-Store,COD,Returned,East
ORD006955,CUST01618,2025-12-18,PROD0076,5,0.3,19.81,Online,Credit Card,Delivered,North
ORD006956,CUST00381,2026-03-05,PROD0104,3,0.25,7.67,Online,Net Banking,Delivered,East
ORD006957,CUST01969,2025-10-09,PROD0062,1,0.25,0.9,Online,Wallet,Delivered,South
ORD006958,CUST00366,2026-05-23,PROD0047,2,0.05,23.32,Online,Net Banking,Pending,West
ORD006959,CUST01926,2025-08-12,PROD0054,2,0.05,8.63,Online,Net Banking,Delivered,North
ORD006960,CUST01874,2026-04-14,PROD0033,5,0.05,2.66,Online,Credit Card,Cancelled,South
ORD006961,CUST00350,2026-01-29,PROD0102,6,0.0,12.3,In-Store,Credit Card,Returned,North
ORD006962,CUST01204,2025-07-31,PROD0089,6,0.0,19.21,Online,COD,Delivered,East
ORD006963,CUST00757,2025-12-20,PROD0070,3,0.0,,Mobile App,Net Banking,Returned,North
ORD006964,CUST01404,2026-05-09,PROD0046,1,0.05,6.74,Online,COD,Delivered,East
ORD006965,CUST01451,2025-11-08,PROD0039,5,0.1,6.07,Online,Net Banking,Delivered,West
ORD006966,CUST01291,2025-12-29,PROD0100,3,0.0,24.79,Mobile App,UPI,Delivered,East
ORD006967,CUST00802,2026-04-12,PROD0047,3,0.0,4.94,Online,COD,Delivered,South
ORD006968,CUST01343,2025-08-16,PROD0056,2,0.0,14.39,Online,Net Banking,Delivered,East
ORD006969,CUST00613,2026-04-02,PROD0071,4,0.05,23.13,Online,Net Banking,Delivered,South
ORD006970,CUST00837,2026-01-22,PROD0011,6,0.0,3.67,Mobile App,Wallet,Delivered,North
ORD006971,CUST00913,2025-07-05,PROD0027,4,0.2,24.27,Mobile App,Wallet,Delivered,North
ORD006972,CUST01841,2025-07-12,PROD0061,6,0.0,23.69,In-Store,UPI,Delivered,North
ORD006973,CUST01921,2026-02-24,PROD0092,4,0.05,22.11,Mobile App,Net Banking,Delivered,West
ORD006974,CUST00388,2026-02-09,PROD0045,5,0.25,5.36,Mobile App,Wallet,Delivered,South
ORD006975,CUST00881,2025-11-19,PROD0003,4,0.15,15.85,Online,Net Banking,Delivered,South
ORD006976,CUST00160,2025-07-11,PROD0008,1,0.0,19.02,Mobile App,Net Banking,Delivered,East
ORD006977,CUST01697,2025-11-13,PROD0068,4,0.0,24.65,Mobile App,Debit Card,Delivered,South
ORD006978,CUST00261,2025-10-11,PROD0045,1,0.2,4.51,Mobile App,Wallet,Delivered,East
ORD006979,CUST01480,2026-01-13,PROD0119,1,0.15,19.15,Mobile App,Credit Card,Delivered,East
ORD006980,CUST01112,2026-02-18,PROD0041,6,0.3,8.47,Mobile App,Credit Card,Delivered,North
ORD006981,CUST00841,2026-03-26,PROD0116,5,0.0,4.39,Online,UPI,Delivered,North
ORD006982,CUST01301,2026-01-21,PROD0087,3,0.3,10.53,Mobile App,UPI,Delivered,South
ORD006983,CUST01328,2026-05-18,PROD0093,2,0.25,19.85,Online,Net Banking,Delivered,North
ORD006984,CUST01969,2025-08-27,PROD0038,1,0.0,11.62,Mobile App,Net Banking,Delivered,North
ORD006985,CUST01033,2026-06-07,PROD0113,4,0.3,13.44,In-Store,UPI,Cancelled,North
ORD006986,CUST01326,2026-03-13,PROD0013,1,0.0,24.88,Online,COD,Delivered,South
ORD006987,CUST00198,2025-11-18,PROD0030,1,0.05,9.98,Mobile App,Debit Card,Delivered,West
ORD006988,CUST01311,2025-10-08,PROD0069,4,0.3,15.39,Mobile App,Net Banking,Returned,South
ORD006989,CUST00412,2026-01-07,PROD0016,4,0.1,9.13,Online,UPI,Delivered,West
ORD006990,CUST01560,2026-07-10,PROD0100,1,0.2,9.82,Mobile App,Wallet,Delivered,West
ORD006991,CUST01965,0000-00-00,PROD0105,4,0.1,17.39,Online,Credit Card,Delivered,East
ORD006992,CUST01824,2026-04-28,PROD0109,2,0.1,23.45,Online,COD,Delivered,West
ORD006993,CUST00947,2025-10-29,PROD0037,4,0.2,13.56,Online,UPI,Delivered,North
ORD006994,CUST01984,2025-10-23,PROD0107,5,0.0,19.21,In-Store,Net Banking,Delivered,East
ORD006995,CUST00486,2025-09-10,PROD0038,6,0.0,2.23,Mobile App,COD,Returned,North
ORD006996,CUST01608,2025-08-11,PROD0113,2,0.0,5.28,Online,Wallet,Delivered,West
ORD006997,CUST01164,2025-12-07,PROD0005,2,0.0,12.55,In-Store,COD,Delivered,West
ORD006998,CUST01246,2025-11-23,PROD0056,3,0.25,0.5,Mobile App,Net Banking,Delivered,West
ORD006999,CUST00094,2026-05-27,PROD0053,1,0.15,6.32,In-Store,Wallet,Delivered,North
ORD007000,CUST00142,2025-09-28,PROD0110,5,0.0,12.94,Mobile App,Credit Card,Pending,North
ORD007001,CUST00444,2026-05-10,PROD0028,2,0.15,0.37,In-Store,Debit Card,Delivered,East
ORD007002,CUST00480,02-15-2026,PROD0050,5,0.2,6.61,In-Store,Net Banking,Delivered,West
ORD007003,CUST01373,2026-02-22,PROD0111,5,0.0,12.85,Mobile App,COD,Delivered,East
ORD007004,CUST01115,2026-02-16,PROD0099,5,0.15,14.33,Mobile App,Debit Card,Delivered,North
ORD007005,CUST00086,2026-04-06,PROD0085,2,0.2,23.14,Mobile App,Debit Card,Delivered,West
ORD007006,CUST01920,2025-10-07,PROD0080,5,0.25,16.13,Mobile App,Net Banking,Delivered,South
ORD007007,CUST01105,2025-12-21,PROD0085,2,0.25,10.37,In-Store,Debit Card,Delivered,East
ORD007008,CUST01079,2026-05-21,PROD0028,3,0.0,23.26,Mobile App,Debit Card,Delivered,South
ORD007009,CUST01365,2025-12-04,PROD0026,2,0.2,19.62,Mobile App,COD,Delivered,East
ORD007010,CUST01889,2025-07-25,PROD0035,2,0.0,5.0,Mobile App,Credit Card,Delivered,South
ORD007011,CUST01843,2026-03-20,PROD0121,1,0.05,3.27,Mobile App,Credit Card,Delivered,East
ORD007012,CUST00316,2026-03-10,PROD0030,6,0.2,16.9,In-Store,UPI,Delivered,South
ORD007013,CUST01524,2026-07-25,PROD0058,2,0.15,14.0,In-Store,UPI,Delivered,South
ORD007014,CUST01621,2025-12-28,PROD0058,4,0.0,19.74,Online,Credit Card,Delivered,South
ORD007015,CUST00758,2026-04-18,PROD0014,3,0.05,18.47,Mobile App,UPI,Delivered,West
ORD007016,CUST01913,2026-03-26,PROD0004,6,0.05,15.63,Online,Wallet,Returned,East
ORD007017,CUST01485,2025-11-15,PROD0010,4,0.3,24.66,Mobile App,Wallet,Delivered,North
ORD007018,CUST00871,2026-05-06,PROD0022,4,0.0,13.34,In-Store,Wallet,Delivered,East
ORD007019,CUST00724,2026-02-14,PROD0001,3,0.25,2.83,Mobile App,Credit Card,Delivered,West
ORD007020,CUST00670,2025-08-02,PROD0106,6,0.2,20.71,Online,Net Banking,Returned,East
ORD007021,CUST01177,2026-01-19,PROD0016,3,0.15,6.3,Mobile App,Credit Card,Delivered,North
ORD007022,CUST01869,2026-02-05,PROD0117,6,0.2,19.43,In-Store,Debit Card,Delivered,South
ORD007023,CUST00217,2025-09-24,PROD0108,3,0.05,23.93,Online,Net Banking,Delivered,South
ORD007024,CUST01783,2025-08-31,PROD0002,6,0.05,17.42,Mobile App,Credit Card,Delivered,North
ORD007025,CUST01655,2026-02-03,PROD0030,6,0.05,14.9,Online,Net Banking,Delivered,East
ORD007026,CUST01678,2026-07-16,PROD0038,3,0.3,11.51,Mobile App,Net Banking,Delivered,West
ORD007027,CUST00409,2025-10-04,PROD0043,2,0.0,9.11,In-Store,Credit Card,Delivered,North
ORD007028,CUST00209,2025-08-05,PROD0020,4,0.15,8.83,Mobile App,Credit Card,Delivered,East
ORD007029,CUST01997,2026-05-10,PROD0008,3,0.15,15.91,Mobile App,Credit Card,Delivered,West
ORD007030,CUST00653,2026-02-18,PROD0059,1,0.0,18.78,In-Store,Debit Card,Delivered,East
ORD007031,CUST01690,2026-06-10,PROD0060,6,0.2,,Mobile App,Credit Card,Cancelled,South
ORD007032,CUST00007,2025-08-17,PROD0063,4,0.15,4.96,Mobile App,Debit Card,Delivered,South
ORD007033,CUST00914,2026-04-27,PROD0122,3,0.0,12.35,Online,Wallet,Delivered,East
ORD007034,CUST00750,2026-04-12,PROD0073,4,0.15,19.79,In-Store,Net Banking,Delivered,North
ORD007035,CUST00954,2025-10-05,PROD0043,6,0.3,11.89,In-Store,Net Banking,Delivered,North
ORD007036,CUST01793,2026-04-10,PROD0114,3,0.2,13.42,Online,Credit Card,Pending,South
ORD007037,CUST00781,2025-12-23,PROD0056,5,0.25,19.28,In-Store,Debit Card,Delivered,East
ORD007038,CUST00562,2026-05-20,PROD0103,6,0.25,16.53,In-Store,Net Banking,Cancelled,East
ORD007039,CUST01458,2025-08-11,PROD0047,6,0.0,10.23,Online,UPI,Pending,South
ORD007040,CUST00808,2025-07-14,PROD0068,2,0.3,22.39,In-Store,Credit Card,Delivered,East
ORD007041,CUST00752,2025-12-06,PROD0085,4,0.0,4.06,Mobile App,Wallet,Delivered,South
ORD007042,CUST01601,2026-06-02,PROD0020,1,0.2,24.89,Online,Net Banking,Delivered,North
ORD007043,CUST00598,2025-09-16,PROD0069,3,0.25,2.97,In-Store,UPI,Delivered,North
ORD007044,CUST00504,2025-12-25,PROD0037,3,0.25,0.37,Online,Debit Card,Delivered,West
ORD007045,CUST01059,2025-08-01,PROD0027,1,0.05,22.25,Online,Debit Card,Delivered,West
ORD007046,CUST01143,2025-10-08,PROD0095,1,0.0,6.12,In-Store,COD,Delivered,North
ORD007047,CUST01267,2026-05-25,PROD0002,1,0.3,18.24,In-Store,Credit Card,Delivered,East
ORD007048,CUST00881,2025-12-18,PROD0105,5,0.3,20.28,Online,UPI,Cancelled,East
ORD007049,CUST01422,2025-10-21,PROD0006,5,0.05,21.47,Mobile App,Wallet,Cancelled,East
ORD007050,CUST01649,2025-11-24,PROD0041,5,0.3,24.79,Mobile App,Credit Card,Cancelled,South
ORD007051,CUST01931,2025-10-18,PROD0076,5,0.2,7.35,In-Store,Net Banking,Delivered,North
ORD007052,CUST01174,2026-03-27,PROD0075,1,0.3,17.76,Online,Debit Card,Delivered,West
ORD007053,CUST01559,2025-10-09,PROD0060,6,0.0,2.88,In-Store,COD,Delivered,South
ORD007054,CUST01834,2026-06-09,PROD0071,4,0.05,10.17,Mobile App,UPI,Cancelled,North
ORD007055,CUST01588,2026-03-24,PROD0065,2,0.0,21.2,Online,COD,Delivered,East
ORD007056,CUST00831,2025-11-27,PROD0042,2,0.3,9.19,In-Store,Credit Card,Delivered,East
ORD007057,CUST01057,2025-11-14,PROD0015,2,0.3,14.78,Mobile App,UPI,Delivered,North
ORD007058,CUST01930,2026-05-30,PROD0056,1,0.3,12.59,Mobile App,UPI,Delivered,South
ORD007059,CUST00929,2026-07-30,PROD0115,2,0.1,16.15,Online,COD,Cancelled,North
ORD007060,CUST01919,2026-03-28,PROD0041,2,0.25,24.32,Mobile App,UPI,Delivered,North
ORD007061,CUST01051,2026-02-06,PROD0006,6,0.1,1.39,Online,Debit Card,Delivered,West
ORD007062,CUST00880,2025-07-12,PROD0006,6,0.0,14.35,Online,Net Banking,Returned,North
ORD007063,CUST01859,2025-10-29,PROD0064,1,0.0,21.58,Online,COD,Delivered,South
ORD007064,CUST00579,2025-11-27,PROD0013,5,0.1,12.03,Online,Credit Card,Delivered,East
ORD007065,CUST01186,2026-04-16,PROD0086,3,0.1,1.96,In-Store,Wallet,Delivered,West
ORD007066,CUST00113,2026-07-03,PROD0109,4,0.15,14.01,Online,Wallet,Delivered,North
ORD007067,CUST00448,2026-03-08,PROD0036,1,0.15,8.3,Mobile App,UPI,Delivered,North
ORD007068,CUST01192,2025-12-04,PROD0004,4,0.0,3.87,In-Store,Credit Card,Delivered,South
ORD007069,CUST00235,0000-00-00,PROD0029,6,0.0,21.23,Online,Debit Card,Delivered,North
ORD007070,CUST00387,2026-05-08,PROD0060,5,0.1,13.04,In-Store,Debit Card,Cancelled,East
ORD007071,CUST01332,2026-02-03,PROD0044,6,0.1,23.33,In-Store,COD,Delivered,North
ORD007072,CUST01814,2026-07-08,PROD0105,4,0.3,20.15,Online,Debit Card,Delivered,East
ORD007073,CUST00647,2025-10-15,PROD0040,5,0.0,17.32,In-Store,COD,Delivered,East
ORD007074,CUST00682,2025-10-21,PROD0061,2,0.0,0.13,In-Store,Credit Card,Delivered,West
ORD007075,CUST01146,2026-04-25,PROD0070,4,0.0,10.7,In-Store,UPI,Delivered,North
ORD007076,CUST00300,2025-07-21,PROD0017,3,0.0,4.94,In-Store,Net Banking,Delivered,East
ORD007077,CUST00808,2026-04-17,PROD0104,1,0.15,22.77,In-Store,Wallet,Cancelled,West
ORD007078,CUST01605,2026-03-31,PROD0088,5,0.15,4.36,Mobile App,Net Banking,Delivered,South
ORD007079,CUST01320,2025-09-28,PROD0111,4,0.0,7.15,In-Store,Debit Card,Delivered,East
ORD007080,CUST00578,2025-11-09,PROD0034,2,0.25,12.92,Online,Credit Card,Delivered,East
ORD007081,CUST01453,2025-07-23,PROD0103,6,0.1,6.58,Mobile App,COD,Delivered,West
ORD007082,CUST00994,2025-11-22,PROD0080,1,0.0,5.25,Mobile App,UPI,Returned,East
ORD007083,CUST01627,2025-10-09,PROD0109,4,0.15,14.98,Mobile App,COD,Delivered,West
ORD007084,CUST00528,2026-05-05,PROD0077,3,0.0,2.22,Mobile App,COD,Delivered,West
ORD007085,CUST01839,2025-10-30,PROD0026,5,0.0,1.45,Mobile App,UPI,Delivered,North
ORD007086,CUST01264,2026-06-29,PROD0100,1,0.0,9.31,Mobile App,Credit Card,Delivered,South
ORD007087,CUST01248,2026-07-17,PROD0047,6,0.0,,In-Store,Debit Card,Delivered,North
ORD007088,CUST00981,2025-12-27,PROD0034,3,0.0,13.87,Online,Credit Card,Delivered,West
ORD007089,CUST01986,2025-11-20,PROD0060,4,0.2,10.57,In-Store,Credit Card,Delivered,East
ORD007090,CUST00707,2025-09-07,PROD0101,2,0.0,14.14,Mobile App,Net Banking,Delivered,South
ORD007091,CUST01154,2026-05-17,PROD0114,5,0.2,9.14,In-Store,Net Banking,Delivered,East
ORD007092,CUST01067,2026-03-03,PROD0121,1,0.0,23.4,Online,Debit Card,Delivered,North
ORD007093,CUST01513,2025-07-03,PROD0081,4,0.1,1.37,Mobile App,Wallet,Delivered,East
ORD007094,CUST01836,2026-07-09,PROD0103,5,0.2,16.83,Mobile App,COD,Delivered,East
ORD007095,CUST00549,2026-02-15,PROD0092,4,0.05,22.28,Online,Credit Card,Delivered,North
ORD007096,CUST00718,2025-09-13,PROD0074,2,0.05,20.1,In-Store,Debit Card,Delivered,West
ORD007097,CUST00118,2026-04-08,PROD0024,1,0.25,4.6,In-Store,Net Banking,Delivered,North
ORD007098,CUST01241,2025-09-11,PROD0067,4,0.15,7.4,Mobile App,Wallet,Delivered,South
ORD007099,CUST00307,2026-02-18,PROD0120,4,0.0,17.93,Online,UPI,Delivered,East
ORD007100,CUST01599,2025-08-11,PROD0089,1,0.25,2.11,In-Store,Credit Card,Cancelled,West
ORD007101,CUST00563,2026-03-06,PROD0049,3,0.3,20.3,Online,UPI,Delivered,North
ORD007102,CUST01144,2025-11-27,PROD0001,1,0.2,17.97,Online,Net Banking,Delivered,East
ORD007103,CUST00616,2026-04-26,PROD0038,2,0.1,18.24,Online,COD,Delivered,North
ORD007104,CUST01157,2025-11-17,PROD0119,6,0.1,2.51,Online,Net Banking,Delivered,East
ORD007105,CUST00111,2026-07-17,PROD0049,3,0.05,17.94,In-Store,COD,Delivered,East
ORD007106,CUST01492,2025-12-21,PROD0074,2,0.05,17.0,Online,Debit Card,Returned,South
ORD007107,CUST01098,2026-07-27,PROD0008,3,0.15,20.77,Online,Net Banking,Delivered,East
ORD007108,CUST00686,2026-02-05,PROD0030,5,0.0,1.04,In-Store,Net Banking,Delivered,North
ORD007109,CUST01977,2026-04-28,PROD0050,4,0.0,0.58,In-Store,Wallet,Delivered,West
ORD007110,CUST01905,2025-11-20,PROD0032,4,0.05,9.33,Mobile App,UPI,Delivered,North
ORD007111,CUST00241,2025-09-22,PROD0013,2,0.25,3.72,Mobile App,Debit Card,Delivered,South
ORD007112,CUST01851,2026-07-21,PROD0024,2,0.05,13.96,In-Store,Wallet,Delivered,South
ORD007113,CUST00966,2025-09-19,PROD0108,1,0.2,22.93,Mobile App,Wallet,Returned,South
ORD007114,CUST00072,08-31-2025,PROD0076,2,0.0,9.79,Mobile App,Debit Card,Delivered,East
ORD007115,CUST00158,2025-11-04,PROD0020,4,0.25,21.12,Mobile App,UPI,Cancelled,East
ORD007116,CUST00890,2025-11-03,PROD0033,3,0.0,0.01,Mobile App,UPI,Delivered,East
ORD007117,CUST00978,07-13-2026,PROD0067,4,0.0,4.21,In-Store,Net Banking,Delivered,North
ORD007118,CUST01900,2025-07-26,PROD0088,4,0.15,0.76,Mobile App,Debit Card,Delivered,East
ORD007119,CUST01796,2026-05-06,PROD0097,2,0.2,8.2,Mobile App,Credit Card,Delivered,West
ORD007120,CUST01747,2026-06-01,PROD0022,1,0.0,22.7,In-Store,Wallet,Delivered,East
ORD007121,CUST01114,2026-07-27,PROD0122,2,0.3,2.42,Mobile App,COD,Delivered,East
ORD007122,CUST01689,2025-09-08,PROD0034,3,0.05,15.16,In-Store,UPI,Delivered,East
ORD007123,CUST00961,2025-11-08,PROD0094,-1,0.15,11.29,In-Store,Wallet,Returned,West
ORD007124,CUST01831,2026-06-01,PROD0008,4,0.0,23.46,Mobile App,Net Banking,Delivered,South
ORD007125,CUST01233,2026-01-04,PROD0028,2,0.2,3.06,Online,COD,Returned,West
ORD007126,CUST01370,2025-07-19,PROD0080,2,0.05,5.3,Mobile App,COD,Delivered,East
ORD007127,CUST01190,2025-08-24,PROD0016,2,0.0,0.74,In-Store,COD,Delivered,East
ORD007128,CUST00744,2025-10-05,PROD0004,5,0.2,,In-Store,Wallet,Delivered,East
ORD007129,CUST01372,2025-08-17,PROD0098,2,0.2,6.95,Online,Credit Card,Delivered,South
ORD007130,CUST01137,2025-09-23,PROD0082,5,0.0,21.75,Mobile App,Wallet,Delivered,West
ORD007131,CUST01794,2025-12-09,PROD0068,3,0.15,15.12,Online,Net Banking,Delivered,South
ORD007132,CUST00359,2026-04-15,PROD0056,2,0.0,15.35,Online,COD,Delivered,South
ORD007133,CUST01199,2026-01-20,PROD0036,1,0.3,13.3,In-Store,UPI,Delivered,East
ORD007134,CUST01747,2026-05-11,PROD0009,6,0.1,2.3,Online,Debit Card,Delivered,North
ORD007135,CUST00612,2025-12-30,PROD0094,4,0.05,11.13,In-Store,Wallet,Pending,South
ORD007136,CUST01991,2026-04-07,PROD0040,6,0.0,24.99,In-Store,Debit Card,Delivered,East
ORD007137,CUST01372,2025-10-06,PROD0001,2,0.2,20.88,Online,UPI,Cancelled,West
ORD007138,CUST01179,2025-08-14,PROD0091,1,0.1,22.34,Online,Debit Card,Returned,South
ORD007139,CUST00209,2025-09-19,PROD0008,3,0.0,20.58,Online,UPI,Delivered,East
ORD007140,CUST00946,2026-03-05,PROD0034,2,0.1,2.58,Mobile App,Debit Card,Delivered,South
ORD007141,CUST01945,2025-10-19,PROD0013,5,0.2,5.69,Mobile App,Wallet,Delivered,North
ORD007142,CUST00540,2026-03-16,PROD0057,4,0.0,0.08,Online,UPI,Delivered,North
ORD007143,CUST01271,2026-05-24,PROD0075,1,0.0,7.59,Online,Wallet,Delivered,South
ORD007144,CUST01617,2025-08-17,PROD0101,4,0.0,2.72,In-Store,UPI,Delivered,South
ORD007145,CUST00023,2026-07-31,PROD0040,5,0.2,11.82,Mobile App,Net Banking,Delivered,West
ORD007146,CUST00890,2025-10-08,PROD0066,2,0.0,16.93,Online,Net Banking,Delivered,North
ORD007147,CUST00234,2025-07-16,PROD0002,3,0.05,21.86,Online,Debit Card,Returned,West
ORD007148,CUST01765,2025-08-14,PROD0118,1,0.15,18.73,Mobile App,COD,Delivered,East
ORD007149,CUST00110,2026-01-11,PROD0062,4,0.2,23.46,In-Store,Wallet,Delivered,East
ORD007150,CUST01386,2026-02-18,PROD0068,1,0.2,1.35,In-Store,Credit Card,Delivered,East
ORD007151,CUST00557,2026-07-10,PROD0056,6,0.15,0.3,Online,Credit Card,Delivered,North
ORD007152,CUST01863,2026-03-16,PROD0058,0,0.0,16.53,In-Store,Wallet,Delivered,North
ORD007153,CUST00228,2025-12-16,PROD0083,5,0.05,7.23,In-Store,COD,Delivered,East
ORD007154,CUST01900,2026-07-25,PROD0054,5,0.1,6.34,Mobile App,Debit Card,Delivered,North
ORD007155,CUST00750,2026-03-26,PROD0102,3,0.0,8.27,Online,Net Banking,Delivered,North
ORD007156,CUST01671,2025-09-16,PROD0110,5,0.05,6.74,Mobile App,Credit Card,Pending,East
ORD007157,CUST00021,2025-09-30,PROD0097,3,0.05,12.79,In-Store,COD,Delivered,South
ORD007158,CUST01845,2025-12-14,PROD0027,3,0.1,11.0,Online,Wallet,Pending,North
ORD007159,CUST00286,2026-05-29,PROD0016,2,0.25,12.81,In-Store,COD,Delivered,West
ORD007160,CUST00747,2026-04-16,PROD0022,1,0.3,16.82,Online,Credit Card,Delivered,West
ORD007161,CUST01727,2026-07-29,PROD0047,6,0.1,9.68,In-Store,UPI,Delivered,West
ORD007162,CUST01475,2026-07-06,PROD0081,3,0.2,6.28,Online,Net Banking,Pending,South
ORD007163,CUST00885,2025-09-30,PROD0058,1,0.15,4.16,In-Store,Wallet,Pending,West
ORD007164,CUST00187,2026-04-18,PROD0092,4,0.0,8.74,Online,Wallet,Delivered,West
ORD007165,CUST01139,2025-09-09,PROD0086,2,0.2,18.55,In-Store,Wallet,Delivered,South
ORD007166,CUST01673,2025-09-13,PROD0062,5,0.15,18.92,In-Store,Net Banking,Delivered,West
ORD007167,CUST01931,2026-03-30,PROD0070,5,0.0,16.67,Mobile App,Net Banking,Delivered,North
ORD007168,CUST01358,2025-12-29,PROD0098,1,0.15,5.85,Mobile App,Credit Card,Delivered,North
ORD007169,CUST01435,2026-07-28,PROD0004,2,0.05,14.7,In-Store,Credit Card,Delivered,East
ORD007170,CUST01863,2025-12-03,PROD0101,1,0.0,14.27,Mobile App,Net Banking,Delivered,South
ORD007171,CUST00104,2025-07-29,PROD0079,1,0.15,12.11,Online,UPI,Delivered,East
ORD007172,CUST00094,2025-08-03,PROD0114,3,0.15,13.75,In-Store,Wallet,Delivered,East
ORD007173,CUST00933,2025-08-06,PROD0017,5,0.1,12.29,Online,Credit Card,Delivered,South
ORD007174,CUST01269,2026-03-15,PROD0099,5,0.15,14.14,Mobile App,Credit Card,Delivered,West
ORD007175,CUST01010,2025-12-24,PROD0104,4,0.3,17.89,In-Store,Wallet,Delivered,East
ORD007176,CUST01238,2026-07-20,PROD0087,2,0.0,2.74,In-Store,Wallet,Delivered,East
ORD007177,CUST00287,06-24-2026,PROD0049,6,0.0,18.74,In-Store,Debit Card,Delivered,West
ORD007178,CUST01926,2026-01-15,PROD0059,6,0.1,3.4,In-Store,COD,Delivered,East
ORD007179,CUST01084,2026-05-12,PROD0118,5,0.2,1.67,In-Store,Credit Card,Delivered,East
ORD007180,CUST00969,2025-09-11,PROD0071,1,0.0,24.4,In-Store,UPI,Delivered,North
ORD007181,CUST00185,0000-00-00,PROD0020,2,0.15,23.92,Online,UPI,Delivered,North
ORD007182,CUST00852,2026-01-24,PROD0101,4,0.0,1.51,Mobile App,Credit Card,Pending,East
ORD007183,CUST00932,2025-08-12,PROD0014,5,0.0,11.08,Mobile App,Wallet,Delivered,South
ORD007184,CUST01803,2025-07-19,PROD0014,4,0.25,4.66,Online,COD,Delivered,West
ORD007185,CUST00368,2025-07-10,PROD0034,3,0.0,12.13,Mobile App,Net Banking,Delivered,East
ORD007186,CUST00040,2025-11-18,PROD0011,5,0.0,20.75,Mobile App,Credit Card,Delivered,East
ORD007187,CUST00767,2026-05-02,PROD0029,6,0.2,23.77,In-Store,COD,Delivered,East
ORD007188,CUST00105,2026-06-19,PROD0013,3,0.05,15.86,Online,Credit Card,Delivered,North
ORD007189,CUST00579,2025-07-15,PROD0059,1,0.05,8.85,Online,COD,Delivered,South
ORD007190,CUST01210,2026-05-24,PROD0098,3,0.05,15.08,In-Store,Net Banking,Delivered,East
ORD007191,CUST01093,2026-04-16,PROD0110,5,0.15,,Mobile App,UPI,Delivered,East
ORD007192,CUST01404,2026-02-09,PROD0054,4,0.05,22.75,Mobile App,Net Banking,Delivered,West
ORD007193,CUST00082,2026-02-06,PROD0024,6,0.0,21.76,In-Store,COD,Delivered,East
ORD007194,CUST00526,2026-07-16,PROD0102,1,0.0,13.96,Mobile App,Debit Card,Delivered,West
ORD007195,CUST01900,2026-03-02,PROD0054,1,0.25,8.12,In-Store,Net Banking,Delivered,East
ORD007196,CUST00429,2026-04-28,PROD0119,6,0.25,7.33,Mobile App,Wallet,Delivered,East
ORD007197,CUST00564,2025-10-04,PROD0097,1,0.2,0.84,In-Store,Net Banking,Cancelled,West
ORD007198,CUST00111,2025-08-14,PROD0006,1,0.15,20.4,Online,UPI,Delivered,East
ORD007199,CUST00141,2026-06-05,PROD0106,4,0.0,11.26,Mobile App,Net Banking,Delivered,South
ORD007200,CUST00990,2025-12-10,PROD0093,5,0.3,8.13,In-Store,Credit Card,Returned,West
ORD007201,CUST01452,2026-06-09,PROD0001,3,0.1,11.78,Mobile App,Credit Card,Delivered,South
ORD007202,CUST00175,2026-02-27,PROD0057,4,0.2,,Online,Debit Card,Cancelled,East
ORD007203,CUST01160,2025-11-19,PROD0078,6,0.2,3.12,In-Store,Wallet,Delivered,East
ORD007204,CUST00702,2025-08-11,PROD0045,4,0.0,21.44,Mobile App,UPI,Delivered,South
ORD007205,CUST01745,2025-11-04,PROD0048,2,0.1,22.44,In-Store,Credit Card,Delivered,North
ORD007206,CUST00213,2026-07-10,PROD0065,4,0.05,23.67,In-Store,Wallet,Returned,West
ORD007207,CUST00740,2025-07-12,PROD0040,1,0.0,9.94,Mobile App,COD,Delivered,South
ORD007208,CUST00121,2026-04-28,PROD0065,1,0.0,5.43,Mobile App,Net Banking,Delivered,North
ORD007209,CUST01153,2026-07-11,PROD0037,3,0.1,9.34,Online,Net Banking,Delivered,West
ORD007210,CUST01930,2025-12-13,PROD0092,6,0.0,8.32,Online,UPI,Delivered,West
ORD007211,CUST01215,2025-12-04,PROD0100,1,0.25,4.4,Mobile App,COD,Delivered,West
ORD007212,CUST00942,2025-09-23,PROD0052,4,0.0,15.18,Online,UPI,Delivered,South
ORD007213,CUST01075,2026-02-14,PROD0085,6,0.0,11.92,In-Store,Credit Card,Delivered,West
ORD007214,CUST01262,2025-09-25,PROD0016,4,0.3,21.64,In-Store,Wallet,Delivered,South
ORD007215,CUST00071,2026-07-13,PROD0001,4,0.0,0.8,Online,Wallet,Delivered,South
ORD007216,CUST01766,2026-04-23,PROD0016,6,0.1,16.1,In-Store,Debit Card,Delivered,South
ORD007217,CUST00338,2025-08-06,PROD0012,5,0.0,19.07,Online,COD,Delivered,West
ORD007218,CUST00822,2025-07-31,PROD0020,4,0.0,18.99,Online,Wallet,Cancelled,West
ORD007219,CUST01131,2026-05-18,PROD0077,4,0.3,22.15,In-Store,Credit Card,Returned,East
ORD007220,CUST00005,2025-11-05,PROD0074,4,0.0,18.23,Mobile App,COD,Delivered,North
ORD007221,CUST00392,06-10-2026,PROD0038,1,0.05,23.2,Mobile App,Credit Card,Delivered,West
ORD007222,CUST01341,2025-12-20,PROD0028,1,0.0,8.32,Mobile App,Credit Card,Pending,East
ORD007223,CUST01157,2025-12-04,PROD0085,3,0.2,12.58,In-Store,Net Banking,Delivered,West
ORD007224,CUST01872,2025-12-15,PROD0058,5,0.15,0.35,In-Store,Net Banking,Delivered,North
ORD007225,CUST00755,2026-04-22,PROD0107,3,0.05,0.17,Mobile App,Credit Card,Delivered,West
ORD007226,CUST01558,2026-07-30,PROD0010,1,0.0,6.0,Online,Net Banking,Returned,South
ORD007227,CUST01814,2026-04-27,PROD0063,3,0.3,2.52,In-Store,UPI,Delivered,North
ORD007228,CUST01505,2026-07-14,PROD0064,2,0.0,6.51,Mobile App,Wallet,Delivered,North
ORD007229,CUST00877,2026-01-12,PROD0031,2,0.25,4.43,Mobile App,Credit Card,Delivered,North
ORD007230,CUST00816,2025-07-15,PROD0017,2,0.0,0.71,Mobile App,COD,Delivered,West
ORD007231,CUST01807,2026-05-18,PROD0087,2,0.2,22.73,Online,UPI,Delivered,South
ORD007232,CUST00889,2025-12-04,PROD0036,5,0.15,0.21,Online,COD,Delivered,South
ORD007233,CUST00713,2026-05-12,PROD0015,5,0.15,18.4,Mobile App,Credit Card,Delivered,South
ORD007234,CUST01881,2025-08-22,PROD0096,6,0.25,3.8,Mobile App,UPI,Delivered,North
ORD007235,CUST01652,2025-11-13,PROD0081,2,0.0,22.81,Online,COD,Returned,North
ORD007236,CUST00814,2026-04-10,PROD0055,5,0.0,22.32,In-Store,Debit Card,Delivered,East
ORD007237,CUST01416,11-04-2025,PROD0036,3,0.1,16.35,Mobile App,Debit Card,Delivered,East
ORD007238,CUST00878,2025-11-08,PROD0052,4,0.0,16.81,In-Store,Wallet,Delivered,East
ORD007239,CUST00512,2025-07-24,PROD0016,5,0.3,0.13,Mobile App,UPI,Delivered,South
ORD007240,CUST01468,2025-11-01,PROD0006,2,0.1,24.62,In-Store,Wallet,Delivered,West
ORD007241,CUST00798,2025-10-25,PROD0066,2,0.3,21.95,In-Store,Debit Card,Delivered,South
ORD007242,CUST01374,2025-12-02,PROD0060,1,0.0,22.38,Mobile App,Debit Card,Delivered,South
ORD007243,CUST01173,2026-06-16,PROD0117,1,0.1,16.48,In-Store,Net Banking,Delivered,East
ORD007244,CUST01571,2026-03-11,PROD0052,5,0.25,8.62,Online,COD,Delivered,West
ORD007245,CUST01131,0000-00-00,PROD0120,5,0.15,22.34,In-Store,Credit Card,Delivered,South
ORD007246,CUST00904,2025-09-04,PROD0096,5,0.25,7.29,Mobile App,Debit Card,Delivered,East
ORD007247,CUST01966,2026-05-06,PROD0118,5,0.1,14.07,Mobile App,UPI,Delivered,South
ORD007248,CUST00730,2026-07-11,PROD0109,4,0.0,2.49,Online,Net Banking,Delivered,South
ORD007249,CUST01096,2025-09-12,PROD0111,4,0.1,23.05,In-Store,Net Banking,Returned,West
ORD007250,CUST01522,2026-04-08,PROD0093,4,0.3,3.52,Online,UPI,Delivered,South
ORD007251,CUST01739,2026-07-22,PROD0039,1,0.25,5.62,Mobile App,COD,Cancelled,South
ORD007252,CUST00584,2025-10-01,PROD0064,2,0.15,13.95,Online,UPI,Delivered,East
ORD007253,CUST01180,2025-10-31,PROD0072,3,0.0,19.1,Mobile App,COD,Delivered,East
ORD007254,CUST00962,2026-02-13,PROD0003,6,0.25,15.48,Mobile App,COD,Delivered,East
ORD007255,CUST00367,2025-10-11,PROD0113,4,0.0,,Mobile App,Net Banking,Delivered,West
ORD007256,CUST01398,2025-12-15,PROD0050,5,0.0,0.02,Mobile App,UPI,Delivered,West
ORD007257,CUST01784,2025-10-09,PROD0080,4,0.3,18.93,Online,Wallet,Returned,South
ORD007258,CUST00460,2026-01-26,PROD0114,3,0.2,24.63,Mobile App,Net Banking,Cancelled,South
ORD007259,CUST01060,2025-08-06,PROD0098,1,0.15,20.25,Online,UPI,Delivered,West
ORD007260,CUST00113,2026-05-29,PROD0008,5,0.0,11.51,Online,COD,Cancelled,South
ORD007261,CUST01704,2026-03-05,PROD0006,3,0.25,22.59,Mobile App,Debit Card,Delivered,West
ORD007262,CUST00934,2025-11-18,PROD0070,2,0.0,10.25,Mobile App,UPI,Delivered,East
ORD007263,CUST00939,2026-06-12,PROD0094,2,0.0,13.12,In-Store,Debit Card,Delivered,South
ORD007264,CUST01053,2025-10-12,PROD0100,1,0.2,11.93,In-Store,UPI,Delivered,North
ORD007265,CUST01544,2026-03-12,PROD0117,5,0.0,11.19,In-Store,Credit Card,Delivered,West
ORD007266,CUST00524,2025-08-13,PROD0034,5,0.25,19.38,Mobile App,Debit Card,Delivered,North
ORD007267,CUST00199,2025-08-04,PROD0105,6,0.25,13.17,Mobile App,Credit Card,Delivered,West
ORD007268,CUST01678,2025-12-27,PROD0104,4,0.05,7.92,In-Store,Credit Card,Delivered,East
ORD007269,CUST00435,2026-07-17,PROD0111,5,0.25,6.45,In-Store,Net Banking,Returned,West
ORD007270,CUST01840,2025-12-18,PROD0007,6,0.0,0.94,Online,Credit Card,Delivered,East
ORD007271,CUST00995,2026-05-10,PROD0056,5,0.15,14.58,Mobile App,Credit Card,Delivered,North
ORD007272,CUST00499,2025-10-12,PROD0032,6,0.0,5.75,Online,Debit Card,Delivered,North
ORD007273,CUST00945,2026-03-20,PROD0118,1,0.3,3.7,Mobile App,Credit Card,Delivered,East
ORD007274,CUST00399,2025-12-07,PROD0098,1,0.25,16.35,Mobile App,Wallet,Delivered,East
ORD007275,CUST01130,2025-12-26,PROD0094,3,0.15,17.03,In-Store,Wallet,Delivered,South
ORD007276,CUST00817,2026-04-05,PROD0097,1,0.15,18.8,Mobile App,COD,Delivered,West
ORD007277,CUST01951,2026-01-12,PROD0113,3,0.0,,Mobile App,Debit Card,Delivered,West
ORD007278,CUST01543,2025-12-06,PROD0113,1,0.0,22.35,In-Store,Wallet,Pending,South
ORD007279,CUST00205,2025-11-15,PROD0030,5,0.0,23.41,Mobile App,Debit Card,Delivered,West
ORD007280,CUST00549,2026-06-04,PROD0022,4,0.3,20.18,Mobile App,UPI,Delivered,West
ORD007281,CUST00518,2026-01-02,PROD0053,4,0.3,15.89,Mobile App,Wallet,Delivered,North
ORD007282,CUST01051,2026-01-15,PROD0094,3,0.2,7.59,Online,UPI,Delivered,East
ORD007283,CUST00590,2026-02-16,PROD0074,3,0.0,24.57,In-Store,Debit Card,Delivered,West
ORD007284,CUST01988,2026-01-10,PROD0024,3,0.0,6.85,Mobile App,Wallet,Delivered,East
ORD007285,CUST00194,2025-09-28,PROD0110,3,0.25,5.07,Mobile App,Wallet,Delivered,West
ORD007286,CUST01553,2026-01-29,PROD0014,-1,0.0,11.05,Mobile App,Wallet,Delivered,West
ORD007287,CUST00415,2026-01-26,PROD0018,2,0.3,1.42,Online,Wallet,Delivered,South
ORD007288,CUST00179,2025-12-30,PROD0073,4,0.05,24.46,Online,Net Banking,Delivered,North
ORD007289,CUST01594,2026-07-17,PROD0081,3,0.0,14.71,Mobile App,Debit Card,Pending,North
ORD007290,CUST01502,2025-08-03,PROD0043,2,0.0,13.92,Online,Debit Card,Delivered,West
ORD007291,CUST01315,2026-04-10,PROD0074,2,0.3,16.39,In-Store,COD,Delivered,West
ORD007292,CUST01923,2025-10-28,PROD0100,1,0.05,12.43,Mobile App,UPI,Cancelled,South
ORD007293,CUST00951,2026-05-17,PROD0061,1,0.15,,Online,COD,Delivered,South
ORD007294,CUST01963,2025-09-25,PROD0113,4,0.0,15.31,Online,Credit Card,Delivered,South
ORD007295,CUST01567,2025-10-25,PROD0020,6,0.1,17.9,In-Store,Net Banking,Pending,North
ORD007296,CUST00225,2026-02-01,PROD0033,3,0.25,10.42,Online,Net Banking,Cancelled,North
ORD007297,CUST01097,2025-08-15,PROD0064,4,0.0,18.93,Online,Credit Card,Delivered,West
ORD007298,CUST00198,2025-08-18,PROD0007,2,0.25,5.68,Mobile App,UPI,Cancelled,West
ORD007299,CUST00839,2025-12-08,PROD0049,3,0.1,5.53,In-Store,Credit Card,Delivered,East
ORD007300,CUST01466,2025-11-14,PROD0099,5,0.1,4.04,Mobile App,Net Banking,Delivered,West
ORD007301,CUST01156,2025-07-09,PROD0026,4,0.3,9.3,Mobile App,Debit Card,Delivered,South
ORD007302,CUST00385,2026-06-04,PROD0081,5,0.0,21.18,In-Store,Debit Card,Delivered,South
ORD007303,CUST01107,2026-04-06,PROD0094,2,0.25,20.7,In-Store,Debit Card,Delivered,South
ORD007304,CUST00500,2025-12-09,PROD0120,2,0.25,9.57,Mobile App,Wallet,Delivered,North
ORD007305,CUST01046,2026-05-29,PROD0052,2,0.25,14.73,Online,Credit Card,Pending,North
ORD007306,CUST01940,2026-02-22,PROD0051,5,0.3,18.02,In-Store,Debit Card,Delivered,South
ORD007307,CUST01395,2026-01-17,PROD0007,4,0.05,6.03,Online,UPI,Returned,East
ORD007308,CUST00020,2026-01-15,PROD0082,1,0.25,4.2,In-Store,COD,Delivered,North
ORD007309,CUST00028,2025-10-09,PROD0056,3,0.05,24.3,Mobile App,Credit Card,Cancelled,East
ORD007310,CUST01860,2026-07-14,PROD0024,4,0.0,15.44,Online,Net Banking,Delivered,North
ORD007311,CUST01355,2025-09-14,PROD0019,1,0.3,,In-Store,Debit Card,Delivered,North
ORD007312,CUST00330,2025-11-05,PROD0078,5,0.3,8.44,Mobile App,Wallet,Delivered,West
ORD007313,CUST00366,2025-09-26,PROD0052,2,0.0,17.58,In-Store,COD,Delivered,East
ORD007314,CUST00659,2025-10-22,PROD0062,2,0.05,5.57,Mobile App,Wallet,Delivered,West
ORD007315,CUST01276,2026-06-10,PROD0113,6,0.2,6.53,Online,Net Banking,Delivered,East
ORD007316,CUST00644,2025-09-09,PROD0078,6,0.25,12.8,Mobile App,Debit Card,Delivered,South
ORD007317,CUST01646,2026-04-10,PROD0072,6,0.05,7.99,In-Store,Wallet,Cancelled,West
ORD007318,CUST00242,2026-07-08,PROD0016,5,0.1,4.19,In-Store,Wallet,Delivered,East
ORD007319,CUST00602,2026-01-10,PROD0113,4,0.3,,Mobile App,Wallet,Delivered,North
ORD007320,CUST01750,2025-09-18,PROD0119,1,0.0,0.89,In-Store,Credit Card,Delivered,South
ORD007321,CUST00133,2026-04-17,PROD0001,5,0.05,17.61,Online,COD,Delivered,East
ORD007322,CUST00413,2026-06-16,PROD0074,4,0.25,12.3,Mobile App,Net Banking,Cancelled,North
ORD007323,CUST00589,2025-11-21,PROD0032,5,0.0,2.36,Mobile App,Wallet,Delivered,North
ORD007324,CUST01676,2025-10-10,PROD0016,3,0.1,4.29,Online,COD,Cancelled,West
ORD007325,CUST00129,2026-06-28,PROD0108,6,0.0,2.56,Online,COD,Cancelled,East
ORD007326,CUST01568,2025-08-23,PROD0011,6,0.2,15.31,Online,Debit Card,Delivered,South
ORD007327,CUST00586,2026-06-28,PROD0057,4,0.0,2.36,In-Store,Credit Card,Returned,East
ORD007328,CUST01936,2025-07-17,PROD0076,2,0.05,18.86,In-Store,Wallet,Pending,North
ORD007329,CUST01810,2025-11-16,PROD0022,4,0.25,0.51,Online,Net Banking,Cancelled,East
ORD007330,CUST01187,2025-08-23,PROD0042,5,0.1,6.23,Mobile App,Wallet,Delivered,North
ORD007331,CUST01307,2025-10-14,PROD0025,4,0.2,22.27,In-Store,Net Banking,Delivered,North
ORD007332,CUST01396,2026-07-15,PROD0096,2,0.0,17.96,Online,UPI,Delivered,West
ORD007333,CUST00300,2026-04-12,PROD0079,1,0.05,1.82,Mobile App,Wallet,Delivered,West
ORD007334,CUST00105,2025-11-08,PROD0032,4,0.2,20.53,Online,Credit Card,Cancelled,East
ORD007335,CUST01250,2025-07-10,PROD0094,4,0.15,12.33,In-Store,COD,Delivered,East
ORD007336,CUST00197,2025-10-18,PROD0119,6,0.2,21.17,In-Store,Credit Card,Delivered,North
ORD007337,CUST00963,2025-09-05,PROD0034,4,0.1,15.02,Online,Debit Card,Returned,West
ORD007338,CUST00888,2025-12-03,PROD0100,4,0.05,17.05,In-Store,Net Banking,Delivered,East
ORD007339,CUST01994,2026-06-18,PROD0054,0,0.1,24.84,Online,Credit Card,Delivered,North
ORD007340,CUST00313,2025-10-31,PROD0002,2,0.3,5.81,Mobile App,Credit Card,Delivered,West
ORD007341,CUST01769,2026-01-12,PROD0120,3,0.1,15.6,Mobile App,Credit Card,Delivered,West
ORD007342,CUST00730,2026-04-03,PROD0087,6,0.25,11.51,In-Store,Debit Card,Delivered,North
ORD007343,CUST01693,2025-09-03,PROD0040,4,0.2,0.99,Online,COD,Delivered,North
ORD007344,CUST01001,2026-01-21,PROD0122,6,0.2,0.36,Online,COD,Returned,South
ORD007345,CUST00032,2025-12-26,PROD0042,3,0.1,2.98,In-Store,Credit Card,Returned,North
ORD007346,CUST01239,2026-04-12,PROD0062,1,0.25,16.23,In-Store,Debit Card,Delivered,South
ORD007347,CUST01801,2025-10-15,PROD0037,2,0.05,14.18,Online,Wallet,Delivered,East
ORD007348,CUST00816,2025-12-01,PROD0032,2,0.0,13.84,Online,Net Banking,Delivered,West
ORD007349,CUST01518,2026-04-07,PROD0023,6,0.3,0.8,In-Store,Credit Card,Pending,West
ORD007350,CUST01480,2026-06-06,PROD0029,3,0.0,11.73,In-Store,Credit Card,Delivered,West
ORD007351,CUST00974,2025-07-24,PROD0035,2,0.0,23.12,Mobile App,Wallet,Delivered,West
ORD007352,CUST01523,2025-11-10,PROD0091,5,0.3,9.94,Mobile App,Wallet,Delivered,East
ORD007353,CUST00763,2026-03-14,PROD0093,3,0.2,15.62,Online,UPI,Delivered,East
ORD007354,CUST00333,2026-01-02,PROD0067,4,0.0,19.5,Mobile App,Debit Card,Delivered,North
ORD007355,CUST01345,05-06-2026,PROD0050,5,0.1,19.6,Mobile App,Debit Card,Cancelled,East
ORD007356,CUST01522,2025-09-17,PROD0024,2,0.15,12.98,In-Store,Net Banking,Returned,North
ORD007357,CUST01123,2025-12-10,PROD0006,4,0.0,21.45,Online,Wallet,Delivered,North
ORD007358,CUST01320,2025-09-25,PROD0027,1,0.2,9.78,In-Store,Debit Card,Delivered,South
ORD007359,CUST00006,2025-10-16,PROD0089,2,0.0,22.22,In-Store,COD,Delivered,West
ORD007360,CUST01032,2026-05-11,PROD0004,3,0.0,6.01,Mobile App,COD,Cancelled,South
ORD007361,CUST01778,2025-07-22,PROD0029,5,0.15,7.01,In-Store,Debit Card,Cancelled,East
ORD007362,CUST00373,2025-12-19,PROD0091,4,0.0,1.33,In-Store,UPI,Cancelled,North
ORD007363,CUST00895,2026-04-24,PROD0035,4,0.25,19.89,Mobile App,Net Banking,Delivered,East
ORD007364,CUST01571,2025-09-22,PROD0002,6,0.0,,In-Store,Debit Card,Delivered,South
ORD007365,CUST01916,2025-10-16,PROD0070,5,0.2,5.73,In-Store,Net Banking,Delivered,North
ORD007366,CUST01161,2026-05-26,PROD0099,5,0.0,5.79,In-Store,Debit Card,Delivered,West
ORD007367,CUST01623,2025-11-19,PROD0053,1,0.0,22.53,Mobile App,Net Banking,Delivered,East
ORD007368,CUST00993,2026-03-18,PROD0029,3,0.1,20.85,Online,UPI,Pending,North
ORD007369,CUST01883,2026-07-01,PROD0100,3,0.05,13.84,Mobile App,Net Banking,Delivered,West
ORD007370,CUST01861,2026-01-29,PROD0088,4,0.3,15.4,Mobile App,COD,Delivered,West
ORD007371,CUST01985,2025-09-01,PROD0095,4,0.2,11.86,Mobile App,UPI,Delivered,West
ORD007372,CUST01199,2026-05-06,PROD0039,6,0.0,9.79,In-Store,UPI,Delivered,South
ORD007373,CUST00466,2025-11-17,PROD0059,4,0.3,22.89,Online,Wallet,Delivered,West
ORD007374,CUST00877,2025-10-09,PROD0018,1,0.0,3.14,In-Store,COD,Delivered,West
ORD007375,CUST00568,2025-08-14,PROD0107,2,0.2,10.46,In-Store,Wallet,Delivered,South
ORD007376,CUST01806,2026-02-07,PROD0032,4,0.25,8.61,Online,Wallet,Delivered,North
ORD007377,CUST00894,2026-03-01,PROD0019,-3,0.05,12.45,Online,Debit Card,Delivered,South
ORD007378,CUST00034,0000-00-00,PROD0065,1,0.2,11.44,Mobile App,UPI,Delivered,North
ORD007379,CUST01737,2026-01-13,PROD0047,3,0.05,12.97,Online,COD,Delivered,East
ORD007380,CUST01432,2026-06-25,PROD0069,6,0.1,3.5,In-Store,UPI,Delivered,South
ORD007381,CUST00123,2026-02-06,PROD0080,1,0.2,12.83,Mobile App,Net Banking,Delivered,West
ORD007382,CUST01548,2025-12-17,PROD0080,3,0.1,6.06,Online,UPI,Delivered,West
ORD007383,CUST00682,2025-10-21,PROD0115,3,0.15,4.61,Online,COD,Delivered,North
ORD007384,CUST00912,2025-11-20,PROD0061,3,0.0,1.62,In-Store,COD,Delivered,North
ORD007385,CUST00789,10-24-2025,PROD0057,4,0.0,19.07,In-Store,Debit Card,Delivered,East
ORD007386,CUST01153,2025-09-12,PROD0087,3,0.05,10.69,Online,Net Banking,Delivered,East
ORD007387,CUST01497,2026-07-18,PROD0046,6,0.0,15.67,Mobile App,Net Banking,Delivered,East
ORD007388,CUST00197,2025-10-17,PROD0091,1,0.0,18.19,Online,COD,Returned,North
ORD007389,CUST01403,2025-10-15,PROD0112,3,0.3,16.98,Mobile App,UPI,Delivered,North
ORD007390,CUST01663,2025-08-06,PROD0075,4,0.25,11.76,Mobile App,UPI,Delivered,West
ORD007391,CUST01923,2026-06-01,PROD0013,6,0.15,9.7,Online,Wallet,Delivered,East
ORD007392,CUST00371,2026-01-08,PROD0045,4,0.05,9.4,In-Store,Net Banking,Delivered,North
ORD007393,CUST01404,2025-08-29,PROD0033,1,0.0,16.0,Mobile App,Net Banking,Returned,North
ORD007394,CUST00781,2025-11-23,PROD0032,5,0.25,12.37,Online,COD,Delivered,North
ORD007395,CUST01569,2026-01-12,PROD0012,5,0.05,21.23,In-Store,Wallet,Cancelled,East
ORD007396,CUST01503,2026-06-02,PROD0011,5,0.05,21.87,Online,UPI,Pending,South
ORD007397,CUST01111,2025-11-08,PROD0081,6,0.0,4.26,Mobile App,UPI,Delivered,North
ORD007398,CUST01313,2026-04-20,PROD0067,2,0.2,3.41,Online,Wallet,Pending,South
ORD007399,CUST01574,2026-06-02,PROD0077,5,0.1,15.76,Online,Debit Card,Delivered,East
ORD007400,CUST01533,2025-12-21,PROD0027,1,0.0,7.53,In-Store,Wallet,Cancelled,East
ORD007401,CUST00445,2026-05-28,PROD0102,2,0.15,0.46,In-Store,Wallet,Delivered,West
ORD007402,CUST00182,08-01-2025,PROD0102,3,0.0,22.22,Online,UPI,Cancelled,West
ORD007403,CUST01032,2026-03-17,PROD0036,3,0.1,5.67,Mobile App,Wallet,Delivered,West
ORD007404,CUST00923,10-23-2025,PROD0082,1,0.0,23.23,Online,Wallet,Delivered,North
ORD007405,CUST00899,2025-09-13,PROD0024,6,0.25,17.94,In-Store,Debit Card,Delivered,North
ORD007406,CUST00703,2025-11-27,PROD0102,3,0.25,19.07,Online,COD,Delivered,West
ORD007407,CUST01930,2025-12-22,PROD0017,6,0.2,5.04,In-Store,Wallet,Returned,East
ORD007408,CUST01053,2025-11-01,PROD0011,5,0.05,5.85,Online,COD,Delivered,South
ORD007409,CUST01497,2026-03-20,PROD0002,4,0.0,13.03,Mobile App,COD,Delivered,West
ORD007410,CUST01604,2025-07-09,PROD0011,2,0.1,4.3,Mobile App,Net Banking,Delivered,West
ORD007411,CUST00046,2026-06-19,PROD0032,1,0.1,7.64,Mobile App,COD,Pending,South
ORD007412,CUST01112,2025-11-04,PROD0005,6,0.15,8.04,Online,COD,Delivered,South
ORD007413,CUST00581,2025-10-16,PROD0056,6,0.3,3.99,Mobile App,UPI,Delivered,East
ORD007414,CUST00224,2026-05-04,PROD0062,2,0.0,5.13,Online,UPI,Delivered,North
ORD007415,CUST00304,2025-08-18,PROD0057,5,0.2,19.71,Online,Debit Card,Delivered,North
ORD007416,CUST01604,2025-12-17,PROD0011,2,0.25,4.18,Mobile App,Debit Card,Pending,South
ORD007417,CUST01202,2026-03-23,PROD0046,5,0.2,0.71,Mobile App,UPI,Delivered,West
ORD007418,CUST01145,2026-05-03,PROD0085,5,0.1,,Online,Wallet,Delivered,West
ORD007419,CUST00530,2025-12-29,PROD0007,1,0.25,24.4,Mobile App,COD,Delivered,North
ORD007420,CUST01986,2026-07-25,PROD0016,3,0.05,8.28,In-Store,Net Banking,Delivered,West
ORD007421,CUST00058,2025-10-07,PROD0083,3,0.15,2.97,In-Store,Credit Card,Delivered,South
ORD007422,CUST00863,2026-07-22,PROD0119,-1,0.0,14.26,In-Store,Credit Card,Delivered,North
ORD007423,CUST01434,2026-07-11,PROD0068,3,0.05,22.66,Online,UPI,Delivered,East
ORD007424,CUST00112,2025-09-24,PROD0032,5,0.0,19.6,Mobile App,COD,Cancelled,West
ORD007425,CUST00498,2025-12-19,PROD0056,2,0.15,15.56,Mobile App,UPI,Delivered,North
ORD007426,CUST00501,2026-02-14,PROD0039,3,0.15,7.88,Mobile App,Wallet,Delivered,South
ORD007427,CUST01952,2026-06-29,PROD0006,3,0.2,13.55,Mobile App,Wallet,Delivered,East
ORD007428,CUST00663,02-07-2026,PROD0003,4,0.3,2.28,Mobile App,Wallet,Delivered,North
ORD007429,CUST01677,2026-06-09,PROD0093,1,0.15,16.97,Online,Net Banking,Pending,South
ORD007430,CUST01289,2025-08-13,PROD0047,3,0.1,18.13,Mobile App,Wallet,Delivered,South
ORD007431,CUST01141,2025-12-08,PROD0082,4,0.0,24.13,Online,COD,Delivered,North
ORD007432,CUST00271,2026-05-08,PROD0066,3,0.15,6.51,In-Store,Wallet,Delivered,West
ORD007433,CUST01899,2025-09-14,PROD0049,6,0.05,0.46,In-Store,Credit Card,Delivered,North
ORD007434,CUST01755,2025-07-27,PROD0102,6,0.1,13.64,Mobile App,UPI,Returned,South
ORD007435,CUST01397,2025-08-18,PROD0025,2,0.15,17.67,Online,Wallet,Delivered,East
ORD007436,CUST00538,0000-00-00,PROD0117,3,0.3,19.76,In-Store,COD,Delivered,West
ORD007437,CUST01192,2025-09-21,PROD0019,1,0.0,4.84,In-Store,Credit Card,Delivered,West
ORD007438,CUST00508,2026-01-24,PROD0105,3,0.15,6.54,Online,Credit Card,Delivered,North
ORD007439,CUST00597,2025-09-23,PROD0082,5,0.0,12.81,In-Store,Credit Card,Delivered,North
ORD007440,CUST01835,2026-04-06,PROD0098,3,0.0,8.27,In-Store,Credit Card,Delivered,North
ORD007441,CUST00413,2026-02-28,PROD0004,4,0.0,21.51,Mobile App,Debit Card,Cancelled,West
ORD007442,CUST00819,2025-09-13,PROD0034,2,0.15,,In-Store,Debit Card,Delivered,East
ORD007443,CUST01515,2026-03-30,PROD0012,1,0.0,19.99,Online,Wallet,Delivered,East
ORD007444,CUST00411,2026-02-25,PROD0062,3,0.15,14.52,Online,UPI,Delivered,South
ORD007445,CUST00890,2026-03-31,PROD0070,2,0.25,19.33,Online,Wallet,Delivered,East
ORD007446,CUST00557,2026-02-28,PROD0005,2,0.05,8.32,In-Store,Debit Card,Delivered,North
ORD007447,CUST00680,2026-06-05,PROD0003,3,0.2,20.79,Mobile App,Debit Card,Cancelled,South
ORD007448,CUST00972,2025-07-23,PROD0063,4,0.3,6.86,Online,Wallet,Pending,North
ORD007449,CUST00355,08-14-2025,PROD0066,6,0.05,13.65,Online,Credit Card,Delivered,North
ORD007450,CUST01644,2025-10-05,PROD0092,4,0.0,5.35,Mobile App,UPI,Delivered,East
ORD007451,CUST00088,2026-02-02,PROD0104,6,0.0,11.89,In-Store,Debit Card,Returned,West
ORD007452,CUST01308,08-24-2025,PROD0001,5,0.1,7.95,In-Store,Wallet,Returned,North
ORD007453,CUST00065,2026-01-15,PROD0051,6,0.0,6.67,Mobile App,Credit Card,Delivered,East
ORD007454,CUST01837,2026-07-10,PROD0011,4,0.0,24.17,Mobile App,Credit Card,Cancelled,East
ORD007455,CUST00800,2025-09-29,PROD0107,4,0.0,4.0,Online,Wallet,Delivered,North
ORD007456,CUST00608,2025-11-25,PROD0044,3,0.2,19.68,Mobile App,Net Banking,Delivered,North
ORD007457,CUST00955,2025-10-11,PROD0106,5,0.0,24.6,Online,Debit Card,Delivered,West
ORD007458,CUST00556,2026-02-14,PROD0060,4,0.05,0.5,In-Store,COD,Delivered,South
ORD007459,CUST01422,2025-10-07,PROD0011,3,0.15,17.48,Online,Credit Card,Delivered,South
ORD007460,CUST00138,2026-03-24,PROD0008,3,0.1,6.32,Mobile App,COD,Delivered,North
ORD007461,CUST00230,2025-11-21,PROD0018,2,0.2,1.01,Online,UPI,Delivered,West
ORD007462,CUST00814,2026-04-20,PROD0116,1,0.05,10.07,In-Store,Wallet,Delivered,North
ORD007463,CUST01950,2026-01-19,PROD0095,4,0.0,23.38,Mobile App,COD,Delivered,East
ORD007464,CUST00765,2025-08-13,PROD0090,6,0.2,0.29,Mobile App,UPI,Delivered,West
ORD007465,CUST00250,2026-06-16,PROD0121,3,0.1,14.7,Mobile App,Wallet,Delivered,North
ORD007466,CUST00838,2026-06-09,PROD0025,4,0.0,12.53,Mobile App,COD,Delivered,East
ORD007467,CUST01517,2025-11-16,PROD0104,2,0.0,21.83,In-Store,Net Banking,Pending,West
ORD007468,CUST01364,08-09-2025,PROD0096,4,0.1,2.1,Mobile App,COD,Cancelled,East
ORD007469,CUST00073,2025-08-22,PROD0016,4,0.1,17.04,Online,COD,Delivered,North
ORD007470,CUST01466,2026-02-21,PROD0091,5,0.0,17.0,Online,Credit Card,Cancelled,South
ORD007471,CUST00066,2026-05-29,PROD0019,2,0.2,16.73,Mobile App,Net Banking,Cancelled,East
ORD007472,CUST01192,2026-01-24,PROD0082,6,0.05,23.56,In-Store,Credit Card,Delivered,East
ORD007473,CUST00951,2025-08-05,PROD0101,1,0.3,20.58,Online,Debit Card,Delivered,North
ORD007474,CUST01492,2025-08-26,PROD0030,6,0.0,1.05,Online,Credit Card,Delivered,East
ORD007475,CUST00153,2026-01-13,PROD0109,1,0.2,11.78,Online,UPI,Delivered,West
ORD007476,CUST01023,2025-08-21,PROD0115,4,0.2,9.95,Mobile App,Debit Card,Returned,North
ORD007477,CUST01783,2025-11-16,PROD0042,4,0.1,7.75,Online,Debit Card,Returned,North
ORD007478,CUST01721,2026-06-03,PROD0031,4,0.2,11.28,In-Store,COD,Delivered,West
ORD007479,CUST01600,2026-05-18,PROD0093,2,0.3,9.6,In-Store,COD,Cancelled,East
ORD007480,CUST01351,2026-04-26,PROD0022,5,0.25,10.81,In-Store,UPI,Delivered,North
ORD007481,CUST01223,2025-09-01,PROD0023,5,0.0,24.48,Mobile App,Debit Card,Delivered,South
ORD007482,CUST00336,11-18-2025,PROD0053,2,0.15,2.22,Online,Net Banking,Delivered,West
ORD007483,CUST01542,2026-05-08,PROD0068,2,0.0,,In-Store,Debit Card,Delivered,East
ORD007484,CUST01801,2025-09-27,PROD0115,3,0.05,12.01,In-Store,UPI,Delivered,West
ORD007485,CUST00092,2026-03-15,PROD0107,1,0.25,15.59,In-Store,COD,Delivered,West
ORD007486,CUST01454,2025-12-06,PROD0049,5,0.05,20.75,Online,Debit Card,Delivered,West
ORD007487,CUST00455,2025-11-21,PROD0013,5,0.0,9.01,Mobile App,Wallet,Delivered,North
ORD007488,CUST01259,2025-11-19,PROD0034,-1,0.0,10.76,Mobile App,COD,Pending,South
ORD007489,CUST00586,2025-12-16,PROD0007,3,0.05,10.24,Online,UPI,Delivered,North
ORD007490,CUST01711,2025-10-18,PROD0018,-1,0.0,9.37,In-Store,Debit Card,Delivered,South
ORD007491,CUST00170,2026-07-29,PROD0020,3,0.0,23.14,Online,Credit Card,Delivered,East
ORD007492,CUST01673,2025-11-16,PROD0021,2,0.0,20.72,Mobile App,Net Banking,Delivered,North
ORD007493,CUST01971,2025-07-09,PROD0110,1,0.0,2.72,Mobile App,Credit Card,Delivered,West
ORD007494,CUST00077,2026-01-17,PROD0025,5,0.0,2.7,Online,Net Banking,Delivered,North
ORD007495,CUST01000,2026-07-30,PROD0120,6,0.0,10.7,Mobile App,Wallet,Delivered,South
ORD007496,CUST01037,2026-03-21,PROD0034,3,0.25,2.47,In-Store,COD,Delivered,North
ORD007497,CUST00017,2026-06-19,PROD0075,4,0.1,15.48,In-Store,UPI,Delivered,West
ORD007498,CUST00101,2025-11-12,PROD0116,4,0.1,3.59,In-Store,Credit Card,Delivered,North
ORD007499,CUST00075,2026-03-20,PROD0114,3,0.0,13.06,Mobile App,Debit Card,Delivered,West
ORD007500,CUST00282,2026-06-16,PROD0075,4,0.3,0.18,Mobile App,Credit Card,Delivered,West
ORD007501,CUST00278,2026-07-26,PROD0039,2,0.0,7.91,Mobile App,UPI,Delivered,North
ORD007502,CUST01574,2026-07-15,PROD0048,6,0.2,16.93,Online,UPI,Delivered,South
ORD007503,CUST00927,2026-01-18,PROD0069,4,0.05,12.1,Mobile App,UPI,Delivered,South
ORD007504,CUST00913,2026-03-11,PROD0089,3,0.0,24.46,In-Store,UPI,Delivered,West
ORD007505,CUST01679,2025-09-18,PROD0044,1,0.3,21.85,Mobile App,Debit Card,Delivered,East
ORD007506,CUST00933,2025-10-28,PROD0077,1,0.3,8.98,Online,Wallet,Pending,East
ORD007507,CUST01235,2026-04-09,PROD0067,6,0.05,1.14,Online,Net Banking,Delivered,North
ORD007508,CUST01871,05-18-2026,PROD0013,5,0.1,21.14,In-Store,Net Banking,Delivered,East
ORD007509,CUST00773,2025-07-28,PROD0090,5,0.0,22.78,Mobile App,COD,Pending,East
ORD007510,CUST00963,2025-10-17,PROD0094,4,0.15,20.52,In-Store,Debit Card,Delivered,East
ORD007511,CUST01305,2025-10-15,PROD0095,1,0.3,3.2,In-Store,Wallet,Delivered,East
ORD007512,CUST01201,2026-03-31,PROD0034,6,0.0,24.95,Mobile App,Net Banking,Delivered,South
ORD007513,CUST00918,2026-05-26,PROD0040,6,0.25,6.46,Mobile App,Debit Card,Delivered,East
ORD007514,CUST01291,2025-10-06,PROD0016,5,0.0,18.11,Mobile App,Wallet,Delivered,North
ORD007515,CUST01138,2026-07-07,PROD0069,6,0.3,22.7,In-Store,UPI,Delivered,East
ORD007516,CUST00605,2025-12-02,PROD0083,4,0.0,5.89,Online,UPI,Delivered,South
ORD007517,CUST00857,2026-03-16,PROD0042,4,0.15,22.71,Online,COD,Delivered,East
ORD007518,CUST00209,2025-09-25,PROD0074,6,0.2,7.74,In-Store,Wallet,Delivered,East
ORD007519,CUST01419,0000-00-00,PROD0082,3,0.1,24.41,Online,Net Banking,Delivered,North
ORD007520,CUST01880,2026-06-17,PROD0037,3,0.25,7.03,Online,Credit Card,Delivered,East
ORD007521,CUST00392,06-21-2026,PROD0023,6,0.15,23.84,In-Store,UPI,Pending,South
ORD007522,CUST01305,2026-04-25,PROD0120,3,0.25,1.34,Online,Debit Card,Delivered,West
ORD007523,CUST00342,2025-07-04,PROD0048,3,0.0,17.73,In-Store,Debit Card,Cancelled,West
ORD007524,CUST01744,2026-07-01,PROD0122,4,0.2,13.3,In-Store,Debit Card,Delivered,North
ORD007525,CUST00622,2026-03-11,PROD0094,1,0.2,11.95,Mobile App,UPI,Delivered,West
ORD007526,CUST00006,2026-07-12,PROD0117,4,0.25,5.59,Online,Wallet,Delivered,South
ORD007527,CUST00790,2026-07-30,PROD0051,5,0.2,17.64,Online,COD,Returned,East
ORD007528,CUST00969,2026-06-21,PROD0112,5,0.05,4.77,Online,Credit Card,Delivered,East
ORD007529,CUST00984,2026-04-13,PROD0031,2,0.25,13.82,In-Store,Credit Card,Delivered,North
ORD007530,CUST00286,2025-11-07,PROD0090,3,0.0,6.33,Online,Debit Card,Cancelled,East
ORD007531,CUST00422,2026-03-15,PROD0019,4,0.0,23.89,Online,Net Banking,Delivered,East
ORD007532,CUST01187,2026-02-01,PROD0111,6,0.0,0.72,Mobile App,Net Banking,Pending,West
ORD007533,CUST01858,2025-12-14,PROD0048,2,0.1,4.99,Mobile App,Net Banking,Delivered,North
ORD007534,CUST00352,2026-07-17,PROD0038,1,0.25,6.06,In-Store,Wallet,Returned,South
ORD007535,CUST00663,2026-04-09,PROD0024,1,0.0,10.35,Mobile App,UPI,Delivered,East
ORD007536,CUST00240,2025-09-19,PROD0025,2,0.15,5.82,In-Store,COD,Delivered,East
ORD007537,CUST00006,11-28-2025,PROD0012,1,0.3,12.28,In-Store,Debit Card,Delivered,South
ORD007538,CUST00983,2025-11-22,PROD0111,5,0.2,21.81,Online,Debit Card,Delivered,South
ORD007539,CUST00340,04-21-2026,PROD0029,5,0.1,17.8,Online,Credit Card,Cancelled,South
ORD007540,CUST00036,2026-07-19,PROD0091,2,0.05,14.5,In-Store,Net Banking,Cancelled,North
ORD007541,CUST00947,2025-10-16,PROD0073,2,0.0,2.23,Mobile App,Debit Card,Delivered,West
ORD007542,CUST00040,2025-10-29,PROD0121,2,0.0,17.35,Mobile App,Credit Card,Pending,East
ORD007543,CUST01939,2026-03-05,PROD0009,6,0.1,4.16,In-Store,Debit Card,Delivered,South
ORD007544,CUST01514,2026-07-07,PROD0033,6,0.05,19.66,Online,Net Banking,Delivered,North
ORD007545,CUST00952,2025-08-10,PROD0069,5,0.1,6.25,In-Store,Net Banking,Cancelled,North
ORD007546,CUST01193,2026-05-07,PROD0058,2,0.0,10.43,In-Store,UPI,Delivered,South
ORD007547,CUST01672,2025-12-26,PROD0076,6,0.2,8.76,In-Store,Debit Card,Cancelled,North
ORD007548,CUST01975,2025-11-14,PROD0012,4,0.05,,Online,Debit Card,Pending,East
ORD007549,CUST00953,2025-09-02,PROD0114,3,0.3,3.16,In-Store,Net Banking,Delivered,West
ORD007550,CUST01094,0000-00-00,PROD0100,2,0.05,14.14,In-Store,UPI,Delivered,North
ORD007551,CUST01378,2026-01-21,PROD0015,5,0.0,3.55,Mobile App,Credit Card,Returned,West
ORD007552,CUST01835,2025-07-25,PROD0103,6,0.0,17.62,Mobile App,Credit Card,Pending,South
ORD007553,CUST00329,2026-07-16,PROD0062,2,0.25,22.63,Mobile App,Net Banking,Delivered,South
ORD007554,CUST00421,2025-09-25,PROD0005,2,0.0,10.87,Mobile App,Wallet,Delivered,North
ORD007555,CUST00482,2026-06-24,PROD0026,2,0.0,12.2,In-Store,Debit Card,Cancelled,West
ORD007556,CUST00304,2025-11-07,PROD0106,2,0.2,23.19,Online,Debit Card,Returned,South
ORD007557,CUST01172,2026-03-05,PROD0062,4,0.1,13.02,Mobile App,Debit Card,Returned,South
ORD007558,CUST01276,2025-10-02,PROD0006,2,0.2,12.19,In-Store,UPI,Cancelled,South
ORD007559,CUST00925,2025-09-24,PROD0016,3,0.3,14.46,In-Store,Debit Card,Delivered,East
ORD007560,CUST00257,2025-11-05,PROD0067,2,0.25,17.23,Mobile App,UPI,Delivered,East
ORD007561,CUST00496,2026-07-26,PROD0112,3,0.1,2.67,In-Store,Wallet,Pending,South
ORD007562,CUST01414,2025-08-01,PROD0020,6,0.15,20.53,Mobile App,Credit Card,Returned,West
ORD007563,CUST00869,2025-12-19,PROD0055,5,0.3,10.89,Mobile App,Credit Card,Delivered,North
ORD007564,CUST00004,2026-05-23,PROD0122,4,0.15,1.81,In-Store,Wallet,Cancelled,East
ORD007565,CUST00946,2026-06-17,PROD0041,5,0.0,19.65,Online,UPI,Cancelled,East
ORD007566,CUST00260,2026-03-19,PROD0009,4,0.2,9.42,Online,Debit Card,Delivered,North
ORD007567,CUST00250,2026-01-12,PROD0025,1,0.3,2.51,In-Store,UPI,Cancelled,West
ORD007568,CUST01412,2025-07-26,PROD0028,1,0.25,15.84,In-Store,Debit Card,Delivered,East
ORD007569,CUST01761,2026-03-01,PROD0041,5,0.1,22.0,In-Store,Debit Card,Delivered,East
ORD007570,CUST01687,2025-09-12,PROD0008,4,0.05,22.19,Mobile App,UPI,Delivered,East
ORD007571,CUST01878,2026-02-17,PROD0020,6,0.05,23.94,Mobile App,Wallet,Delivered,East
ORD007572,CUST00650,2026-04-18,PROD0003,5,0.15,21.69,In-Store,Credit Card,Delivered,West
ORD007573,CUST01845,2026-05-27,PROD0049,1,0.3,0.05,Online,COD,Delivered,South
ORD007574,CUST00264,2025-11-21,PROD0025,5,0.05,9.51,Online,Net Banking,Delivered,East
ORD007575,CUST01605,2026-05-04,PROD0122,4,0.1,20.46,Mobile App,Wallet,Returned,East
ORD007576,CUST00548,2025-07-02,PROD0116,2,0.1,9.16,In-Store,Net Banking,Delivered,West
ORD007577,CUST00663,2026-04-16,PROD0118,2,0.2,15.04,Mobile App,Debit Card,Delivered,East
ORD007578,CUST00359,2025-07-18,PROD0057,6,0.0,15.16,Online,Debit Card,Delivered,South
ORD007579,CUST00498,2026-04-28,PROD0042,6,0.3,9.13,Online,Debit Card,Delivered,South
ORD007580,CUST01503,2026-05-15,PROD0115,4,0.2,22.61,In-Store,Wallet,Delivered,South
ORD007581,CUST01178,2026-07-21,PROD0122,6,0.15,12.58,Online,UPI,Pending,East
ORD007582,CUST00403,2026-01-01,PROD0080,6,0.05,11.62,In-Store,COD,Delivered,South
ORD007583,CUST00903,2025-11-09,PROD0010,6,0.1,24.94,In-Store,Wallet,Delivered,West
ORD007584,CUST01869,2025-11-30,PROD0097,6,0.15,12.34,Mobile App,Credit Card,Delivered,South
ORD007585,CUST00592,2025-11-28,PROD0045,2,0.1,4.46,Mobile App,UPI,Delivered,North
ORD007586,CUST01665,2025-07-03,PROD0048,1,0.2,12.83,Online,Credit Card,Delivered,East
ORD007587,CUST00645,2026-04-22,PROD0017,3,0.0,20.35,Mobile App,Net Banking,Delivered,East
ORD007588,CUST01105,2025-12-05,PROD0049,6,0.0,19.42,In-Store,Debit Card,Delivered,South
ORD007589,CUST01124,2025-07-10,PROD0085,6,0.2,19.71,In-Store,Net Banking,Delivered,East
ORD007590,CUST01157,2026-05-26,PROD0031,4,0.15,17.7,Mobile App,Debit Card,Delivered,West
ORD007591,CUST01235,2025-10-06,PROD0072,2,0.0,6.36,Online,Wallet,Delivered,South
ORD007592,CUST00418,03-18-2026,PROD0059,6,0.2,21.55,In-Store,Wallet,Delivered,North
ORD007593,CUST00676,2026-03-16,PROD0072,2,0.2,22.34,In-Store,Net Banking,Delivered,West
ORD007594,CUST01874,2026-06-26,PROD0103,4,0.0,4.85,Online,Wallet,Cancelled,West
ORD007595,CUST01054,2025-09-28,PROD0054,2,0.05,,In-Store,Net Banking,Delivered,East
ORD007596,CUST00218,2025-10-15,PROD0100,5,0.3,24.39,In-Store,Net Banking,Returned,West
ORD007597,CUST01546,2025-09-29,PROD0021,3,0.0,21.71,Online,COD,Delivered,West
ORD007598,CUST01347,2026-02-03,PROD0117,4,0.05,22.33,Online,Net Banking,Pending,West
ORD007599,CUST01706,2025-09-03,PROD0122,2,0.0,22.16,In-Store,Debit Card,Delivered,West
ORD007600,CUST01488,2026-07-26,PROD0045,1,0.0,13.54,Mobile App,COD,Delivered,East
ORD007601,CUST01835,2026-04-09,PROD0037,5,0.0,16.16,Online,UPI,Delivered,West
ORD007602,CUST01502,2026-06-10,PROD0071,1,0.1,13.63,Mobile App,COD,Delivered,North
ORD007603,CUST00626,2025-12-26,PROD0047,2,0.1,1.28,In-Store,Debit Card,Cancelled,South
ORD007604,CUST00366,2026-01-26,PROD0053,4,0.2,18.64,Mobile App,Net Banking,Delivered,South
ORD007605,CUST01471,2025-11-05,PROD0079,3,0.0,12.63,In-Store,Debit Card,Delivered,East
ORD007606,CUST00907,2026-07-19,PROD0120,4,0.0,16.19,In-Store,Wallet,Cancelled,East
ORD007607,CUST00477,2026-07-14,PROD0079,5,0.0,12.57,Online,Credit Card,Delivered,West
ORD007608,CUST00679,2025-09-22,PROD0111,4,0.0,12.3,Online,COD,Returned,South
ORD007609,CUST00218,2026-01-04,PROD0114,4,0.2,4.29,In-Store,Credit Card,Delivered,West
ORD007610,CUST00906,2025-11-06,PROD0005,3,0.05,6.97,Mobile App,UPI,Delivered,North
ORD007611,CUST00127,2025-07-06,PROD0052,2,0.15,3.97,Online,UPI,Delivered,South
ORD007612,CUST01687,2025-11-16,PROD0038,1,0.0,4.89,Mobile App,Wallet,Delivered,North
ORD007613,CUST00707,2025-11-16,PROD0054,4,0.15,24.32,Online,COD,Delivered,West
ORD007614,CUST01798,2025-08-12,PROD0021,5,0.0,3.83,Online,UPI,Cancelled,North
ORD007615,CUST00232,2025-10-01,PROD0116,2,0.0,6.73,Mobile App,UPI,Delivered,North
ORD007616,CUST00587,2026-02-14,PROD0084,2,0.0,14.76,In-Store,Wallet,Delivered,North
ORD007617,CUST00120,2025-11-25,PROD0094,2,0.0,15.25,Online,Wallet,Pending,South
ORD007618,CUST00905,2026-07-01,PROD0106,5,0.15,3.85,Mobile App,Wallet,Delivered,East
ORD007619,CUST01452,2025-11-11,PROD0041,6,0.0,19.84,In-Store,Credit Card,Delivered,South
ORD007620,CUST01859,2025-12-13,PROD0121,1,0.0,19.63,Mobile App,COD,Delivered,West
ORD007621,CUST01530,2026-07-02,PROD0119,4,0.1,,Mobile App,Net Banking,Delivered,East
ORD007622,CUST01129,2025-10-09,PROD0096,3,0.3,7.22,Mobile App,COD,Pending,North
ORD007623,CUST01925,2025-12-10,PROD0106,1,0.0,23.45,In-Store,Net Banking,Delivered,North
ORD007624,CUST00650,2025-11-03,PROD0116,6,0.15,20.64,In-Store,UPI,Pending,West
ORD007625,CUST01906,2026-01-19,PROD0043,1,0.3,,In-Store,Debit Card,Delivered,North
ORD007626,CUST01515,2026-01-17,PROD0087,5,0.15,2.06,Mobile App,UPI,Delivered,East
ORD007627,CUST00146,0000-00-00,PROD0005,4,0.15,10.46,In-Store,Net Banking,Returned,South
ORD007628,CUST00887,2026-07-24,PROD0078,1,0.1,13.98,In-Store,COD,Delivered,East
ORD007629,CUST00426,2026-04-01,PROD0098,4,0.0,4.69,Online,Wallet,Delivered,East
ORD007630,CUST01733,2026-05-17,PROD0046,4,0.25,11.21,Online,Wallet,Delivered,North
ORD007631,CUST00989,2026-01-26,PROD0056,4,0.0,15.03,In-Store,Wallet,Cancelled,West
ORD007632,CUST00248,0000-00-00,PROD0082,5,0.0,8.18,Mobile App,Credit Card,Returned,South
ORD007633,CUST00104,2026-05-13,PROD0074,4,0.25,19.52,In-Store,Credit Card,Delivered,East
ORD007634,CUST00392,2025-08-01,PROD0105,6,0.15,21.01,In-Store,Debit Card,Delivered,North
ORD007635,CUST00792,2026-05-05,PROD0002,1,0.3,8.09,Online,COD,Cancelled,North
ORD007636,CUST01942,2025-08-25,PROD0012,1,0.05,20.97,Online,Wallet,Returned,East
ORD007637,CUST00124,2026-07-21,PROD0034,2,0.0,2.59,Online,COD,Delivered,South
ORD007638,CUST00196,2026-06-02,PROD0043,1,0.05,20.94,Mobile App,Credit Card,Delivered,West
ORD007639,CUST00168,2026-05-09,PROD0023,3,0.0,3.82,Online,Credit Card,Pending,West
ORD007640,CUST01958,2025-08-30,PROD0093,4,0.05,2.07,Online,Wallet,Delivered,South
ORD007641,CUST00413,2026-07-27,PROD0040,3,0.25,16.04,Mobile App,Credit Card,Delivered,South
ORD007642,CUST00590,2026-04-17,PROD0080,3,0.0,11.8,In-Store,UPI,Delivered,East
ORD007643,CUST01568,2026-03-12,PROD0006,6,0.15,,Mobile App,COD,Delivered,North
ORD007644,CUST00174,2025-11-24,PROD0113,2,0.1,9.08,Mobile App,Wallet,Returned,East
ORD007645,CUST01888,2026-02-22,PROD0011,1,0.05,7.18,Mobile App,UPI,Delivered,East
ORD007646,CUST00835,2025-07-22,PROD0015,4,0.0,12.52,Mobile App,Net Banking,Delivered,North
ORD007647,CUST00588,2025-12-20,PROD0071,4,0.3,11.4,Mobile App,COD,Delivered,North
ORD007648,CUST01849,2026-01-27,PROD0100,6,0.0,8.61,Online,UPI,Delivered,South
ORD007649,CUST00979,2026-06-14,PROD0060,5,0.05,17.34,Mobile App,Credit Card,Delivered,South
ORD007650,CUST00490,2025-07-15,PROD0113,1,0.0,18.99,In-Store,Debit Card,Delivered,North
ORD007651,CUST01883,2026-04-21,PROD0086,4,0.0,21.32,Mobile App,COD,Delivered,East
ORD007652,CUST00202,2026-07-13,PROD0014,5,0.15,24.32,Online,Debit Card,Pending,North
ORD007653,CUST00985,2025-10-14,PROD0040,5,0.0,6.67,Online,Net Banking,Returned,South
ORD007654,CUST01088,2026-03-19,PROD0062,4,0.05,17.9,Mobile App,Net Banking,Delivered,North
ORD007655,CUST01723,2025-08-08,PROD0116,2,0.25,9.86,Mobile App,UPI,Delivered,South
ORD007656,CUST00263,2025-08-08,PROD0050,4,0.0,16.93,Online,UPI,Delivered,South
ORD007657,CUST00333,2026-06-14,PROD0038,1,0.2,11.9,Mobile App,Wallet,Delivered,West
ORD007658,CUST01562,2025-09-10,PROD0047,3,0.0,24.84,Online,Credit Card,Delivered,South
ORD007659,CUST00412,2025-10-15,PROD0066,3,0.05,18.22,In-Store,Credit Card,Returned,West
ORD007660,CUST01879,2026-04-17,PROD0014,1,0.1,23.81,In-Store,Wallet,Delivered,North
ORD007661,CUST00684,2025-11-11,PROD0082,1,0.1,20.87,Online,COD,Delivered,North
ORD007662,CUST00705,2026-01-27,PROD0054,2,0.2,22.57,Online,Credit Card,Delivered,North
ORD007663,CUST01661,2025-10-05,PROD0101,4,0.05,20.36,In-Store,Net Banking,Delivered,South
ORD007664,CUST00143,2025-12-25,PROD0013,1,0.0,11.48,In-Store,Wallet,Delivered,North
ORD007665,CUST00868,2026-02-17,PROD0100,3,0.25,6.29,Online,Wallet,Delivered,East
ORD007666,CUST00242,2026-04-09,PROD0007,2,0.2,9.26,In-Store,COD,Delivered,East
ORD007667,CUST00162,2025-10-08,PROD0111,3,0.0,0.51,In-Store,Credit Card,Delivered,West
ORD007668,CUST00938,2025-12-18,PROD0086,5,0.0,13.1,Online,Net Banking,Delivered,West
ORD007669,CUST00275,2026-07-27,PROD0093,6,0.15,12.63,Mobile App,Debit Card,Delivered,East
ORD007670,CUST01955,2026-05-08,PROD0090,5,0.25,13.13,Mobile App,Debit Card,Delivered,West
ORD007671,CUST00893,2025-11-28,PROD0077,3,0.1,24.35,Online,Net Banking,Delivered,West
ORD007672,CUST01417,2026-06-06,PROD0003,4,0.15,22.79,In-Store,Debit Card,Delivered,West
ORD007673,CUST00143,2026-02-13,PROD0049,6,0.25,4.04,Online,Debit Card,Returned,West
ORD007674,CUST01155,2026-03-15,PROD0006,5,0.05,9.22,Online,Wallet,Delivered,East
ORD007675,CUST01447,2025-12-14,PROD0012,3,0.0,,Mobile App,Debit Card,Delivered,North
ORD007676,CUST01160,2025-10-26,PROD0055,2,0.0,9.01,Online,Credit Card,Delivered,South
ORD007677,CUST00205,2025-12-05,PROD0073,3,0.05,19.96,Online,Net Banking,Delivered,West
ORD007678,CUST01470,2026-02-04,PROD0090,5,0.0,13.1,In-Store,COD,Cancelled,South
ORD007679,CUST00124,2026-01-04,PROD0103,1,0.05,14.3,Online,Net Banking,Delivered,North
ORD007680,CUST00674,2026-01-25,PROD0037,2,0.25,21.33,In-Store,Debit Card,Delivered,North
ORD007681,CUST01516,2026-01-19,PROD0065,6,0.0,20.15,Online,Net Banking,Returned,West
ORD007682,CUST01246,2026-02-13,PROD0069,6,0.25,3.31,In-Store,UPI,Delivered,North
ORD007683,CUST00206,2025-11-30,PROD0056,5,0.3,17.85,Online,Credit Card,Delivered,South
ORD007684,CUST01370,2026-05-04,PROD0109,5,0.05,10.89,Online,UPI,Returned,North
ORD007685,CUST00851,2025-11-25,PROD0012,5,0.15,7.37,Online,Debit Card,Delivered,West
ORD007686,CUST00762,2026-02-05,PROD0051,4,0.15,1.25,In-Store,Credit Card,Delivered,West
ORD007687,CUST01438,2026-02-12,PROD0060,3,0.2,12.18,Online,Debit Card,Delivered,East
ORD007688,CUST00865,2026-03-02,PROD0062,0,0.0,8.89,Online,Wallet,Delivered,West
ORD007689,CUST01428,2025-09-19,PROD0022,1,0.3,6.29,Online,UPI,Returned,East
ORD007690,CUST01830,2025-12-23,PROD0024,5,0.15,17.37,In-Store,COD,Delivered,North
ORD007691,CUST01943,2025-10-29,PROD0071,1,0.2,19.24,Online,Debit Card,Delivered,East
ORD007692,CUST00456,2025-08-09,PROD0045,2,0.15,6.12,Online,Wallet,Delivered,East
ORD007693,CUST01994,2025-07-23,PROD0113,1,0.25,1.24,In-Store,Net Banking,Delivered,East
ORD007694,CUST01053,2026-06-04,PROD0028,6,0.3,21.22,Mobile App,COD,Cancelled,East
ORD007695,CUST01920,2026-05-26,PROD0110,6,0.2,0.25,In-Store,Net Banking,Delivered,South
ORD007696,CUST00289,2026-04-15,PROD0030,5,0.2,23.43,Online,UPI,Delivered,North
ORD007697,CUST01749,2026-03-30,PROD0025,4,0.15,15.69,Mobile App,Net Banking,Delivered,South
ORD007698,CUST00837,2026-03-03,PROD0105,5,0.0,8.05,In-Store,Net Banking,Delivered,North
ORD007699,CUST01501,2026-02-24,PROD0050,5,0.0,6.16,In-Store,Debit Card,Delivered,West
ORD007700,CUST00831,2026-07-01,PROD0005,2,0.0,0.23,Online,COD,Delivered,East
ORD007701,CUST01498,2026-07-08,PROD0032,3,0.0,5.89,Mobile App,Wallet,Delivered,North
ORD007702,CUST01377,2026-07-22,PROD0012,2,0.3,3.44,In-Store,Net Banking,Delivered,West
ORD007703,CUST01366,2025-09-15,PROD0078,4,0.1,15.3,Mobile App,Debit Card,Delivered,East
ORD007704,CUST01882,2025-08-19,PROD0069,6,0.0,4.16,In-Store,Credit Card,Delivered,North
ORD007705,CUST01733,2025-12-25,PROD0107,2,0.0,13.22,In-Store,COD,Delivered,East
ORD007706,CUST00735,2026-05-20,PROD0060,4,0.1,14.75,In-Store,Net Banking,Pending,West
ORD007707,CUST01281,2026-01-13,PROD0097,4,0.3,7.45,Mobile App,Wallet,Delivered,South
ORD007708,CUST00906,2025-12-22,PROD0039,1,0.0,0.88,Mobile App,COD,Delivered,East
ORD007709,CUST01763,2025-11-30,PROD0115,4,0.0,0.93,Online,Credit Card,Cancelled,South
ORD007710,CUST00958,2025-11-03,PROD0105,4,0.0,0.66,Mobile App,Wallet,Delivered,North
ORD007711,CUST01463,2025-11-26,PROD0013,4,0.0,18.48,In-Store,UPI,Delivered,South
ORD007712,CUST00057,2026-03-22,PROD0107,5,0.15,7.95,Mobile App,UPI,Delivered,West
ORD007713,CUST00297,2026-04-18,PROD0104,6,0.0,19.91,In-Store,Wallet,Delivered,West
ORD007714,CUST01674,2026-05-13,PROD0038,6,0.15,10.79,Mobile App,Wallet,Delivered,West
ORD007715,CUST01129,2026-07-31,PROD0015,2,0.0,11.32,Mobile App,UPI,Delivered,North
ORD007716,CUST00409,2026-03-22,PROD0119,5,0.1,12.82,In-Store,Net Banking,Pending,North
ORD007717,CUST01677,2025-12-24,PROD0109,6,0.2,17.83,Online,UPI,Cancelled,West
ORD007718,CUST00902,2025-12-13,PROD0015,5,0.1,6.84,Online,COD,Delivered,East
ORD007719,CUST01357,2025-09-19,PROD0038,4,0.05,3.04,Online,Net Banking,Delivered,West
ORD007720,CUST00216,2026-01-21,PROD0042,1,0.0,13.9,In-Store,UPI,Cancelled,North
ORD007721,CUST01636,2025-08-05,PROD0042,1,0.0,8.17,Mobile App,Credit Card,Delivered,North
ORD007722,CUST01020,2026-07-07,PROD0109,3,0.1,11.06,Online,Credit Card,Delivered,East
ORD007723,CUST01807,2026-04-03,PROD0050,5,0.15,16.17,In-Store,Wallet,Delivered,West
ORD007724,CUST00519,2026-03-28,PROD0044,6,0.0,12.35,Mobile App,Credit Card,Delivered,East
ORD007725,CUST01942,2026-04-27,PROD0094,3,0.2,15.51,Mobile App,Credit Card,Delivered,North
ORD007726,CUST00439,2025-08-18,PROD0080,5,0.3,13.61,Online,Credit Card,Delivered,East
ORD007727,CUST00693,2026-01-07,PROD0042,1,0.1,18.49,Online,Debit Card,Delivered,West
ORD007728,CUST00702,2025-10-26,PROD0106,5,0.0,17.65,Online,Wallet,Returned,South
ORD007729,CUST00585,2026-02-05,PROD0111,2,0.0,13.35,Mobile App,Credit Card,Delivered,North
ORD007730,CUST01311,2025-09-18,PROD0049,3,0.1,16.97,Mobile App,UPI,Delivered,East
ORD007731,CUST00357,2026-05-19,PROD0093,6,0.05,21.84,Online,COD,Delivered,East
ORD007732,CUST00579,2025-09-14,PROD0100,3,0.0,10.81,Mobile App,Net Banking,Delivered,East
ORD007733,CUST00318,2026-05-07,PROD0097,4,0.0,10.32,Online,Credit Card,Pending,South
ORD007734,CUST00954,2026-01-20,PROD0111,3,0.2,19.11,Online,Credit Card,Pending,North
ORD007735,CUST01912,2025-07-31,PROD0040,5,0.25,14.56,In-Store,Credit Card,Delivered,East
ORD007736,CUST00609,2025-12-27,PROD0030,2,0.15,1.78,In-Store,Net Banking,Delivered,West
ORD007737,CUST00079,2025-07-29,PROD0103,5,0.25,22.3,In-Store,Wallet,Delivered,East
ORD007738,CUST00588,2025-10-08,PROD0106,6,0.25,0.77,Mobile App,COD,Delivered,East
ORD007739,CUST00216,01-12-2026,PROD0082,4,0.3,18.71,In-Store,UPI,Delivered,North
ORD007740,CUST00572,2025-08-27,PROD0070,2,0.1,18.97,In-Store,Credit Card,Delivered,South
ORD007741,CUST01103,2026-02-03,PROD0099,6,0.05,23.83,In-Store,Net Banking,Delivered,South
ORD007742,CUST00227,2026-03-07,PROD0049,6,0.25,1.35,Mobile App,Debit Card,Delivered,East
ORD007743,CUST00260,2025-10-21,PROD0086,4,0.0,14.92,Online,COD,Delivered,South
ORD007744,CUST00716,2025-08-05,PROD0018,4,0.2,10.7,Mobile App,COD,Pending,South
ORD007745,CUST01155,2026-07-20,PROD0043,5,0.15,8.27,In-Store,UPI,Delivered,North
ORD007746,CUST01983,2026-07-30,PROD0024,2,0.1,2.26,Online,COD,Delivered,South
ORD007747,CUST00077,2026-03-09,PROD0059,1,0.0,14.07,Online,UPI,Delivered,South
ORD007748,CUST01262,2025-07-03,PROD0110,2,0.05,11.98,In-Store,Credit Card,Delivered,East
ORD007749,CUST00079,2025-08-20,PROD0100,3,0.0,2.61,Online,Credit Card,Delivered,South
ORD007750,CUST01164,2026-04-10,PROD0107,4,0.05,15.31,Online,Net Banking,Delivered,South
ORD007751,CUST01613,2025-09-21,PROD0116,6,0.2,18.45,Online,Net Banking,Delivered,North
ORD007752,CUST00921,09-28-2025,PROD0101,5,0.0,19.18,Online,COD,Cancelled,South
ORD007753,CUST00814,2026-01-03,PROD0103,1,0.05,22.63,In-Store,Credit Card,Delivered,North
ORD007754,CUST01341,2025-08-08,PROD0120,1,0.1,10.24,Online,Net Banking,Delivered,South
ORD007755,CUST01411,2026-03-23,PROD0088,1,0.05,23.83,In-Store,Credit Card,Delivered,North
ORD007756,CUST01548,2026-02-10,PROD0105,2,0.05,21.64,Online,Credit Card,Delivered,South
ORD007757,CUST00371,2026-03-18,PROD0091,5,0.0,7.41,Mobile App,UPI,Delivered,East
ORD007758,CUST01402,2026-06-18,PROD0010,3,0.0,3.98,Online,Wallet,Delivered,West
ORD007759,CUST01197,2026-03-17,PROD0106,2,0.15,10.88,Mobile App,Net Banking,Delivered,West
ORD007760,CUST00574,2026-07-19,PROD0097,3,0.1,10.05,In-Store,Net Banking,Delivered,South
ORD007761,CUST01258,2026-02-20,PROD0110,4,0.0,14.39,In-Store,Debit Card,Delivered,South
ORD007762,CUST01193,2026-07-31,PROD0001,5,0.0,14.58,In-Store,Wallet,Cancelled,South
ORD007763,CUST00645,2025-08-25,PROD0012,2,0.2,18.75,Online,Credit Card,Delivered,South
ORD007764,CUST01442,2026-01-06,PROD0108,3,0.0,12.75,In-Store,Wallet,Delivered,North
ORD007765,CUST01990,2026-02-22,PROD0120,5,0.2,2.62,Mobile App,Credit Card,Returned,South
ORD007766,CUST00681,2026-04-07,PROD0074,1,0.25,21.46,Mobile App,COD,Delivered,North
ORD007767,CUST00132,2025-11-21,PROD0078,4,0.1,7.74,In-Store,Wallet,Delivered,West
ORD007768,CUST00421,2025-12-21,PROD0110,4,0.3,24.28,Online,Debit Card,Pending,South
ORD007769,CUST00058,2025-10-12,PROD0114,5,0.1,2.95,Mobile App,Wallet,Delivered,South
ORD007770,CUST01824,2025-09-07,PROD0015,5,0.0,23.96,In-Store,UPI,Delivered,West
ORD007771,CUST01080,2026-03-13,PROD0054,2,0.0,2.28,Online,Debit Card,Delivered,North
ORD007772,CUST01231,2025-12-04,PROD0068,6,0.1,5.78,Mobile App,COD,Delivered,West
ORD007773,CUST01076,2025-12-22,PROD0086,4,0.1,1.16,Online,UPI,Delivered,North
ORD007774,CUST01717,2025-11-20,PROD0093,3,0.2,17.63,In-Store,COD,Delivered,South
ORD007775,CUST01056,07-25-2025,PROD0006,1,0.0,21.26,In-Store,UPI,Delivered,East
ORD007776,CUST01211,2025-11-19,PROD0078,3,0.0,10.85,Mobile App,Debit Card,Delivered,South
ORD007777,CUST00800,2025-12-01,PROD0054,5,0.25,23.21,In-Store,Credit Card,Delivered,North
ORD007778,CUST01261,2025-08-08,PROD0083,4,0.15,14.76,Mobile App,UPI,Delivered,North
ORD007779,CUST00132,2026-01-01,PROD0073,5,0.2,15.75,In-Store,COD,Delivered,West
ORD007780,CUST01446,2026-03-23,PROD0049,5,0.0,21.14,Mobile App,COD,Delivered,West
ORD007781,CUST01749,2026-06-16,PROD0065,3,0.3,7.42,Online,UPI,Delivered,South
ORD007782,CUST00972,2025-11-12,PROD0053,4,0.3,8.86,Mobile App,Net Banking,Delivered,East
ORD007783,CUST00097,2025-07-07,PROD0022,5,0.15,22.65,Mobile App,Net Banking,Pending,North
ORD007784,CUST00108,2026-03-06,PROD0083,3,0.0,22.52,In-Store,Wallet,Delivered,South
ORD007785,CUST01475,2026-01-07,PROD0117,4,0.3,24.41,In-Store,Net Banking,Delivered,North
ORD007786,CUST01504,2025-12-18,PROD0109,0,0.05,22.55,Online,Net Banking,Delivered,North
ORD007787,CUST01608,07-23-2025,PROD0059,4,0.2,3.18,Mobile App,Net Banking,Returned,East
ORD007788,CUST00532,2026-06-18,PROD0031,5,0.1,20.59,In-Store,Debit Card,Delivered,East
ORD007789,CUST01044,2026-04-24,PROD0073,6,0.0,10.25,Online,Net Banking,Delivered,East
ORD007790,CUST01220,2026-07-13,PROD0104,2,0.1,24.77,In-Store,Credit Card,Delivered,North
ORD007791,CUST00406,2026-01-17,PROD0102,5,0.0,11.81,Mobile App,COD,Delivered,West
ORD007792,CUST00937,2026-07-06,PROD0029,4,0.0,13.85,Mobile App,Debit Card,Returned,North
ORD007793,CUST01315,2025-10-16,PROD0047,4,0.15,,Mobile App,COD,Delivered,West
ORD007794,CUST00084,2026-02-04,PROD0059,5,0.0,8.04,Mobile App,Credit Card,Delivered,North
ORD007795,CUST01151,0000-00-00,PROD0084,3,0.0,1.88,Mobile App,Debit Card,Pending,West
ORD007796,CUST01120,2025-12-20,PROD0114,2,0.0,22.39,Online,UPI,Delivered,West
ORD007797,CUST00724,2025-08-21,PROD0111,1,0.0,20.07,Mobile App,Net Banking,Delivered,West
ORD007798,CUST00317,2026-07-19,PROD0056,4,0.2,3.49,Mobile App,Net Banking,Returned,South
ORD007799,CUST00549,2026-02-13,PROD0003,3,0.0,19.42,In-Store,Net Banking,Delivered,East
ORD007800,CUST00694,2026-03-11,PROD0074,2,0.0,15.65,In-Store,COD,Cancelled,East
ORD007801,CUST00935,2026-07-24,PROD0050,3,0.05,10.23,Mobile App,Debit Card,Returned,South
ORD007802,CUST02000,2025-08-09,PROD0075,3,0.2,6.35,Mobile App,Credit Card,Delivered,East
ORD007803,CUST00757,2025-11-29,PROD0069,5,0.25,21.49,Online,Debit Card,Delivered,East
ORD007804,CUST00878,2026-03-31,PROD0004,3,0.0,17.5,Online,COD,Delivered,East
ORD007805,CUST00783,2026-03-01,PROD0121,2,0.1,13.69,Mobile App,Credit Card,Delivered,West
ORD007806,CUST00641,2025-10-26,PROD0025,3,0.15,15.24,Mobile App,Net Banking,Delivered,West
ORD007807,CUST01981,2026-02-23,PROD0073,2,0.0,2.28,Online,Wallet,Delivered,West
ORD007808,CUST00033,2026-03-27,PROD0094,2,0.25,11.85,Mobile App,Wallet,Delivered,East
ORD007809,CUST01462,2026-06-07,PROD0021,5,0.25,4.84,In-Store,Wallet,Delivered,East
ORD007810,CUST00737,2026-06-26,PROD0028,1,0.05,5.21,Online,UPI,Returned,East
ORD007811,CUST00192,2026-02-10,PROD0051,5,0.05,16.53,In-Store,Credit Card,Delivered,South
ORD007812,CUST01877,2026-03-25,PROD0112,4,0.25,22.78,In-Store,Wallet,Delivered,West
ORD007813,CUST00380,2026-02-17,PROD0002,6,0.0,10.09,Mobile App,Wallet,Delivered,South
ORD007814,CUST01390,2026-07-03,PROD0052,4,0.0,5.19,In-Store,Debit Card,Delivered,South
ORD007815,CUST01502,2025-09-24,PROD0056,6,0.25,16.22,Mobile App,Credit Card,Delivered,North
ORD007816,CUST01429,2026-04-18,PROD0078,4,0.1,21.78,In-Store,Credit Card,Delivered,North
ORD007817,CUST01101,2025-08-22,PROD0031,2,0.0,18.71,Mobile App,Credit Card,Delivered,South
ORD007818,CUST00824,2025-11-26,PROD0069,3,0.0,21.72,In-Store,Wallet,Delivered,South
ORD007819,CUST00920,2026-02-08,PROD0112,4,0.0,13.41,Mobile App,Credit Card,Delivered,South
ORD007820,CUST00453,2026-01-23,PROD0024,4,0.05,18.8,Mobile App,UPI,Delivered,West
ORD007821,CUST01648,2026-06-02,PROD0046,1,0.0,3.5,Online,COD,Delivered,West
ORD007822,CUST01681,2025-09-30,PROD0030,5,0.2,8.71,Online,Net Banking,Delivered,South
ORD007823,CUST00767,2026-02-09,PROD0003,3,0.0,9.74,In-Store,Wallet,Returned,East
ORD007824,CUST00134,2026-01-17,PROD0118,2,0.15,12.78,In-Store,Credit Card,Pending,East
ORD007825,CUST00115,2025-09-26,PROD0117,1,0.0,23.23,Mobile App,Credit Card,Delivered,South
ORD007826,CUST00534,2026-04-20,PROD0014,3,0.1,21.86,Mobile App,Credit Card,Cancelled,West
ORD007827,CUST01444,2026-02-02,PROD0061,2,0.3,3.36,Mobile App,Credit Card,Delivered,West
ORD007828,CUST01504,2025-12-08,PROD0106,6,0.0,4.32,Online,COD,Delivered,North
ORD007829,CUST01279,2026-01-24,PROD0119,1,0.2,8.94,In-Store,Debit Card,Delivered,North
ORD007830,CUST01825,2026-01-09,PROD0122,6,0.3,7.27,In-Store,Debit Card,Delivered,South
ORD007831,CUST01809,2026-04-30,PROD0031,2,0.2,15.37,Mobile App,Net Banking,Cancelled,West
ORD007832,CUST01284,2025-07-10,PROD0032,4,0.05,22.57,In-Store,UPI,Cancelled,West
ORD007833,CUST01881,2026-01-23,PROD0043,5,0.0,24.06,In-Store,Debit Card,Delivered,East
ORD007834,CUST01645,2025-12-24,PROD0044,5,0.3,16.34,Mobile App,Debit Card,Delivered,West
ORD007835,CUST01135,2026-01-22,PROD0030,4,0.0,20.95,In-Store,Credit Card,Delivered,East
ORD007836,CUST00756,2026-04-14,PROD0085,2,0.0,13.13,Mobile App,Debit Card,Delivered,South
ORD007837,CUST01522,2026-04-20,PROD0013,3,0.0,5.21,In-Store,Debit Card,Delivered,East
ORD007838,CUST01715,2025-11-26,PROD0117,2,0.15,13.12,Mobile App,Net Banking,Delivered,East
ORD007839,CUST00846,2025-09-17,PROD0104,5,0.0,13.88,In-Store,Debit Card,Delivered,West
ORD007840,CUST01117,2025-08-15,PROD0002,1,0.05,18.56,In-Store,Credit Card,Delivered,South
ORD007841,CUST01614,2025-10-23,PROD0046,3,0.3,5.5,Mobile App,Debit Card,Delivered,West
ORD007842,CUST01733,2026-03-16,PROD0084,3,0.0,9.21,In-Store,Net Banking,Delivered,East
ORD007843,CUST00718,2026-01-22,PROD0031,5,0.2,9.1,Mobile App,Credit Card,Cancelled,South
ORD007844,CUST00347,2025-12-25,PROD0080,6,0.1,23.99,Online,COD,Pending,West
ORD007845,CUST00557,2026-03-31,PROD0032,4,0.05,11.1,In-Store,Debit Card,Delivered,South
ORD007846,CUST01994,2025-12-07,PROD0056,2,0.25,18.88,Mobile App,UPI,Returned,East
ORD007847,CUST00398,0000-00-00,PROD0019,1,0.0,18.77,Mobile App,Debit Card,Delivered,West
ORD007848,CUST01952,2026-04-24,PROD0099,2,0.0,6.64,Mobile App,UPI,Delivered,West
ORD007849,CUST00782,2025-09-18,PROD0039,5,0.15,14.3,Mobile App,COD,Delivered,East
ORD007850,CUST00611,2025-10-23,PROD0087,1,0.05,22.36,In-Store,Credit Card,Returned,East
ORD007851,CUST00347,2026-02-14,PROD0092,6,0.15,11.88,In-Store,COD,Delivered,East
ORD007852,CUST00836,2025-09-17,PROD0062,2,0.0,23.63,Online,Net Banking,Returned,East
ORD007853,CUST01247,2026-02-16,PROD0008,6,0.3,5.36,Online,Net Banking,Delivered,East
ORD007854,CUST00409,2026-07-16,PROD0081,2,0.0,1.85,In-Store,Net Banking,Delivered,South
ORD007855,CUST01140,2025-12-16,PROD0091,1,0.0,22.29,In-Store,Debit Card,Delivered,East
ORD007856,CUST01122,2026-05-31,PROD0032,1,0.2,21.19,Online,Net Banking,Delivered,North
ORD007857,CUST00225,2026-01-15,PROD0081,1,0.3,24.81,Mobile App,Net Banking,Delivered,East
ORD007858,CUST01389,2026-04-21,PROD0028,2,0.3,16.98,Online,UPI,Delivered,West
ORD007859,CUST00760,2026-05-30,PROD0069,3,0.2,23.42,Online,UPI,Delivered,North
ORD007860,CUST00931,2026-06-29,PROD0110,6,0.3,20.67,Mobile App,COD,Cancelled,West
ORD007861,CUST00593,2025-08-30,PROD0015,1,0.1,21.11,Online,UPI,Returned,West
ORD007862,CUST00811,2026-03-29,PROD0009,1,0.25,14.23,Mobile App,UPI,Delivered,North
ORD007863,CUST00130,2026-01-16,PROD0028,2,0.05,9.56,Mobile App,Wallet,Delivered,East
ORD007864,CUST01816,2026-07-03,PROD0012,1,0.1,23.36,Mobile App,Net Banking,Cancelled,East
ORD007865,CUST01120,2026-07-28,PROD0084,5,0.25,10.8,In-Store,COD,Pending,East
ORD007866,CUST00677,2026-03-23,PROD0037,2,0.0,13.47,Mobile App,Credit Card,Delivered,East
ORD007867,CUST00708,03-06-2026,PROD0020,2,0.1,11.15,In-Store,COD,Delivered,South
ORD007868,CUST01110,2025-07-07,PROD0084,5,0.2,14.12,Mobile App,Credit Card,Delivered,East
ORD007869,CUST01479,2025-09-02,PROD0089,2,0.0,11.76,Online,UPI,Delivered,South
ORD007870,CUST01626,2025-11-04,PROD0061,6,0.1,1.2,In-Store,COD,Delivered,South
ORD007871,CUST01594,2026-07-15,PROD0017,4,0.0,22.05,Online,COD,Delivered,South
ORD007872,CUST00956,2025-08-08,PROD0118,6,0.25,11.11,Online,Wallet,Delivered,South
ORD007873,CUST00243,2026-04-09,PROD0049,6,0.1,14.72,In-Store,Credit Card,Delivered,West
ORD007874,CUST00724,2025-09-26,PROD0044,6,0.3,3.48,Online,UPI,Delivered,East
ORD007875,CUST00293,2026-01-20,PROD0058,2,0.3,0.08,In-Store,Net Banking,Pending,South
ORD007876,CUST00399,2025-11-10,PROD0052,3,0.05,6.13,Online,UPI,Returned,North
ORD007877,CUST00421,07-03-2025,PROD0072,1,0.0,17.61,In-Store,Wallet,Delivered,North
ORD007878,CUST01774,2026-05-18,PROD0090,3,0.05,2.48,Online,Credit Card,Delivered,South
ORD007879,CUST00015,2026-05-23,PROD0031,5,0.05,22.72,Mobile App,Wallet,Delivered,East
ORD007880,CUST01903,2025-12-26,PROD0044,6,0.0,5.38,Online,Credit Card,Delivered,West
ORD007881,CUST00276,2026-06-05,PROD0108,6,0.0,,Mobile App,Credit Card,Delivered,West
ORD007882,CUST00756,2026-02-11,PROD0005,6,0.2,4.54,In-Store,UPI,Delivered,West
ORD007883,CUST01231,2026-07-27,PROD0121,1,0.05,0.35,Mobile App,UPI,Delivered,East
ORD007884,CUST01769,2025-11-03,PROD0122,1,0.0,19.3,Mobile App,Credit Card,Delivered,South
ORD007885,CUST00353,0000-00-00,PROD0088,5,0.0,21.88,In-Store,UPI,Delivered,North
ORD007886,CUST01325,2026-07-07,PROD0088,4,0.0,15.35,Online,Wallet,Delivered,North
ORD007887,CUST01580,2026-06-12,PROD0055,3,0.25,4.7,Online,Wallet,Delivered,North
ORD007888,CUST00111,2026-03-29,PROD0015,6,0.15,,Mobile App,COD,Delivered,South
ORD007889,CUST01841,2025-07-17,PROD0097,5,0.0,11.9,In-Store,Net Banking,Returned,North
ORD007890,CUST01157,2026-05-27,PROD0037,3,0.15,23.86,In-Store,Debit Card,Delivered,West
ORD007891,CUST01567,2025-12-04,PROD0036,4,0.1,6.18,Online,Debit Card,Delivered,South
ORD007892,CUST01151,2025-12-19,PROD0107,5,0.15,18.29,Mobile App,Debit Card,Delivered,West
ORD007893,CUST01630,2025-09-08,PROD0104,6,0.1,10.99,Mobile App,COD,Delivered,East
ORD007894,CUST01168,2026-02-20,PROD0042,2,0.25,7.45,Online,Debit Card,Delivered,West
ORD007895,CUST00833,2026-01-13,PROD0011,4,0.0,11.4,In-Store,Debit Card,Delivered,West
ORD007896,CUST01820,2025-12-20,PROD0110,6,0.15,1.78,Mobile App,COD,Delivered,South
ORD007897,CUST00406,2026-05-12,PROD0012,2,0.05,,Online,Wallet,Delivered,North
ORD007898,CUST00091,2025-08-17,PROD0005,1,0.15,6.08,Online,COD,Delivered,South
ORD007899,CUST00980,2025-09-09,PROD0115,6,0.1,18.14,In-Store,Debit Card,Delivered,North
ORD007900,CUST01566,2026-01-11,PROD0042,6,0.0,1.71,Mobile App,Credit Card,Returned,West
ORD007901,CUST00614,2026-06-20,PROD0082,5,0.1,23.88,Mobile App,UPI,Delivered,West
ORD007902,CUST00611,2026-05-02,PROD0061,2,0.05,4.83,Online,Credit Card,Returned,West
ORD007903,CUST00104,2025-09-03,PROD0059,4,0.0,22.07,Mobile App,Net Banking,Cancelled,South
ORD007904,CUST00884,2025-12-11,PROD0116,2,0.0,,In-Store,Credit Card,Delivered,North
ORD007905,CUST01395,2026-01-11,PROD0104,2,0.0,24.2,In-Store,Debit Card,Returned,East
ORD007906,CUST00293,2026-04-05,PROD0080,6,0.0,11.95,In-Store,Net Banking,Delivered,West
ORD007907,CUST01364,2025-07-08,PROD0070,5,0.3,18.18,Mobile App,Credit Card,Delivered,South
ORD007908,CUST00608,2025-08-21,PROD0015,2,0.25,9.27,Mobile App,Debit Card,Delivered,North
ORD007909,CUST01217,2025-12-08,PROD0102,3,0.0,4.61,Mobile App,COD,Delivered,East
ORD007910,CUST00356,2026-04-12,PROD0050,4,0.2,11.08,Online,Credit Card,Delivered,West
ORD007911,CUST00706,2025-07-17,PROD0098,6,0.1,4.14,Mobile App,Credit Card,Delivered,North
ORD007912,CUST01790,2026-06-11,PROD0047,1,0.0,24.55,Online,Wallet,Returned,North
ORD007913,CUST00263,2026-06-03,PROD0092,5,0.0,2.41,Mobile App,Debit Card,Returned,South
ORD007914,CUST01001,2025-09-09,PROD0038,5,0.3,14.73,In-Store,Credit Card,Delivered,North
ORD007915,CUST00663,2026-02-22,PROD0091,2,0.25,15.66,In-Store,COD,Delivered,South
ORD007916,CUST01437,2026-02-10,PROD0059,4,0.2,13.45,In-Store,Debit Card,Delivered,West
ORD007917,CUST01507,2025-10-11,PROD0036,3,0.25,16.55,Online,Credit Card,Delivered,North
ORD007918,CUST00852,2026-01-01,PROD0096,5,0.3,2.9,Mobile App,Wallet,Delivered,West
ORD007919,CUST00155,2025-08-27,PROD0096,3,0.05,13.88,Online,UPI,Delivered,South
ORD007920,CUST01279,2025-07-31,PROD0115,4,0.3,7.18,Mobile App,COD,Delivered,South
ORD007921,CUST01300,2026-03-11,PROD0017,5,0.2,23.5,Online,UPI,Delivered,West
ORD007922,CUST01583,2025-10-02,PROD0067,4,0.2,19.05,Mobile App,COD,Delivered,West
ORD007923,CUST01617,2025-07-16,PROD0026,1,0.0,24.31,In-Store,Debit Card,Delivered,West
ORD007924,CUST01080,2025-12-06,PROD0020,2,0.3,0.94,Online,Wallet,Delivered,East
ORD007925,CUST01104,2026-07-28,PROD0058,1,0.0,7.13,Mobile App,Wallet,Delivered,West
ORD007926,CUST01082,2025-09-20,PROD0088,1,0.15,4.89,Online,Wallet,Cancelled,North
ORD007927,CUST00537,2025-08-20,PROD0068,2,0.05,0.28,In-Store,COD,Delivered,West
ORD007928,CUST01271,2026-06-29,PROD0102,4,0.2,6.06,Mobile App,Net Banking,Delivered,West
ORD007929,CUST01166,2025-11-23,PROD0016,6,0.15,16.97,Online,Wallet,Delivered,North
ORD007930,CUST00878,2025-10-04,PROD0060,2,0.0,5.78,Online,Debit Card,Pending,North
ORD007931,CUST00742,0000-00-00,PROD0075,5,0.2,12.73,Mobile App,Wallet,Delivered,North
ORD007932,CUST01262,2025-12-12,PROD0042,6,0.0,22.2,In-Store,Debit Card,Delivered,South
ORD007933,CUST00526,2026-05-22,PROD0107,6,0.0,17.34,Mobile App,Wallet,Delivered,North
ORD007934,CUST00370,2025-09-21,PROD0015,4,0.3,9.87,Online,Debit Card,Delivered,North
ORD007935,CUST01898,2026-05-19,PROD0042,2,0.15,9.31,Mobile App,UPI,Delivered,South
ORD007936,CUST00398,2026-06-18,PROD0044,2,0.1,11.39,Online,Credit Card,Delivered,South
ORD007937,CUST01158,2026-05-05,PROD0006,2,0.2,4.43,In-Store,Debit Card,Delivered,West
ORD007938,CUST00280,2026-05-27,PROD0086,6,0.25,15.85,In-Store,COD,Delivered,West
ORD007939,CUST01606,2026-07-18,PROD0037,5,0.2,9.1,In-Store,Net Banking,Delivered,South
ORD007940,CUST01865,2025-11-19,PROD0076,6,0.0,21.31,Mobile App,Debit Card,Delivered,West
ORD007941,CUST01795,2025-07-25,PROD0106,4,0.0,18.91,Online,UPI,Delivered,West
ORD007942,CUST00892,2025-12-22,PROD0045,6,0.0,15.26,Mobile App,Wallet,Pending,South
ORD007943,CUST01609,2026-07-12,PROD0118,5,0.1,9.11,In-Store,COD,Pending,East
ORD007944,CUST00779,06-27-2026,PROD0010,1,0.15,5.25,In-Store,Net Banking,Delivered,South
ORD007945,CUST01267,2025-12-22,PROD0109,6,0.1,19.4,Online,Wallet,Delivered,South
ORD007946,CUST01945,2025-11-28,PROD0087,4,0.25,12.16,Mobile App,Credit Card,Delivered,West
ORD007947,CUST00340,2026-01-28,PROD0117,4,0.0,5.62,Online,Wallet,Delivered,South
ORD007948,CUST00065,2026-06-26,PROD0111,1,0.2,4.88,Online,COD,Delivered,East
ORD007949,CUST01948,2026-01-06,PROD0044,1,0.0,4.14,Online,COD,Delivered,East
ORD007950,CUST00293,2025-08-13,PROD0062,3,0.0,19.43,Mobile App,Debit Card,Delivered,North
ORD007951,CUST01236,2026-01-16,PROD0094,2,0.15,5.72,Mobile App,Debit Card,Delivered,South
ORD007952,CUST00057,2025-07-29,PROD0058,2,0.1,13.17,Online,Wallet,Pending,North
ORD007953,CUST00357,2025-09-07,PROD0062,4,0.15,11.29,Online,Debit Card,Delivered,East
ORD007954,CUST01162,2025-12-14,PROD0111,3,0.05,14.49,Online,UPI,Delivered,South
ORD007955,CUST00755,2025-08-27,PROD0022,5,0.25,21.93,In-Store,UPI,Delivered,North
ORD007956,CUST01241,2026-01-17,PROD0022,2,0.0,21.69,Mobile App,COD,Delivered,South
ORD007957,CUST01843,2026-04-16,PROD0038,3,0.0,11.28,In-Store,Debit Card,Delivered,East
ORD007958,CUST01307,2026-04-17,PROD0054,5,0.2,0.38,In-Store,Debit Card,Delivered,South
ORD007959,CUST00352,2025-10-03,PROD0041,1,0.15,10.66,In-Store,Credit Card,Delivered,South
ORD007960,CUST00658,2025-12-02,PROD0109,1,0.0,15.15,Mobile App,Wallet,Delivered,East
ORD007961,CUST00363,2025-09-27,PROD0018,4,0.0,13.94,In-Store,Net Banking,Delivered,West
ORD007962,CUST01395,2025-11-01,PROD0116,1,0.3,16.28,Mobile App,UPI,Delivered,North
ORD007963,CUST01852,2026-05-19,PROD0042,6,0.1,3.85,Online,Net Banking,Delivered,South
ORD007964,CUST01313,2026-06-16,PROD0102,3,0.1,16.16,In-Store,Credit Card,Returned,East
ORD007965,CUST01075,2025-10-24,PROD0073,5,0.15,,In-Store,Wallet,Delivered,East
ORD007966,CUST00566,2026-06-10,PROD0078,5,0.25,18.76,Online,Net Banking,Delivered,East
ORD007967,CUST01271,2025-12-09,PROD0055,0,0.25,8.48,Mobile App,UPI,Delivered,North
ORD007968,CUST01327,2026-02-10,PROD0116,5,0.25,17.75,Mobile App,COD,Delivered,East
ORD007969,CUST01513,2026-05-05,PROD0042,6,0.1,1.2,Mobile App,Wallet,Delivered,East
ORD007970,CUST00910,2026-05-06,PROD0008,6,0.15,10.2,Mobile App,UPI,Delivered,South
ORD007971,CUST00761,2026-01-19,PROD0103,2,0.0,17.63,Mobile App,UPI,Delivered,South
ORD007972,CUST00058,2025-12-27,PROD0012,4,0.15,5.67,In-Store,Net Banking,Delivered,East
ORD007973,CUST00396,2026-04-17,PROD0062,6,0.3,19.88,Online,Debit Card,Delivered,North
ORD007974,CUST01479,2025-07-23,PROD0032,5,0.15,15.77,Online,Credit Card,Delivered,South
ORD007975,CUST00157,2026-02-11,PROD0033,1,0.25,14.69,In-Store,COD,Delivered,West
ORD007976,CUST00381,2025-07-07,PROD0081,1,0.3,8.84,Mobile App,COD,Delivered,West
ORD007977,CUST01504,2026-04-22,PROD0036,2,0.0,12.06,Online,COD,Delivered,South
ORD007978,CUST00894,2026-01-19,PROD0096,2,0.3,14.93,Online,COD,Delivered,South
ORD007979,CUST01737,2026-03-12,PROD0041,6,0.0,11.81,Mobile App,Wallet,Delivered,East
ORD007980,CUST01150,2025-08-28,PROD0121,2,0.2,17.46,Online,UPI,Delivered,North
ORD007981,CUST00985,2026-06-28,PROD0006,3,0.2,10.84,Mobile App,Debit Card,Delivered,North
ORD007982,CUST01537,2025-07-15,PROD0044,1,0.0,,Mobile App,Credit Card,Delivered,South
ORD007983,CUST01138,2026-01-16,PROD0005,4,0.15,5.35,In-Store,Debit Card,Delivered,North
ORD007984,CUST01834,2025-10-12,PROD0102,6,0.05,0.15,Online,COD,Delivered,South
ORD007985,CUST01548,2025-11-17,PROD0109,5,0.0,7.52,In-Store,Wallet,Delivered,North
ORD007986,CUST00470,2026-06-01,PROD0004,6,0.0,18.72,Online,Wallet,Delivered,North
ORD007987,CUST00644,2025-08-24,PROD0038,2,0.25,19.85,Online,Wallet,Delivered,East
ORD007988,CUST00520,2026-05-20,PROD0033,4,0.0,5.06,In-Store,Wallet,Returned,West
ORD007989,CUST00650,2026-05-07,PROD0062,4,0.2,23.98,Mobile App,UPI,Delivered,West
ORD007990,CUST00662,2026-01-26,PROD0012,3,0.3,12.56,Mobile App,Wallet,Delivered,East
ORD007991,CUST01911,2025-10-31,PROD0026,6,0.05,22.92,Online,Credit Card,Delivered,North
ORD007992,CUST01743,2025-07-22,PROD0035,3,0.0,17.67,Mobile App,Wallet,Delivered,West
ORD007993,CUST00336,2026-01-24,PROD0059,2,0.1,18.06,Mobile App,Debit Card,Delivered,East
ORD007994,CUST00254,2025-07-24,PROD0009,5,0.3,2.13,In-Store,Net Banking,Delivered,West
ORD007995,CUST01485,2025-11-08,PROD0022,4,0.1,5.5,Online,COD,Delivered,East
ORD007996,CUST01335,2026-06-03,PROD0017,4,0.0,0.22,Mobile App,UPI,Delivered,East
ORD007997,CUST00563,2025-08-19,PROD0086,1,0.3,17.9,Mobile App,Wallet,Delivered,East
ORD007998,CUST00135,2026-07-22,PROD0091,4,0.0,8.61,In-Store,Debit Card,Cancelled,South
ORD007999,CUST01203,2025-08-13,PROD0076,6,0.0,19.67,In-Store,Wallet,Delivered,East
ORD008000,CUST01283,2026-05-09,PROD0006,3,0.0,8.47,Mobile App,UPI,Delivered,North
ORD008001,CUST00863,2026-02-07,PROD0014,1,0.2,20.48,Online,Net Banking,Cancelled,South
ORD008002,CUST01749,2026-06-12,PROD0010,6,0.15,3.27,Mobile App,Credit Card,Cancelled,North
ORD008003,CUST00575,2026-07-03,PROD0061,2,0.25,4.33,Mobile App,Debit Card,Delivered,North
ORD008004,CUST01161,2025-09-22,PROD0092,5,0.0,8.52,Online,COD,Delivered,North
ORD008005,CUST01338,2026-04-12,PROD0013,2,0.0,10.21,Online,Net Banking,Returned,North
ORD008006,CUST00846,2026-07-10,PROD0117,3,0.05,8.72,Mobile App,Wallet,Delivered,South
ORD008007,CUST00493,2026-03-05,PROD0038,6,0.3,19.09,In-Store,Debit Card,Delivered,West
ORD008008,CUST01735,2025-08-16,PROD0110,2,0.2,2.42,Online,Debit Card,Delivered,South
ORD008009,CUST01767,2026-02-27,PROD0121,1,0.15,8.78,In-Store,COD,Delivered,East
ORD008010,CUST01962,2026-01-17,PROD0022,5,0.2,20.93,Mobile App,COD,Cancelled,North
ORD008011,CUST01476,2025-12-08,PROD0001,6,0.0,1.67,Online,Net Banking,Delivered,South
ORD008012,CUST00458,2026-04-28,PROD0095,1,0.25,23.56,In-Store,Debit Card,Delivered,North
ORD008013,CUST01417,2026-05-27,PROD0088,1,0.2,24.66,Online,Net Banking,Delivered,South
ORD008014,CUST01535,2025-07-08,PROD0100,4,0.3,2.21,Online,COD,Delivered,West
ORD008015,CUST00466,2026-04-08,PROD0099,5,0.05,7.28,Online,Credit Card,Cancelled,East
ORD008016,CUST01361,2025-10-16,PROD0117,2,0.2,9.31,In-Store,Credit Card,Delivered,West
ORD008017,CUST00566,2026-03-30,PROD0010,3,0.2,19.41,In-Store,Net Banking,Returned,North
ORD008018,CUST01271,2026-05-20,PROD0098,3,0.3,14.9,Mobile App,UPI,Delivered,South
ORD008019,CUST01306,2026-03-28,PROD0008,1,0.25,16.11,Mobile App,Credit Card,Cancelled,East
ORD008020,CUST01359,2026-01-26,PROD0010,3,0.3,,Mobile App,Debit Card,Delivered,South
ORD008021,CUST00479,2025-11-26,PROD0097,5,0.25,2.95,In-Store,UPI,Delivered,North
ORD008022,CUST00479,2025-12-22,PROD0046,5,0.2,20.83,Mobile App,UPI,Returned,East
ORD008023,CUST01589,2025-12-11,PROD0016,2,0.0,17.64,Mobile App,Wallet,Delivered,South
ORD008024,CUST00023,2026-07-26,PROD0040,6,0.2,,Online,UPI,Delivered,South
ORD008025,CUST01693,2026-07-23,PROD0053,6,0.0,22.24,In-Store,COD,Delivered,South
ORD008026,CUST00166,2025-08-02,PROD0001,5,0.05,17.51,Mobile App,Net Banking,Pending,North
ORD008027,CUST00288,2026-05-28,PROD0119,5,0.15,5.04,Mobile App,UPI,Delivered,North
ORD008028,CUST00059,2026-04-30,PROD0075,6,0.0,10.74,Online,Debit Card,Delivered,East
ORD008029,CUST00949,2025-10-06,PROD0115,1,0.0,12.35,Mobile App,Debit Card,Returned,West
ORD008030,CUST01039,07-07-2026,PROD0046,2,0.0,1.38,Online,Debit Card,Returned,East
ORD008031,CUST00827,2026-06-08,PROD0044,3,0.0,23.87,Mobile App,UPI,Delivered,North
ORD008032,CUST00210,2026-07-25,PROD0014,3,0.2,3.21,Online,Debit Card,Delivered,East
ORD008033,CUST01733,2025-07-22,PROD0042,1,0.0,17.44,Online,Debit Card,Pending,West
ORD008034,CUST01386,2025-11-15,PROD0029,4,0.1,12.66,In-Store,Wallet,Delivered,North
ORD008035,CUST00322,2025-07-19,PROD0069,2,0.1,0.64,In-Store,Net Banking,Delivered,North
ORD008036,CUST01925,2025-11-15,PROD0013,1,0.05,23.12,In-Store,COD,Delivered,North
ORD008037,CUST01003,2026-05-10,PROD0090,5,0.2,21.3,Online,COD,Delivered,North
ORD008038,CUST01180,2025-08-07,PROD0023,4,0.15,13.11,Mobile App,Credit Card,Delivered,East
ORD008039,CUST01659,2025-10-31,PROD0016,5,0.0,5.72,In-Store,COD,Delivered,East
ORD008040,CUST00412,2025-10-20,PROD0094,4,0.05,3.04,In-Store,Wallet,Delivered,West
ORD008041,CUST00489,06-22-2026,PROD0085,3,0.2,9.08,In-Store,COD,Delivered,East
ORD008042,CUST01939,2026-07-11,PROD0101,2,0.0,6.39,Online,UPI,Returned,North
ORD008043,CUST01682,2026-04-25,PROD0122,2,0.0,12.67,In-Store,Credit Card,Delivered,South
ORD008044,CUST00431,2026-05-05,PROD0030,2,0.15,24.16,Online,COD,Delivered,West
ORD008045,CUST01894,2025-11-18,PROD0077,1,0.0,14.37,Online,COD,Delivered,West
ORD008046,CUST00952,2026-03-30,PROD0021,1,0.0,22.25,Mobile App,Debit Card,Delivered,South
ORD008047,CUST01642,2026-04-23,PROD0104,6,0.2,16.27,Mobile App,COD,Delivered,South
ORD008048,CUST00241,2026-05-03,PROD0016,6,0.0,11.88,Online,COD,Delivered,South
ORD008049,CUST00178,2025-11-01,PROD0063,4,0.1,21.37,Online,Net Banking,Delivered,North
ORD008050,CUST00620,2025-07-23,PROD0044,1,0.25,11.78,Mobile App,Credit Card,Delivered,West
ORD008051,CUST00360,2025-12-01,PROD0058,1,0.1,21.72,Online,Credit Card,Delivered,East
ORD008052,CUST00842,2026-04-26,PROD0008,1,0.0,7.29,Mobile App,Debit Card,Delivered,North
ORD008053,CUST00728,2026-07-07,PROD0071,5,0.25,3.22,Mobile App,Credit Card,Delivered,North
ORD008054,CUST00694,2026-02-01,PROD0122,1,0.25,21.38,In-Store,Wallet,Delivered,South
ORD008055,CUST01548,2026-07-23,PROD0088,5,0.0,14.69,In-Store,Net Banking,Delivered,North
ORD008056,CUST01737,2025-08-27,PROD0062,6,0.3,22.23,Online,Wallet,Cancelled,East
ORD008057,CUST00361,2026-04-02,PROD0072,1,0.2,23.45,In-Store,Debit Card,Delivered,East
ORD008058,CUST00154,2026-04-03,PROD0011,2,0.3,1.34,Mobile App,Debit Card,Delivered,East
ORD008059,CUST01360,2026-04-28,PROD0002,6,0.0,12.52,Online,UPI,Delivered,East
ORD008060,CUST01820,2026-04-09,PROD0004,3,0.0,9.37,Mobile App,Debit Card,Delivered,East
ORD008061,CUST01381,2025-07-29,PROD0064,5,0.0,15.65,Mobile App,COD,Delivered,South
ORD008062,CUST01713,2026-01-07,PROD0072,2,0.0,19.84,Online,Debit Card,Delivered,North
ORD008063,CUST01311,2025-08-08,PROD0119,6,0.2,7.01,Mobile App,Net Banking,Delivered,North
ORD008064,CUST01500,2026-04-16,PROD0007,5,0.0,13.92,In-Store,Credit Card,Delivered,South
ORD008065,CUST01988,2026-06-28,PROD0056,4,0.0,17.72,Online,UPI,Delivered,South
ORD008066,CUST01463,07-17-2025,PROD0074,3,0.05,3.36,In-Store,Wallet,Returned,West
ORD008067,CUST01697,2025-12-02,PROD0042,3,0.05,20.35,Mobile App,UPI,Delivered,West
ORD008068,CUST00485,2026-02-11,PROD0063,5,0.15,,Online,COD,Delivered,South
ORD008069,CUST00023,2025-12-15,PROD0091,5,0.3,23.74,In-Store,COD,Delivered,East
ORD008070,CUST01626,2025-10-30,PROD0090,5,0.1,8.49,In-Store,Credit Card,Delivered,North
ORD008071,CUST01094,2025-10-27,PROD0110,3,0.05,2.7,Online,Debit Card,Delivered,North
ORD008072,CUST01566,2025-12-25,PROD0105,4,0.2,12.66,In-Store,Wallet,Delivered,West
ORD008073,CUST00461,2026-04-18,PROD0112,1,0.0,2.15,In-Store,Net Banking,Delivered,South
ORD008074,CUST01224,2025-09-12,PROD0053,5,0.2,24.24,Online,Net Banking,Delivered,South
ORD008075,CUST00884,2025-12-18,PROD0017,5,0.3,0.97,Online,COD,Pending,West
ORD008076,CUST00149,2026-04-22,PROD0117,6,0.15,18.84,Online,Debit Card,Delivered,East
ORD008077,CUST01296,2026-07-18,PROD0027,2,0.05,13.13,In-Store,Net Banking,Cancelled,East
ORD008078,CUST00598,2025-07-01,PROD0057,1,0.0,9.22,In-Store,COD,Delivered,East
ORD008079,CUST00296,2025-10-01,PROD0011,4,0.2,1.65,In-Store,Credit Card,Delivered,North
ORD008080,CUST01794,2026-03-23,PROD0042,4,0.2,15.55,Online,Credit Card,Pending,South
ORD008081,CUST00081,2025-10-09,PROD0016,3,0.25,14.63,In-Store,Net Banking,Delivered,North
ORD008082,CUST01301,2026-07-19,PROD0009,1,0.25,7.02,In-Store,Debit Card,Returned,West
ORD008083,CUST01303,2025-11-05,PROD0013,3,0.0,,Online,Debit Card,Delivered,South
ORD008084,CUST01850,2026-06-08,PROD0092,1,0.0,7.6,Mobile App,Net Banking,Delivered,South
ORD008085,CUST01113,2026-04-09,PROD0046,2,0.15,11.24,In-Store,Net Banking,Delivered,West
ORD008086,CUST00853,2026-06-25,PROD0010,5,0.1,13.59,Online,Debit Card,Delivered,West
ORD008087,CUST00365,2026-03-28,PROD0013,1,0.3,2.51,In-Store,Debit Card,Delivered,North
ORD008088,CUST00686,2025-09-20,PROD0032,2,0.2,23.3,Mobile App,UPI,Delivered,West
ORD008089,CUST01539,2026-02-07,PROD0023,2,0.1,9.36,In-Store,Net Banking,Delivered,South
ORD008090,CUST01802,2025-07-17,PROD0072,4,0.15,2.02,In-Store,Debit Card,Delivered,South
ORD008091,CUST01147,2026-06-21,PROD0003,3,0.3,9.68,Mobile App,Credit Card,Delivered,South
ORD008092,CUST00227,2025-08-09,PROD0078,6,0.3,15.01,Mobile App,Debit Card,Delivered,East
ORD008093,CUST01350,2026-06-27,PROD0100,5,0.0,12.84,Mobile App,COD,Delivered,West
ORD008094,CUST01713,2026-02-26,PROD0006,3,0.0,17.36,Online,Net Banking,Delivered,South
ORD008095,CUST00376,2025-12-08,PROD0036,6,0.0,1.39,Online,Net Banking,Returned,South
ORD008096,CUST01350,2025-12-30,PROD0026,3,0.0,7.11,Mobile App,COD,Returned,West
ORD008097,CUST00375,2026-03-08,PROD0113,4,0.1,20.48,In-Store,COD,Delivered,East
ORD008098,CUST00972,2026-03-19,PROD0114,5,0.05,2.0,Online,UPI,Delivered,South
ORD008099,CUST00325,2026-03-09,PROD0025,1,0.15,21.39,Mobile App,Credit Card,Delivered,West
ORD008100,CUST01597,2025-10-04,PROD0093,6,0.05,2.3,Online,Wallet,Delivered,East
ORD008101,CUST00425,2026-03-06,PROD0037,2,0.2,20.86,Online,Wallet,Delivered,South
ORD008102,CUST01496,2026-04-02,PROD0044,4,0.2,9.02,Online,Debit Card,Delivered,East
ORD008103,CUST01209,2026-07-31,PROD0090,5,0.0,15.31,Online,COD,Delivered,East
ORD008104,CUST00085,2026-05-24,PROD0051,3,0.0,3.82,Mobile App,Debit Card,Delivered,North
ORD008105,CUST00278,2026-01-15,PROD0072,4,0.0,,In-Store,UPI,Cancelled,West
ORD008106,CUST01152,2025-10-11,PROD0023,2,0.2,5.4,Online,Credit Card,Cancelled,North
ORD008107,CUST00179,2026-06-29,PROD0034,3,0.3,3.2,Online,Credit Card,Delivered,South
ORD008108,CUST00580,2026-07-11,PROD0089,4,0.2,7.81,In-Store,Net Banking,Delivered,East
ORD008109,CUST01639,2025-11-04,PROD0110,5,0.05,12.86,Mobile App,Wallet,Delivered,West
ORD008110,CUST01245,2026-07-31,PROD0064,3,0.1,14.72,Online,Wallet,Delivered,East
ORD008111,CUST00732,2025-08-13,PROD0083,3,0.0,19.75,Online,Debit Card,Returned,East
ORD008112,CUST01400,2026-02-09,PROD0024,3,0.0,16.41,In-Store,COD,Delivered,East
ORD008113,CUST00092,2026-04-02,PROD0066,4,0.15,15.22,Online,Credit Card,Delivered,West
ORD008114,CUST01197,2026-04-10,PROD0026,-1,0.3,10.29,In-Store,Credit Card,Delivered,West
ORD008115,CUST01241,2025-08-02,PROD0001,4,0.1,11.85,In-Store,COD,Delivered,South
ORD008116,CUST00959,2025-11-06,PROD0101,3,0.3,10.36,Mobile App,UPI,Delivered,East
ORD008117,CUST01628,2025-11-09,PROD0009,3,0.25,21.05,In-Store,UPI,Pending,East
ORD008118,CUST01327,2026-06-13,PROD0045,3,0.0,5.75,Mobile App,Wallet,Returned,North
ORD008119,CUST01961,2025-07-22,PROD0052,3,0.1,0.14,In-Store,COD,Cancelled,South
ORD008120,CUST00098,2026-04-09,PROD0088,5,0.0,16.28,In-Store,Net Banking,Delivered,East
ORD008121,CUST01537,2026-03-19,PROD0048,3,0.1,5.06,Online,Debit Card,Delivered,West
ORD008122,CUST01416,2025-09-23,PROD0047,2,0.05,22.25,Online,Credit Card,Delivered,South
ORD008123,CUST01402,2025-09-29,PROD0039,5,0.0,21.48,In-Store,COD,Delivered,South
ORD008124,CUST01906,2025-07-21,PROD0101,4,0.15,1.92,Mobile App,Debit Card,Delivered,West
ORD008125,CUST00947,2025-08-16,PROD0041,2,0.15,2.66,Online,Debit Card,Cancelled,East
ORD008126,CUST01234,2026-07-24,PROD0012,4,0.05,12.38,Mobile App,COD,Delivered,West
ORD008127,CUST01957,2025-12-31,PROD0091,6,0.05,15.23,Online,Debit Card,Delivered,North
ORD008128,CUST01542,2025-08-08,PROD0050,4,0.0,6.87,Online,Debit Card,Delivered,North
ORD008129,CUST01882,2026-01-26,PROD0048,2,0.05,17.92,In-Store,UPI,Delivered,North
ORD008130,CUST00081,2026-07-28,PROD0006,4,0.0,14.87,Mobile App,UPI,Delivered,North
ORD008131,CUST00832,2026-06-07,PROD0100,6,0.0,8.12,In-Store,Debit Card,Delivered,South
ORD008132,CUST01366,2026-05-22,PROD0046,6,0.05,0.63,Mobile App,COD,Delivered,North
ORD008133,CUST00068,2025-09-05,PROD0115,3,0.15,18.75,In-Store,COD,Delivered,South
ORD008134,CUST00150,2025-07-03,PROD0010,4,0.05,5.37,Online,Wallet,Delivered,East
ORD008135,CUST01670,2025-09-14,PROD0063,4,0.0,20.86,Online,Debit Card,Delivered,West
ORD008136,CUST01531,2025-10-19,PROD0103,5,0.15,10.51,In-Store,Net Banking,Delivered,South
ORD008137,CUST01388,2026-03-25,PROD0069,2,0.2,14.43,Online,Wallet,Delivered,South
ORD008138,CUST01713,2026-04-17,PROD0001,1,0.1,21.82,Mobile App,Credit Card,Cancelled,East
ORD008139,CUST00740,2025-08-25,PROD0005,1,0.25,21.59,In-Store,Credit Card,Delivered,North
ORD008140,CUST00346,12-15-2025,PROD0018,5,0.0,9.29,Mobile App,Debit Card,Delivered,West
ORD008141,CUST01544,2026-01-26,PROD0016,4,0.05,5.22,Mobile App,COD,Delivered,North
ORD008142,CUST00437,2026-04-08,PROD0108,6,0.3,19.38,Mobile App,Credit Card,Delivered,East
ORD008143,CUST01519,2025-09-13,PROD0021,5,0.1,10.83,Mobile App,UPI,Cancelled,West
ORD008144,CUST00138,2025-10-08,PROD0066,4,0.0,4.8,In-Store,Wallet,Delivered,West
ORD008145,CUST00198,2026-06-23,PROD0049,5,0.05,22.61,Online,COD,Delivered,South
ORD008146,CUST01785,2026-01-03,PROD0097,2,0.0,4.95,In-Store,Net Banking,Delivered,South
ORD008147,CUST00224,2025-10-02,PROD0054,6,0.25,0.65,Online,Net Banking,Delivered,West
ORD008148,CUST00886,2025-12-21,PROD0114,0,0.0,0.51,In-Store,Debit Card,Delivered,North
ORD008149,CUST01923,2026-04-03,PROD0018,1,0.2,,Online,Debit Card,Delivered,West
ORD008150,CUST01704,2025-07-19,PROD0006,5,0.15,16.54,Mobile App,Wallet,Delivered,North
ORD008151,CUST00094,2026-07-19,PROD0117,6,0.0,7.78,Online,Wallet,Pending,West
ORD008152,CUST00899,2025-08-15,PROD0051,5,0.2,8.0,Online,Net Banking,Delivered,South
ORD008153,CUST00202,2026-03-26,PROD0074,2,0.0,8.49,Online,Net Banking,Delivered,North
ORD008154,CUST00376,2025-07-08,PROD0028,2,0.25,17.0,Online,UPI,Pending,West
ORD008155,CUST01297,02-14-2026,PROD0080,2,0.0,1.45,Online,Net Banking,Returned,South
ORD008156,CUST00786,2026-05-11,PROD0025,1,0.05,23.23,Online,Wallet,Delivered,East
ORD008157,CUST00578,2026-07-14,PROD0086,4,0.05,5.56,In-Store,Net Banking,Cancelled,East
ORD008158,CUST01103,2026-02-05,PROD0042,3,0.0,24.99,Mobile App,COD,Delivered,South
ORD008159,CUST01424,2025-08-31,PROD0066,2,0.0,4.29,Online,COD,Delivered,North
ORD008160,CUST01408,2025-10-05,PROD0014,5,0.0,19.29,Online,Debit Card,Delivered,West
ORD008161,CUST01406,2026-01-18,PROD0002,2,0.25,5.59,Mobile App,UPI,Delivered,West
ORD008162,CUST00207,2025-08-17,PROD0018,3,0.15,2.02,Online,UPI,Delivered,West
ORD008163,CUST01744,2026-03-02,PROD0089,6,0.0,21.87,Mobile App,Wallet,Delivered,West
ORD008164,CUST01430,2026-04-15,PROD0011,5,0.25,21.47,Online,Debit Card,Delivered,South
ORD008165,CUST00559,2026-02-10,PROD0108,1,0.0,10.09,In-Store,Net Banking,Delivered,South
ORD008166,CUST01945,2026-03-05,PROD0107,2,0.0,17.56,In-Store,UPI,Delivered,North
ORD008167,CUST01506,2026-06-14,PROD0090,4,0.0,13.93,Mobile App,Credit Card,Cancelled,West
ORD008168,CUST00009,2026-03-08,PROD0080,2,0.0,21.32,In-Store,UPI,Delivered,West
ORD008169,CUST00458,2025-08-19,PROD0098,2,0.2,7.88,In-Store,Credit Card,Delivered,South
ORD008170,CUST00968,2026-05-10,PROD0077,5,0.0,13.09,In-Store,COD,Pending,South
ORD008171,CUST01120,2025-10-11,PROD0116,4,0.3,12.13,In-Store,COD,Pending,North
ORD008172,CUST01225,2025-10-27,PROD0016,5,0.2,8.85,Mobile App,Wallet,Delivered,West
ORD008173,CUST00274,2026-04-03,PROD0083,6,0.2,22.29,Mobile App,Wallet,Delivered,East
ORD008174,CUST00157,2026-01-05,PROD0050,6,0.1,4.15,In-Store,Debit Card,Delivered,South
ORD008175,CUST00141,2025-10-29,PROD0102,1,0.1,3.74,Mobile App,UPI,Delivered,North
ORD008176,CUST00416,2025-10-29,PROD0027,6,0.25,14.42,In-Store,UPI,Returned,West
ORD008177,CUST00589,2026-04-04,PROD0113,5,0.0,16.44,Mobile App,UPI,Pending,South
ORD008178,CUST01406,2026-03-09,PROD0026,4,0.05,4.87,Online,Debit Card,Returned,North
ORD008179,CUST00183,2025-07-01,PROD0076,4,0.05,9.77,Online,Debit Card,Cancelled,South
ORD008180,CUST01639,2025-08-30,PROD0028,5,0.0,23.66,Online,Net Banking,Returned,South
ORD008181,CUST01710,2025-09-24,PROD0048,1,0.3,6.17,Online,Net Banking,Delivered,West
ORD008182,CUST01594,2026-01-16,PROD0005,5,0.05,16.71,In-Store,COD,Delivered,West
ORD008183,CUST00218,2025-07-01,PROD0011,2,0.3,18.5,Mobile App,UPI,Delivered,North
ORD008184,CUST01858,2026-02-01,PROD0025,3,0.05,11.2,In-Store,COD,Delivered,South
ORD008185,CUST01318,2026-01-30,PROD0111,1,0.0,23.44,Mobile App,UPI,Delivered,South
ORD008186,CUST00348,2025-11-11,PROD0046,1,0.0,18.42,In-Store,Wallet,Delivered,West
ORD008187,CUST00685,2026-05-24,PROD0086,1,0.2,11.45,Online,Debit Card,Delivered,West
ORD008188,CUST00417,2025-08-28,PROD0079,1,0.0,14.23,In-Store,Wallet,Delivered,North
ORD008189,CUST01753,2025-09-16,PROD0103,6,0.05,17.32,In-Store,Net Banking,Delivered,West
ORD008190,CUST00020,2025-07-10,PROD0069,4,0.05,,In-Store,Debit Card,Delivered,East
ORD008191,CUST00295,2026-04-27,PROD0034,5,0.0,21.97,Online,Wallet,Delivered,North
ORD008192,CUST01895,2026-03-14,PROD0014,6,0.0,8.92,Mobile App,Net Banking,Returned,East
ORD008193,CUST00263,2025-11-11,PROD0078,4,0.15,7.5,Online,Net Banking,Delivered,East
ORD008194,CUST01962,2026-06-23,PROD0059,6,0.1,5.35,Online,COD,Delivered,North
ORD008195,CUST01151,2025-11-20,PROD0072,2,0.25,0.94,In-Store,Net Banking,Cancelled,North
ORD008196,CUST00087,2025-10-08,PROD0025,4,0.3,1.08,Mobile App,UPI,Delivered,North
ORD008197,CUST00449,2026-02-05,PROD0029,3,0.15,21.75,Mobile App,Wallet,Delivered,North
ORD008198,CUST00224,0000-00-00,PROD0002,4,0.05,16.96,Online,UPI,Delivered,North
ORD008199,CUST01875,2026-06-20,PROD0062,2,0.05,16.51,Mobile App,Credit Card,Delivered,South
ORD008200,CUST01264,2025-07-17,PROD0047,5,0.15,15.37,Online,UPI,Delivered,North
ORD008201,CUST01102,2025-07-23,PROD0083,4,0.1,21.23,In-Store,Wallet,Delivered,South
ORD008202,CUST00044,2026-03-11,PROD0078,2,0.3,12.01,Online,COD,Delivered,North
ORD008203,CUST00409,2025-10-31,PROD0024,5,0.25,21.76,In-Store,Net Banking,Delivered,South
ORD008204,CUST00435,2026-06-22,PROD0081,2,0.15,8.99,Online,UPI,Delivered,North
ORD008205,CUST01582,0000-00-00,PROD0047,5,0.1,23.17,Mobile App,Wallet,Delivered,South
ORD008206,CUST01856,2025-07-13,PROD0096,5,0.0,17.47,Mobile App,Debit Card,Delivered,South
ORD008207,CUST00370,2026-01-08,PROD0097,4,0.1,6.43,In-Store,Credit Card,Returned,South
ORD008208,CUST01325,2026-04-16,PROD0107,6,0.25,14.1,Online,Net Banking,Delivered,East
ORD008209,CUST01728,0000-00-00,PROD0114,4,0.2,13.33,Online,Wallet,Delivered,West
ORD008210,CUST00963,2026-03-16,PROD0119,1,0.3,3.45,Online,Net Banking,Delivered,East
ORD008211,CUST00421,2026-01-05,PROD0089,5,0.0,14.78,Online,Debit Card,Delivered,South
ORD008212,CUST00145,2026-05-14,PROD0008,6,0.0,7.87,In-Store,Debit Card,Delivered,East
ORD008213,CUST01794,2025-12-22,PROD0115,3,0.0,1.31,Online,Net Banking,Delivered,West
ORD008214,CUST01248,2025-08-21,PROD0059,4,0.0,23.72,In-Store,Debit Card,Cancelled,East
ORD008215,CUST01525,2026-03-17,PROD0087,6,0.0,16.04,Online,Wallet,Delivered,South
ORD008216,CUST00071,2025-11-10,PROD0105,2,0.0,21.92,Online,Net Banking,Delivered,West
ORD008217,CUST01383,2026-01-12,PROD0096,4,0.15,16.9,In-Store,Net Banking,Delivered,West
ORD008218,CUST00574,2026-04-30,PROD0046,5,0.15,8.92,Mobile App,COD,Delivered,West
ORD008219,CUST00855,2025-12-14,PROD0065,3,0.2,12.82,In-Store,Debit Card,Delivered,West
ORD008220,CUST00262,2026-01-07,PROD0004,3,0.1,16.89,In-Store,Wallet,Delivered,North
ORD008221,CUST00734,2025-07-06,PROD0053,3,0.2,24.01,Mobile App,COD,Delivered,North
ORD008222,CUST00492,2026-07-25,PROD0082,4,0.3,6.34,Online,COD,Delivered,North
ORD008223,CUST00831,2025-11-11,PROD0087,1,0.15,21.87,In-Store,Debit Card,Pending,South
ORD008224,CUST01978,2025-09-26,PROD0122,6,0.1,23.1,Online,Credit Card,Delivered,West
ORD008225,CUST01876,2026-02-14,PROD0055,5,0.0,16.76,Mobile App,UPI,Delivered,South
ORD008226,CUST01137,2026-03-15,PROD0111,4,0.25,23.28,Mobile App,Credit Card,Delivered,East
ORD008227,CUST01881,2025-08-31,PROD0083,2,0.2,9.95,In-Store,Credit Card,Delivered,South
ORD008228,CUST01120,2026-03-31,PROD0018,6,0.1,23.83,In-Store,Net Banking,Delivered,West
ORD008229,CUST01415,2026-03-21,PROD0112,4,0.0,17.57,Mobile App,Credit Card,Returned,North
ORD008230,CUST00011,2025-08-06,PROD0019,5,0.0,1.05,Online,UPI,Delivered,West
ORD008231,CUST01627,2026-03-28,PROD0102,6,0.2,22.67,Mobile App,UPI,Delivered,West
ORD008232,CUST00400,2026-06-13,PROD0075,3,0.15,12.11,Mobile App,UPI,Delivered,North
ORD008233,CUST01651,2025-12-21,PROD0035,5,0.0,11.51,Mobile App,COD,Delivered,North
ORD008234,CUST01927,2025-09-12,PROD0032,6,0.0,,Online,Wallet,Pending,West
ORD008235,CUST01617,2025-10-19,PROD0064,5,0.0,3.73,Mobile App,COD,Delivered,South
ORD008236,CUST01404,2026-05-06,PROD0095,6,0.0,11.73,Online,Net Banking,Delivered,South
ORD008237,CUST01016,2026-02-03,PROD0107,3,0.0,20.78,In-Store,Credit Card,Delivered,East
ORD008238,CUST01144,2026-03-03,PROD0083,5,0.05,0.39,In-Store,Debit Card,Delivered,East
ORD008239,CUST00380,2025-07-29,PROD0118,5,0.0,6.82,Online,COD,Delivered,East
ORD008240,CUST01371,2026-01-09,PROD0002,2,0.05,0.06,Online,Credit Card,Delivered,South
ORD008241,CUST01245,2025-08-16,PROD0107,6,0.0,10.39,Mobile App,COD,Delivered,South
ORD008242,CUST00243,04-29-2026,PROD0085,2,0.25,18.21,Mobile App,Debit Card,Delivered,East
ORD008243,CUST00892,2025-09-19,PROD0036,4,0.1,19.97,Mobile App,Debit Card,Delivered,West
ORD008244,CUST01457,2025-08-03,PROD0031,2,0.25,23.63,Mobile App,Wallet,Delivered,West
ORD008245,CUST00613,2025-10-16,PROD0090,1,0.0,15.21,In-Store,Credit Card,Delivered,East
ORD008246,CUST00500,2025-12-04,PROD0086,1,0.2,6.37,Mobile App,UPI,Delivered,East
ORD008247,CUST00090,2025-08-21,PROD0012,5,0.2,23.1,In-Store,Wallet,Delivered,South
ORD008248,CUST01902,2026-05-18,PROD0049,4,0.0,19.38,Online,UPI,Delivered,South
ORD008249,CUST01799,2026-06-01,PROD0053,5,0.15,14.36,Online,COD,Delivered,South
ORD008250,CUST01855,2026-04-03,PROD0025,3,0.3,17.39,In-Store,COD,Delivered,North
ORD008251,CUST00407,2026-03-05,PROD0067,6,0.05,23.11,Mobile App,Debit Card,Pending,East
ORD008252,CUST00348,2026-07-18,PROD0043,5,0.05,17.81,Mobile App,Net Banking,Delivered,East
ORD008253,CUST01587,2026-06-20,PROD0119,6,0.05,9.21,Mobile App,Debit Card,Delivered,East
ORD008254,CUST00165,2025-10-04,PROD0111,1,0.3,17.83,Mobile App,Wallet,Delivered,East
ORD008255,CUST01441,2025-10-30,PROD0025,5,0.0,1.01,Online,Credit Card,Returned,North
ORD008256,CUST01422,2026-04-21,PROD0118,1,0.25,9.66,In-Store,Net Banking,Delivered,West
ORD008257,CUST01431,2025-09-14,PROD0109,3,0.3,10.16,In-Store,Net Banking,Delivered,West
ORD008258,CUST01281,2026-04-11,PROD0021,3,0.0,4.17,In-Store,Wallet,Delivered,South
ORD008259,CUST01160,2025-08-20,PROD0103,3,0.0,0.58,Mobile App,Wallet,Delivered,South
ORD008260,CUST01437,2025-09-01,PROD0078,4,0.1,3.33,Mobile App,UPI,Delivered,North
ORD008261,CUST01015,2026-02-12,PROD0027,5,0.05,16.37,Mobile App,Net Banking,Returned,West
ORD008262,CUST01158,2026-06-27,PROD0084,6,0.1,20.06,Mobile App,COD,Delivered,North
ORD008263,CUST00668,2026-05-19,PROD0055,4,0.0,24.71,Online,UPI,Delivered,North
ORD008264,CUST00233,2025-11-23,PROD0009,3,0.15,8.66,Online,Net Banking,Cancelled,East
ORD008265,CUST00180,2025-10-14,PROD0082,3,0.2,14.98,Mobile App,COD,Delivered,North
ORD008266,CUST01582,0000-00-00,PROD0095,5,0.25,23.43,Online,Wallet,Delivered,East
ORD008267,CUST01911,2026-01-31,PROD0086,1,0.3,4.18,Mobile App,UPI,Delivered,South
ORD008268,CUST00942,2025-08-05,PROD0089,4,0.3,17.94,Online,Net Banking,Delivered,East
ORD008269,CUST01461,2025-07-20,PROD0070,2,0.05,18.87,Online,Net Banking,Delivered,South
ORD008270,CUST00890,2026-01-10,PROD0108,6,0.05,2.22,In-Store,Net Banking,Delivered,South
ORD008271,CUST00154,2026-06-12,PROD0091,2,0.0,21.53,Mobile App,Wallet,Delivered,East
ORD008272,CUST01955,2026-02-08,PROD0012,1,0.05,20.33,In-Store,UPI,Delivered,South
ORD008273,CUST01150,2026-02-05,PROD0085,4,0.0,0.84,Online,Net Banking,Delivered,North
ORD008274,CUST00799,2026-06-06,PROD0042,2,0.1,2.28,Mobile App,Credit Card,Pending,South
ORD008275,CUST01124,2025-08-17,PROD0085,2,0.0,1.23,Mobile App,COD,Pending,East
ORD008276,CUST00689,2026-04-27,PROD0119,5,0.3,8.37,In-Store,UPI,Delivered,East
ORD008277,CUST00493,2026-07-29,PROD0071,5,0.25,12.73,Mobile App,Credit Card,Delivered,South
ORD008278,CUST00186,2025-12-30,PROD0116,3,0.2,13.31,Mobile App,COD,Cancelled,West
ORD008279,CUST00986,2026-07-03,PROD0098,3,0.15,6.69,In-Store,Net Banking,Delivered,North
ORD008280,CUST01321,2025-11-15,PROD0038,1,0.15,22.79,In-Store,UPI,Cancelled,North
ORD008281,CUST01836,2026-01-01,PROD0107,3,0.0,9.21,Online,COD,Delivered,South
ORD008282,CUST01092,2025-10-25,PROD0111,1,0.0,1.14,Online,Wallet,Returned,South
ORD008283,CUST00346,2026-03-07,PROD0017,5,0.25,7.51,In-Store,Wallet,Delivered,East
ORD008284,CUST00549,2025-11-20,PROD0066,2,0.0,13.28,Mobile App,Net Banking,Delivered,South
ORD008285,CUST01952,2026-01-12,PROD0039,1,0.3,10.21,Online,Wallet,Delivered,West
ORD008286,CUST00633,2025-12-15,PROD0041,5,0.05,6.85,Mobile App,Wallet,Cancelled,East
ORD008287,CUST00825,2025-11-16,PROD0003,6,0.25,3.28,Mobile App,Net Banking,Delivered,East
ORD008288,CUST01450,2026-02-28,PROD0011,2,0.0,20.48,Online,Credit Card,Returned,East
ORD008289,CUST00001,0000-00-00,PROD0058,6,0.0,24.9,Mobile App,UPI,Pending,North
ORD008290,CUST00880,2025-11-10,PROD0007,1,0.3,8.24,In-Store,Credit Card,Delivered,West
ORD008291,CUST01489,2025-12-31,PROD0052,4,0.3,9.54,In-Store,Wallet,Delivered,South
ORD008292,CUST01686,2026-07-31,PROD0075,5,0.0,15.45,Online,COD,Delivered,East
ORD008293,CUST01679,2026-02-24,PROD0018,1,0.2,17.96,Mobile App,Net Banking,Delivered,South
ORD008294,CUST01802,2026-01-23,PROD0024,3,0.0,9.8,Mobile App,Net Banking,Delivered,East
ORD008295,CUST01672,2025-11-12,PROD0103,1,0.3,22.62,Mobile App,Credit Card,Delivered,West
ORD008296,CUST00199,2026-01-02,PROD0039,4,0.0,14.0,Online,Credit Card,Delivered,South
ORD008297,CUST01300,2026-03-15,PROD0067,2,0.2,11.26,In-Store,Wallet,Delivered,South
ORD008298,CUST00443,2026-03-17,PROD0004,2,0.15,16.17,Mobile App,Net Banking,Delivered,East
ORD008299,CUST01210,2025-08-27,PROD0004,1,0.3,23.82,Mobile App,UPI,Delivered,East
ORD008300,CUST01411,2026-02-04,PROD0112,2,0.05,19.86,Mobile App,Credit Card,Delivered,East
ORD008301,CUST01461,2026-03-10,PROD0043,3,0.2,1.0,Online,UPI,Cancelled,North
ORD008302,CUST00015,2025-09-17,PROD0065,3,0.2,8.31,In-Store,Net Banking,Delivered,West
ORD008303,CUST00326,2026-05-17,PROD0102,2,0.15,11.76,Mobile App,COD,Cancelled,South
ORD008304,CUST01189,2025-12-28,PROD0061,3,0.1,7.86,In-Store,Net Banking,Delivered,North
ORD008305,CUST00828,2026-04-02,PROD0079,6,0.0,17.5,Online,Wallet,Delivered,South
ORD008306,CUST01095,2025-11-28,PROD0063,1,0.0,20.66,In-Store,Wallet,Delivered,North
ORD008307,CUST00531,2026-04-07,PROD0025,6,0.3,18.28,In-Store,COD,Delivered,South
ORD008308,CUST01185,2026-02-22,PROD0028,5,0.0,24.73,Online,Debit Card,Delivered,South
ORD008309,CUST01634,2026-02-02,PROD0012,1,0.0,6.81,Online,Net Banking,Delivered,South
ORD008310,CUST00336,2025-09-11,PROD0068,2,0.15,21.87,In-Store,Credit Card,Delivered,West
ORD008311,CUST01222,2026-02-05,PROD0122,4,0.1,19.17,In-Store,Net Banking,Delivered,North
ORD008312,CUST01148,2025-07-25,PROD0093,5,0.15,9.05,In-Store,Credit Card,Cancelled,South
ORD008313,CUST01417,2026-03-25,PROD0081,1,0.1,18.35,Online,Debit Card,Delivered,East
ORD008314,CUST00241,2025-12-11,PROD0027,1,0.15,2.6,Online,Wallet,Delivered,West
ORD008315,CUST00403,2025-09-26,PROD0010,4,0.05,19.73,Mobile App,Net Banking,Cancelled,West
ORD008316,CUST00300,2025-12-13,PROD0027,6,0.15,13.31,Mobile App,COD,Delivered,West
ORD008317,CUST01384,2026-06-08,PROD0099,2,0.0,7.31,In-Store,Wallet,Returned,East
ORD008318,CUST00006,2026-02-15,PROD0015,5,0.2,16.39,Mobile App,Net Banking,Delivered,North
ORD008319,CUST00418,2026-01-06,PROD0052,3,0.0,16.04,Online,Wallet,Delivered,South
ORD008320,CUST01755,0000-00-00,PROD0002,2,0.0,5.24,In-Store,Wallet,Delivered,West
ORD008321,CUST00488,2025-09-22,PROD0029,2,0.25,0.76,Mobile App,Wallet,Returned,South
ORD008322,CUST00413,2026-01-18,PROD0075,4,0.05,10.84,Mobile App,Debit Card,Delivered,North
ORD008323,CUST01409,2025-12-17,PROD0012,1,0.1,14.24,In-Store,Credit Card,Delivered,East
ORD008324,CUST01525,2026-07-16,PROD0048,2,0.0,21.92,Online,Debit Card,Delivered,East
ORD008325,CUST01177,2026-06-30,PROD0088,2,0.2,23.21,Mobile App,Credit Card,Delivered,West
ORD008326,CUST00839,2025-09-25,PROD0043,-3,0.0,13.22,In-Store,Wallet,Pending,South
ORD008327,CUST00831,2025-11-19,PROD0081,5,0.0,18.85,In-Store,Credit Card,Returned,South
ORD008328,CUST00595,2026-02-14,PROD0008,5,0.25,10.98,Online,Debit Card,Delivered,North
ORD008329,CUST01098,2026-02-08,PROD0076,4,0.2,18.65,Mobile App,Net Banking,Delivered,East
ORD008330,CUST00347,2025-07-03,PROD0010,4,0.1,5.12,Mobile App,Credit Card,Delivered,North
ORD008331,CUST00351,2025-07-06,PROD0028,5,0.3,9.28,Mobile App,COD,Delivered,East
ORD008332,CUST00809,2026-01-01,PROD0084,4,0.2,15.86,In-Store,Credit Card,Cancelled,West
ORD008333,CUST01505,2025-09-07,PROD0080,1,0.05,0.45,Online,UPI,Delivered,East
ORD008334,CUST01823,2026-06-19,PROD0100,2,0.0,18.06,In-Store,Debit Card,Delivered,East
ORD008335,CUST00334,2025-10-29,PROD0108,4,0.0,20.89,Online,UPI,Delivered,East
ORD008336,CUST01911,2026-03-22,PROD0010,2,0.1,9.98,Mobile App,COD,Delivered,West
ORD008337,CUST00724,2026-06-01,PROD0044,5,0.15,11.2,Online,COD,Delivered,East
ORD008338,CUST01288,2026-03-09,PROD0055,6,0.15,21.28,Online,Net Banking,Delivered,South
ORD008339,CUST00385,2026-06-10,PROD0093,1,0.05,19.39,Online,Debit Card,Delivered,South
ORD008340,CUST01543,2025-09-29,PROD0070,2,0.0,7.2,Online,Credit Card,Delivered,West
ORD008341,CUST01259,2025-08-20,PROD0048,5,0.0,8.1,Mobile App,Wallet,Delivered,South
ORD008342,CUST01077,2026-06-29,PROD0093,4,0.0,16.97,Mobile App,Net Banking,Delivered,West
ORD008343,CUST01459,2026-05-06,PROD0043,6,0.15,14.08,In-Store,COD,Delivered,South
ORD008344,CUST00791,2026-05-23,PROD0028,2,0.15,,Mobile App,UPI,Delivered,South
ORD008345,CUST01696,2025-11-29,PROD0050,3,0.0,7.75,Online,COD,Delivered,North
ORD008346,CUST01739,2026-05-28,PROD0065,2,0.15,22.5,Online,Debit Card,Returned,East
ORD008347,CUST00019,2026-04-19,PROD0122,2,0.25,17.2,Mobile App,Debit Card,Delivered,South
ORD008348,CUST00784,2026-02-11,PROD0098,2,0.0,24.65,Online,COD,Delivered,South
ORD008349,CUST01511,2026-04-09,PROD0052,6,0.0,19.18,Online,Net Banking,Returned,West
ORD008350,CUST01922,2026-02-19,PROD0012,4,0.05,23.55,In-Store,UPI,Delivered,North
ORD008351,CUST01401,2026-03-14,PROD0079,1,0.2,5.4,In-Store,COD,Delivered,South
ORD008352,CUST01278,2025-09-03,PROD0019,3,0.2,19.29,Mobile App,Net Banking,Delivered,South
ORD008353,CUST00449,2025-10-31,PROD0078,1,0.0,0.51,Mobile App,Wallet,Pending,East
ORD008354,CUST00993,2026-05-02,PROD0030,3,0.0,16.77,Online,Credit Card,Returned,North
ORD008355,CUST01852,2026-05-28,PROD0085,1,0.3,11.73,In-Store,Wallet,Delivered,West
ORD008356,CUST01030,2025-07-12,PROD0060,2,0.0,8.67,In-Store,Credit Card,Delivered,West
ORD008357,CUST01403,2025-12-05,PROD0086,-1,0.1,21.56,In-Store,Debit Card,Returned,West
ORD008358,CUST01327,2025-07-07,PROD0047,5,0.15,21.36,In-Store,Debit Card,Delivered,South
ORD008359,CUST00317,2026-07-17,PROD0041,5,0.15,0.56,Mobile App,Credit Card,Delivered,West
ORD008360,CUST00165,2025-08-29,PROD0064,6,0.3,15.24,Online,COD,Delivered,North
ORD008361,CUST01044,2025-12-21,PROD0006,6,0.0,9.2,Online,UPI,Delivered,North
ORD008362,CUST00856,2026-03-02,PROD0015,4,0.2,10.39,In-Store,COD,Delivered,North
ORD008363,CUST01663,2025-11-20,PROD0038,5,0.05,20.8,Mobile App,Wallet,Cancelled,West
ORD008364,CUST00588,2026-01-23,PROD0065,5,0.25,7.75,Mobile App,Net Banking,Delivered,East
ORD008365,CUST00458,2026-05-19,PROD0110,5,0.0,23.58,Online,UPI,Delivered,North
ORD008366,CUST01181,2025-09-09,PROD0047,4,0.25,4.49,Mobile App,COD,Pending,South
ORD008367,CUST01546,2026-05-17,PROD0013,5,0.1,16.57,Online,UPI,Delivered,East
ORD008368,CUST00973,2025-07-28,PROD0072,2,0.0,16.8,Mobile App,COD,Delivered,West
ORD008369,CUST00714,2026-03-23,PROD0042,4,0.15,6.3,In-Store,COD,Delivered,East
ORD008370,CUST00386,2026-05-03,PROD0054,2,0.05,,In-Store,COD,Delivered,South
ORD008371,CUST00393,2026-02-07,PROD0052,2,0.1,,Mobile App,Wallet,Cancelled,South
ORD008372,CUST01385,2025-12-01,PROD0005,5,0.0,19.05,Mobile App,Debit Card,Delivered,South
ORD008373,CUST00540,05-27-2026,PROD0046,5,0.25,8.23,Online,COD,Pending,South
ORD008374,CUST01412,2026-06-07,PROD0019,1,0.1,13.35,Online,COD,Delivered,South
ORD008375,CUST00539,2025-11-24,PROD0113,2,0.2,1.54,Mobile App,Wallet,Delivered,South
ORD008376,CUST01228,2026-01-22,PROD0002,3,0.05,5.22,Mobile App,Wallet,Returned,South
ORD008377,CUST00247,2026-05-02,PROD0029,3,0.1,12.15,Mobile App,Debit Card,Delivered,South
ORD008378,CUST00809,2025-08-26,PROD0030,5,0.15,2.15,Mobile App,Credit Card,Cancelled,South
ORD008379,CUST01644,2026-05-24,PROD0108,3,0.2,21.08,Online,UPI,Returned,North
ORD008380,CUST01353,2025-12-21,PROD0062,2,0.25,17.95,Mobile App,UPI,Delivered,North
ORD008381,CUST00098,2026-02-23,PROD0088,1,0.0,23.59,Mobile App,Net Banking,Delivered,South
ORD008382,CUST00851,03-29-2026,PROD0082,4,0.3,17.34,In-Store,COD,Cancelled,East
ORD008383,CUST01978,2026-02-25,PROD0053,1,0.0,23.51,Mobile App,COD,Delivered,West
ORD008384,CUST01217,2025-12-17,PROD0098,1,0.15,13.86,Online,UPI,Delivered,South
ORD008385,CUST01874,2026-05-11,PROD0060,1,0.1,15.01,In-Store,Wallet,Delivered,East
ORD008386,CUST01823,2025-12-23,PROD0018,6,0.25,24.42,Mobile App,Debit Card,Delivered,East
ORD008387,CUST01006,2025-12-07,PROD0044,6,0.25,16.05,Mobile App,Wallet,Delivered,West
ORD008388,CUST01276,2025-09-29,PROD0027,4,0.0,0.77,Online,Net Banking,Delivered,North
ORD008389,CUST00208,2025-12-07,PROD0076,6,0.0,18.1,In-Store,Credit Card,Delivered,North
ORD008390,CUST00084,2026-02-17,PROD0118,6,0.15,22.64,Online,Credit Card,Delivered,West
ORD008391,CUST00631,2026-06-21,PROD0040,5,0.0,19.89,Online,Credit Card,Delivered,West
ORD008392,CUST00875,2026-03-11,PROD0056,2,0.0,14.6,In-Store,UPI,Delivered,West
ORD008393,CUST01581,2026-06-14,PROD0101,4,0.3,16.78,In-Store,Net Banking,Returned,West
ORD008394,CUST00324,2026-04-14,PROD0041,2,0.15,24.75,In-Store,COD,Delivered,East
ORD008395,CUST01713,2026-04-16,PROD0041,6,0.15,2.27,In-Store,Net Banking,Delivered,West
ORD008396,CUST01707,2026-02-01,PROD0084,2,0.15,16.68,Online,UPI,Delivered,West
ORD008397,CUST01443,2026-01-14,PROD0019,3,0.1,7.08,In-Store,Net Banking,Delivered,South
ORD008398,CUST01925,2025-12-29,PROD0060,5,0.2,16.0,Mobile App,COD,Returned,North
ORD008399,CUST01915,2025-12-16,PROD0039,5,0.0,15.19,In-Store,COD,Delivered,East
ORD008400,CUST01574,2025-11-23,PROD0005,4,0.05,3.84,Online,Credit Card,Cancelled,North
ORD008401,CUST00149,07-29-2025,PROD0015,1,0.0,5.17,Online,UPI,Pending,West
ORD008402,CUST01354,2026-02-20,PROD0017,4,0.05,15.54,Online,UPI,Delivered,West
ORD008403,CUST00479,2025-07-05,PROD0020,4,0.2,3.21,In-Store,COD,Delivered,East
ORD008404,CUST00693,2025-09-13,PROD0116,2,0.2,6.63,Online,Wallet,Delivered,South
ORD008405,CUST00866,2026-03-20,PROD0054,6,0.0,20.88,Online,Wallet,Returned,South
ORD008406,CUST00595,2026-03-31,PROD0005,3,0.0,8.18,In-Store,Debit Card,Delivered,South
ORD008407,CUST01459,2025-11-13,PROD0114,1,0.1,12.2,Online,UPI,Delivered,East
ORD008408,CUST00498,2026-01-26,PROD0059,3,0.15,23.53,In-Store,Net Banking,Pending,South
ORD008409,CUST01050,2026-01-07,PROD0038,6,0.2,,In-Store,Wallet,Delivered,West
ORD008410,CUST00888,2026-05-29,PROD0118,4,0.05,9.74,Mobile App,COD,Delivered,North
ORD008411,CUST00543,2026-01-05,PROD0114,5,0.25,15.16,Online,Debit Card,Delivered,East
ORD008412,CUST01128,2026-03-22,PROD0027,6,0.0,18.88,In-Store,Debit Card,Returned,West
ORD008413,CUST00719,2026-01-18,PROD0098,1,0.1,22.54,Online,COD,Delivered,North
ORD008414,CUST00429,2025-08-12,PROD0068,6,0.1,22.89,Online,Debit Card,Delivered,West
ORD008415,CUST00231,2025-08-18,PROD0063,6,0.15,19.42,In-Store,Net Banking,Delivered,West
ORD008416,CUST00066,2025-07-26,PROD0075,4,0.3,5.71,Online,Wallet,Delivered,East
ORD008417,CUST01790,2025-10-11,PROD0117,1,0.0,0.62,In-Store,Net Banking,Delivered,South
ORD008418,CUST00455,2026-05-26,PROD0051,3,0.05,9.59,In-Store,COD,Delivered,West
ORD008419,CUST00974,2026-04-27,PROD0089,1,0.25,3.54,Online,UPI,Pending,West
ORD008420,CUST00094,2025-08-24,PROD0016,5,0.3,17.76,In-Store,Net Banking,Cancelled,South
ORD008421,CUST00769,2026-03-06,PROD0011,4,0.15,16.53,Mobile App,Net Banking,Delivered,South
ORD008422,CUST01863,2026-03-11,PROD0039,2,0.2,1.1,Mobile App,Wallet,Delivered,North
ORD008423,CUST01824,2026-04-05,PROD0121,1,0.2,20.91,Online,Credit Card,Delivered,West
ORD008424,CUST01669,2026-05-09,PROD0041,1,0.25,6.22,In-Store,UPI,Cancelled,South
ORD008425,CUST01440,2026-01-11,PROD0025,3,0.1,10.81,Online,Debit Card,Delivered,West
ORD008426,CUST00127,2025-07-21,PROD0112,1,0.25,16.7,Online,UPI,Delivered,South
ORD008427,CUST01905,2025-08-11,PROD0005,4,0.25,,Online,Wallet,Delivered,East
ORD008428,CUST01120,0000-00-00,PROD0007,4,0.0,,Online,Net Banking,Delivered,South
ORD008429,CUST01189,2025-09-18,PROD0044,1,0.3,1.64,Mobile App,Wallet,Returned,East
ORD008430,CUST00999,2025-08-25,PROD0039,4,0.2,10.04,Mobile App,Wallet,Delivered,South
ORD008431,CUST00939,2025-11-16,PROD0103,5,0.3,19.12,Mobile App,Debit Card,Delivered,West
ORD008432,CUST01410,2026-02-14,PROD0052,6,0.05,22.88,Mobile App,Net Banking,Delivered,South
ORD008433,CUST01521,2025-09-01,PROD0009,6,0.1,10.34,Online,COD,Delivered,East
ORD008434,CUST00939,2025-07-05,PROD0022,6,0.0,10.59,Mobile App,COD,Delivered,West
ORD008435,CUST01724,2026-02-27,PROD0076,4,0.3,17.57,Mobile App,COD,Delivered,South
ORD008436,CUST00910,2026-07-13,PROD0098,3,0.1,23.57,Mobile App,Wallet,Delivered,South
ORD008437,CUST00577,2025-10-07,PROD0048,6,0.0,6.68,Online,Debit Card,Pending,East
ORD008438,CUST01851,2026-03-09,PROD0049,4,0.0,11.0,Mobile App,Credit Card,Delivered,East
ORD008439,CUST01568,2026-01-12,PROD0015,1,0.2,19.9,In-Store,Net Banking,Delivered,North
ORD008440,CUST01513,2026-05-25,PROD0108,4,0.0,15.24,Online,Wallet,Delivered,South
ORD008441,CUST01943,2026-07-23,PROD0014,1,0.1,2.76,In-Store,Net Banking,Delivered,South
ORD008442,CUST01792,2026-07-03,PROD0015,2,0.0,15.69,Mobile App,Net Banking,Delivered,North
ORD008443,CUST00394,2025-07-03,PROD0096,3,0.25,4.67,In-Store,COD,Delivered,North
ORD008444,CUST00733,2026-03-16,PROD0051,5,0.0,12.76,Online,COD,Delivered,West
ORD008445,CUST00728,2026-07-20,PROD0022,2,0.0,13.23,Mobile App,UPI,Returned,West
ORD008446,CUST00258,2025-12-26,PROD0100,4,0.3,21.91,Mobile App,Wallet,Delivered,South
ORD008447,CUST00866,2025-10-21,PROD0074,2,0.25,11.56,Online,Net Banking,Returned,North
ORD008448,CUST00154,2026-01-18,PROD0111,1,0.15,6.99,In-Store,Credit Card,Delivered,North
ORD008449,CUST01236,2026-01-02,PROD0082,2,0.2,5.77,Online,Wallet,Delivered,North
ORD008450,CUST01337,2026-03-29,PROD0004,4,0.0,21.86,Mobile App,Wallet,Delivered,East
ORD008451,CUST01269,2026-07-18,PROD0054,4,0.0,4.28,Mobile App,Debit Card,Pending,North
ORD008452,CUST01069,06-09-2026,PROD0041,2,0.0,10.65,Mobile App,Debit Card,Cancelled,South
ORD008453,CUST00882,2026-03-01,PROD0059,5,0.3,4.68,Mobile App,UPI,Delivered,West
ORD008454,CUST01853,2025-09-20,PROD0044,4,0.3,19.33,Online,COD,Delivered,South
ORD008455,CUST01675,09-24-2025,PROD0110,6,0.3,11.86,Mobile App,Debit Card,Delivered,South
ORD008456,CUST00948,2025-11-15,PROD0037,6,0.05,8.78,Mobile App,COD,Delivered,West
ORD008457,CUST00765,2026-01-06,PROD0006,1,0.05,9.03,In-Store,Wallet,Delivered,North
ORD008458,CUST01189,2025-11-22,PROD0027,5,0.3,21.31,Online,UPI,Delivered,West
ORD008459,CUST01586,2026-01-01,PROD0022,3,0.0,13.84,Mobile App,COD,Cancelled,South
ORD008460,CUST00459,2026-07-09,PROD0011,2,0.0,17.95,In-Store,Credit Card,Delivered,North
ORD008461,CUST00244,2025-08-14,PROD0027,4,0.1,22.43,Online,Wallet,Delivered,North
ORD008462,CUST01867,2025-10-11,PROD0017,2,0.1,22.54,In-Store,COD,Pending,North
ORD008463,CUST00684,2025-07-18,PROD0014,4,0.1,8.21,In-Store,Net Banking,Delivered,North
ORD008464,CUST00544,2025-07-10,PROD0081,3,0.15,23.81,Mobile App,Debit Card,Delivered,East
ORD008465,CUST00177,2026-07-11,PROD0091,3,0.15,0.62,Mobile App,Credit Card,Delivered,East
ORD008466,CUST00232,2025-11-29,PROD0071,3,0.25,9.42,Online,Debit Card,Delivered,South
ORD008467,CUST00186,2025-12-29,PROD0059,6,0.0,22.39,In-Store,Credit Card,Delivered,West
ORD008468,CUST01024,2026-02-15,PROD0023,4,0.25,6.87,Mobile App,Wallet,Delivered,West
ORD008469,CUST01039,2026-07-12,PROD0036,2,0.15,6.83,Mobile App,Wallet,Delivered,West
ORD008470,CUST00628,2025-11-25,PROD0001,5,0.0,7.57,Mobile App,COD,Cancelled,West
ORD008471,CUST01403,2025-10-02,PROD0058,3,0.0,15.31,Mobile App,Credit Card,Delivered,East
ORD008472,CUST00917,0000-00-00,PROD0116,6,0.25,10.96,Mobile App,Net Banking,Returned,West
ORD008473,CUST00252,06-27-2026,PROD0064,5,0.0,18.17,Mobile App,COD,Delivered,West
ORD008474,CUST00383,2026-07-03,PROD0104,3,0.0,22.37,Online,Wallet,Delivered,South
ORD008475,CUST00202,2026-05-01,PROD0037,6,0.1,16.85,Mobile App,Credit Card,Returned,North
ORD008476,CUST01985,2025-08-21,PROD0028,5,0.3,5.11,In-Store,Credit Card,Delivered,North
ORD008477,CUST01015,2025-10-21,PROD0028,6,0.3,23.32,Mobile App,Wallet,Delivered,West
ORD008478,CUST01376,2026-06-29,PROD0026,4,0.15,6.61,In-Store,COD,Returned,West
ORD008479,CUST00420,2025-07-04,PROD0047,1,0.0,3.75,Online,Net Banking,Delivered,South
ORD008480,CUST00618,2025-10-08,PROD0075,6,0.0,2.25,In-Store,COD,Delivered,West
ORD008481,CUST01882,2026-04-07,PROD0080,3,0.0,14.08,Mobile App,COD,Delivered,West
ORD008482,CUST00743,2025-10-27,PROD0098,4,0.3,2.84,Online,UPI,Delivered,South
ORD008483,CUST00698,2025-08-21,PROD0010,5,0.2,3.47,In-Store,Credit Card,Delivered,North
ORD008484,CUST00483,2025-08-15,PROD0051,5,0.0,7.5,Online,Debit Card,Delivered,South
ORD008485,CUST01212,2025-08-03,PROD0077,2,0.3,7.04,Online,Net Banking,Delivered,West
ORD008486,CUST01813,2026-06-15,PROD0049,3,0.0,15.11,Online,Debit Card,Delivered,North
ORD008487,CUST01963,2026-04-17,PROD0044,3,0.0,20.42,In-Store,UPI,Delivered,North
ORD008488,CUST00394,2026-06-16,PROD0024,2,0.15,19.03,Mobile App,Wallet,Cancelled,South
ORD008489,CUST00204,2025-10-01,PROD0071,3,0.0,6.56,Online,Net Banking,Pending,East
ORD008490,CUST00224,2026-01-23,PROD0070,3,0.0,6.13,In-Store,Wallet,Returned,West
ORD008491,CUST01666,2026-06-27,PROD0017,3,0.0,24.14,In-Store,UPI,Delivered,North
ORD008492,CUST01112,2026-04-05,PROD0032,1,0.05,0.21,Online,Credit Card,Delivered,North
ORD008493,CUST01698,2026-05-05,PROD0068,5,0.2,21.99,Mobile App,UPI,Delivered,East
ORD008494,CUST01256,2026-06-22,PROD0088,3,0.0,4.99,Mobile App,Net Banking,Delivered,East
ORD008495,CUST00764,2025-11-04,PROD0100,3,0.1,23.68,Mobile App,Credit Card,Cancelled,West
ORD008496,CUST00152,2025-09-03,PROD0053,6,0.15,8.56,Mobile App,COD,Delivered,East
ORD008497,CUST00637,2025-08-21,PROD0004,3,0.0,11.01,In-Store,Debit Card,Returned,East
ORD008498,CUST01566,2026-02-11,PROD0002,3,0.05,17.68,Online,Wallet,Cancelled,South
ORD008499,CUST00660,2026-06-02,PROD0043,3,0.1,14.69,Mobile App,Debit Card,Delivered,South
ORD008500,CUST00133,2025-09-13,PROD0024,2,0.25,7.95,In-Store,Wallet,Delivered,South
ORD008501,CUST00425,2026-02-06,PROD0041,5,0.0,13.85,Mobile App,COD,Delivered,East
ORD008502,CUST00301,2026-01-23,PROD0018,1,0.0,18.27,Mobile App,UPI,Returned,West
ORD008503,CUST01370,2026-05-11,PROD0100,4,0.3,1.06,In-Store,COD,Delivered,North
ORD008504,CUST01829,2025-07-17,PROD0041,3,0.0,0.28,In-Store,UPI,Delivered,North
ORD008505,CUST00687,2026-03-23,PROD0113,6,0.0,11.45,Online,COD,Delivered,North
ORD008506,CUST01973,2026-04-29,PROD0030,3,0.25,3.3,In-Store,COD,Delivered,North
ORD008507,CUST01022,2026-01-20,PROD0114,5,0.05,16.61,Online,Net Banking,Delivered,South
ORD008508,CUST01701,2025-12-09,PROD0109,1,0.25,5.35,Online,COD,Delivered,West
ORD008509,CUST00892,2025-07-05,PROD0014,2,0.25,10.82,Online,UPI,Cancelled,South
ORD008510,CUST00115,2025-09-14,PROD0013,2,0.0,4.94,Mobile App,COD,Delivered,North
ORD008511,CUST01014,2025-09-02,PROD0052,5,0.15,13.71,Mobile App,Debit Card,Delivered,West
ORD008512,CUST00608,2026-01-07,PROD0045,3,0.0,2.9,Mobile App,Credit Card,Cancelled,West
ORD008513,CUST00868,2026-03-24,PROD0011,2,0.0,0.58,Online,Wallet,Delivered,North
ORD008514,CUST00046,2025-11-16,PROD0120,3,0.05,1.28,Online,Net Banking,Delivered,West
ORD008515,CUST01936,2025-10-24,PROD0089,2,0.0,23.86,In-Store,UPI,Delivered,South
ORD008516,CUST00198,2025-08-25,PROD0016,2,0.15,3.56,Mobile App,COD,Delivered,South
ORD008517,CUST01760,2025-08-20,PROD0047,2,0.0,,Mobile App,UPI,Cancelled,East
ORD008518,CUST01446,2026-04-24,PROD0007,2,0.05,1.7,Online,COD,Delivered,West
ORD008519,CUST01119,2026-03-01,PROD0119,6,0.15,2.7,Online,Credit Card,Delivered,West
ORD008520,CUST01615,2026-07-25,PROD0105,6,0.0,12.72,In-Store,Wallet,Returned,East
ORD008521,CUST00618,2025-07-28,PROD0059,3,0.05,11.62,In-Store,Wallet,Pending,East
ORD008522,CUST00751,2026-06-26,PROD0004,2,0.2,23.79,Online,Net Banking,Cancelled,North
ORD008523,CUST00950,2025-12-10,PROD0052,-3,0.0,23.62,Mobile App,UPI,Delivered,West
ORD008524,CUST01085,2026-05-15,PROD0024,6,0.3,19.49,In-Store,Net Banking,Returned,East
ORD008525,CUST01792,2025-08-31,PROD0084,1,0.0,15.05,Mobile App,Wallet,Delivered,North
ORD008526,CUST00964,2026-06-13,PROD0066,5,0.0,11.37,Online,Wallet,Delivered,West
ORD008527,CUST00622,2025-09-28,PROD0069,5,0.25,8.9,Mobile App,Debit Card,Delivered,West
ORD008528,CUST01595,2025-12-28,PROD0044,3,0.1,23.68,Mobile App,Debit Card,Delivered,North
ORD008529,CUST00256,2025-10-31,PROD0096,1,0.0,15.07,In-Store,Net Banking,Delivered,West
ORD008530,CUST01162,2026-03-24,PROD0016,6,0.05,14.48,In-Store,Wallet,Delivered,South
ORD008531,CUST00636,2026-07-06,PROD0047,3,0.0,5.8,Online,Credit Card,Delivered,West
ORD008532,CUST01189,2026-05-25,PROD0089,1,0.05,1.17,Online,Credit Card,Delivered,East
ORD008533,CUST00811,2025-12-20,PROD0039,4,0.25,23.63,Online,Debit Card,Returned,North
ORD008534,CUST00445,2025-11-03,PROD0075,6,0.2,7.84,In-Store,UPI,Pending,East
ORD008535,CUST00922,2025-11-03,PROD0077,6,0.3,11.06,Online,Net Banking,Delivered,North
ORD008536,CUST00637,2025-12-09,PROD0086,4,0.25,2.87,Mobile App,UPI,Cancelled,North
ORD008537,CUST00147,2025-09-28,PROD0116,2,0.0,20.92,In-Store,Wallet,Delivered,West
ORD008538,CUST00086,2025-12-12,PROD0001,4,0.0,0.69,Mobile App,Net Banking,Delivered,North
ORD008539,CUST01343,2026-01-12,PROD0049,4,0.25,20.85,In-Store,COD,Delivered,North
ORD008540,CUST01246,2026-07-20,PROD0117,3,0.0,3.51,Online,UPI,Delivered,West
ORD008541,CUST01548,2025-10-24,PROD0072,3,0.2,22.16,In-Store,COD,Pending,East
ORD008542,CUST00226,2025-07-13,PROD0056,2,0.2,18.24,In-Store,Wallet,Delivered,North
ORD008543,CUST00351,2026-05-20,PROD0024,1,0.05,4.12,Online,Credit Card,Delivered,East
ORD008544,CUST00351,2025-12-23,PROD0064,6,0.05,14.15,In-Store,Wallet,Delivered,West
ORD008545,CUST00983,2026-04-21,PROD0108,3,0.25,7.82,Online,Net Banking,Delivered,South
ORD008546,CUST01381,2026-04-30,PROD0073,4,0.25,4.46,Mobile App,Debit Card,Delivered,West
ORD008547,CUST00755,2026-02-23,PROD0006,2,0.0,21.48,Online,COD,Delivered,North
ORD008548,CUST00781,2026-07-31,PROD0090,2,0.3,10.09,Mobile App,COD,Pending,West
ORD008549,CUST01668,2025-08-06,PROD0093,5,0.0,9.96,In-Store,Debit Card,Delivered,South
ORD008550,CUST00870,2025-08-30,PROD0103,5,0.0,4.25,Mobile App,Credit Card,Delivered,East
ORD008551,CUST01377,2026-06-12,PROD0028,1,0.05,9.58,Online,Debit Card,Delivered,West
ORD008552,CUST01469,2026-06-26,PROD0032,4,0.0,21.79,In-Store,Wallet,Cancelled,North
ORD008553,CUST00095,03-28-2026,PROD0024,3,0.3,9.08,Online,Debit Card,Cancelled,South
ORD008554,CUST00787,2025-11-26,PROD0065,6,0.0,23.79,Mobile App,Debit Card,Delivered,North
ORD008555,CUST00482,2025-07-30,PROD0088,2,0.0,23.66,Mobile App,Credit Card,Delivered,West
ORD008556,CUST01545,2026-05-05,PROD0025,2,0.0,3.62,Mobile App,COD,Cancelled,North
ORD008557,CUST01829,2026-06-18,PROD0079,1,0.15,4.43,Online,Credit Card,Delivered,South
ORD008558,CUST00815,2026-01-31,PROD0064,2,0.0,21.57,Mobile App,UPI,Delivered,South
ORD008559,CUST01041,2026-01-23,PROD0047,5,0.3,9.82,In-Store,Credit Card,Pending,West
ORD008560,CUST00893,2025-11-29,PROD0056,1,0.2,0.11,Online,UPI,Cancelled,East
ORD008561,CUST01245,0000-00-00,PROD0017,1,0.05,6.85,Online,UPI,Delivered,North
ORD008562,CUST01882,2025-08-14,PROD0112,5,0.05,14.94,Online,UPI,Delivered,South
ORD008563,CUST01286,2025-08-30,PROD0096,1,0.0,19.98,Online,Debit Card,Delivered,North
ORD008564,CUST00467,2026-06-08,PROD0045,1,0.3,3.33,In-Store,UPI,Cancelled,South
ORD008565,CUST00248,2026-01-08,PROD0089,5,0.1,2.76,In-Store,Credit Card,Delivered,North
ORD008566,CUST01765,2025-11-29,PROD0009,3,0.3,23.05,In-Store,UPI,Delivered,South
ORD008567,CUST00715,2025-12-23,PROD0014,1,0.1,18.78,In-Store,UPI,Pending,West
ORD008568,CUST01227,2026-01-29,PROD0079,4,0.25,14.74,Online,COD,Cancelled,South
ORD008569,CUST01772,2026-01-08,PROD0004,1,0.05,19.23,Mobile App,Credit Card,Delivered,East
ORD008570,CUST01513,2026-06-13,PROD0003,5,0.0,10.72,In-Store,Credit Card,Delivered,South
ORD008571,CUST00770,2026-01-30,PROD0035,5,0.05,18.96,In-Store,Wallet,Delivered,East
ORD008572,CUST01526,2025-07-10,PROD0069,2,0.0,9.3,Online,Net Banking,Delivered,East
ORD008573,CUST00060,2026-05-17,PROD0034,1,0.0,6.1,Online,Debit Card,Delivered,West
ORD008574,CUST00210,2025-12-06,PROD0088,0,0.0,18.23,Online,Net Banking,Delivered,North
ORD008575,CUST01206,2026-04-26,PROD0117,1,0.0,,Online,Wallet,Delivered,East
ORD008576,CUST00408,2026-07-25,PROD0040,5,0.2,24.53,In-Store,COD,Delivered,West
ORD008577,CUST00978,2025-09-01,PROD0009,4,0.2,8.74,Mobile App,Credit Card,Delivered,West
ORD008578,CUST01550,2026-03-21,PROD0052,3,0.2,23.04,Online,COD,Delivered,East
ORD008579,CUST01475,2026-01-23,PROD0121,2,0.2,23.32,In-Store,COD,Delivered,East
ORD008580,CUST01361,2026-07-18,PROD0054,1,0.25,6.05,Mobile App,UPI,Delivered,West
ORD008581,CUST00065,2026-04-04,PROD0070,4,0.0,19.96,Mobile App,Debit Card,Delivered,North
ORD008582,CUST00889,2025-07-14,PROD0112,1,0.0,10.83,Mobile App,Wallet,Delivered,East
ORD008583,CUST01381,2026-06-26,PROD0115,5,0.05,22.94,Mobile App,UPI,Delivered,West
ORD008584,CUST01000,2025-12-02,PROD0020,1,0.1,,Online,UPI,Delivered,West
ORD008585,CUST01135,2026-07-03,PROD0023,5,0.3,18.61,In-Store,Credit Card,Delivered,North
ORD008586,CUST01111,2026-07-30,PROD0112,4,0.2,11.67,Mobile App,Debit Card,Delivered,North
ORD008587,CUST01873,2025-10-13,PROD0013,4,0.1,5.7,In-Store,UPI,Cancelled,East
ORD008588,CUST00191,2025-10-17,PROD0037,6,0.3,4.98,Online,Debit Card,Cancelled,East
ORD008589,CUST00360,2025-08-04,PROD0019,3,0.0,10.64,In-Store,UPI,Delivered,West
ORD008590,CUST01536,2025-12-05,PROD0079,4,0.0,18.89,In-Store,Debit Card,Cancelled,East
ORD008591,CUST00945,2026-03-08,PROD0074,5,0.3,15.13,In-Store,Debit Card,Delivered,North
ORD008592,CUST00378,2025-08-26,PROD0033,3,0.15,17.22,Mobile App,UPI,Delivered,South
ORD008593,CUST00864,2026-01-23,PROD0070,5,0.2,7.06,Online,Debit Card,Cancelled,West
ORD008594,CUST01143,2026-07-13,PROD0071,1,0.0,12.04,Online,COD,Delivered,North
ORD008595,CUST01058,2026-03-16,PROD0048,1,0.0,1.11,In-Store,UPI,Cancelled,North
ORD008596,CUST00943,2026-06-20,PROD0079,4,0.1,20.44,Online,Net Banking,Delivered,West
ORD008597,CUST00818,2025-11-05,PROD0020,6,0.0,24.75,In-Store,Wallet,Delivered,South
ORD008598,CUST00222,2026-01-15,PROD0082,6,0.0,10.17,In-Store,COD,Delivered,South
ORD008599,CUST01878,2026-06-16,PROD0082,4,0.0,,In-Store,Debit Card,Delivered,South
ORD008600,CUST01111,0000-00-00,PROD0068,4,0.2,4.24,In-Store,Credit Card,Delivered,North
ORD008601,CUST00507,2026-06-30,PROD0104,5,0.2,16.31,In-Store,Credit Card,Cancelled,North
ORD008602,CUST00737,2026-01-04,PROD0119,3,0.05,15.3,Online,Net Banking,Delivered,South
ORD008603,CUST00209,2025-08-16,PROD0008,5,0.0,19.7,Online,Debit Card,Delivered,East
ORD008604,CUST01231,2025-12-13,PROD0109,6,0.0,6.35,Online,Wallet,Delivered,North
ORD008605,CUST00364,2026-07-27,PROD0027,3,0.3,19.09,Online,COD,Delivered,North
ORD008606,CUST01399,2026-05-04,PROD0063,6,0.0,17.2,Online,Wallet,Delivered,East
ORD008607,CUST00669,2026-05-08,PROD0073,5,0.3,8.07,In-Store,Credit Card,Delivered,South
ORD008608,CUST01713,2026-02-25,PROD0018,6,0.1,,Mobile App,UPI,Delivered,East
ORD008609,CUST01871,02-01-2026,PROD0099,3,0.05,3.68,In-Store,Wallet,Delivered,South
ORD008610,CUST00926,2025-08-02,PROD0015,1,0.0,11.31,Online,COD,Returned,West
ORD008611,CUST01940,2025-08-03,PROD0035,5,0.15,22.03,Online,Debit Card,Delivered,South
ORD008612,CUST01274,2025-10-19,PROD0026,5,0.05,10.53,Mobile App,Wallet,Delivered,South
ORD008613,CUST00763,07-28-2026,PROD0081,3,0.2,20.99,In-Store,Debit Card,Delivered,North
ORD008614,CUST00194,2025-09-24,PROD0111,1,0.05,14.76,In-Store,Debit Card,Delivered,West
ORD008615,CUST01495,2026-02-03,PROD0111,5,0.1,4.8,Online,COD,Delivered,East
ORD008616,CUST01628,2025-07-15,PROD0121,2,0.2,14.53,Mobile App,Debit Card,Delivered,North
ORD008617,CUST00065,2025-09-26,PROD0016,1,0.25,12.65,Online,Net Banking,Delivered,West
ORD008618,CUST00262,2026-06-16,PROD0061,2,0.0,9.97,In-Store,UPI,Delivered,North
ORD008619,CUST01399,2025-09-28,PROD0033,4,0.05,2.99,Online,Debit Card,Pending,North
ORD008620,CUST00827,2025-09-29,PROD0094,3,0.25,10.42,Mobile App,Wallet,Delivered,West
ORD008621,CUST00850,2025-08-16,PROD0052,4,0.15,1.82,Online,Wallet,Delivered,West
ORD008622,CUST01587,2025-09-05,PROD0106,5,0.0,2.47,Online,Debit Card,Delivered,South
ORD008623,CUST00164,2026-02-22,PROD0080,3,0.25,10.4,Mobile App,UPI,Delivered,West
ORD008624,CUST01308,2026-06-07,PROD0008,1,0.05,7.63,In-Store,COD,Delivered,West
ORD008625,CUST00413,2025-11-19,PROD0092,2,0.15,23.14,In-Store,COD,Delivered,West
ORD008626,CUST00980,2026-03-06,PROD0009,3,0.25,9.39,In-Store,COD,Delivered,West
ORD008627,CUST01346,2026-05-03,PROD0026,5,0.1,18.95,In-Store,Wallet,Delivered,North
ORD008628,CUST01473,2025-12-09,PROD0045,5,0.0,13.26,Online,COD,Returned,East
ORD008629,CUST00592,2025-08-08,PROD0022,3,0.0,17.6,Online,Net Banking,Cancelled,West
ORD008630,CUST01741,2025-11-18,PROD0106,5,0.2,6.5,In-Store,Credit Card,Cancelled,North
ORD008631,CUST00363,2026-02-16,PROD0029,1,0.0,23.55,Mobile App,Wallet,Returned,East
ORD008632,CUST01509,2025-11-27,PROD0111,4,0.3,13.25,Online,Wallet,Delivered,East
ORD008633,CUST00249,2026-06-20,PROD0119,6,0.0,,In-Store,Debit Card,Delivered,North
ORD008634,CUST01230,2026-01-13,PROD0043,5,0.0,9.13,Mobile App,COD,Cancelled,South
ORD008635,CUST01449,2026-07-26,PROD0041,3,0.0,2.51,In-Store,Net Banking,Pending,South
ORD008636,CUST01957,2026-07-19,PROD0116,4,0.0,16.84,In-Store,COD,Returned,West
ORD008637,CUST00278,2026-01-09,PROD0086,4,0.1,0.19,In-Store,Net Banking,Delivered,South
ORD008638,CUST01811,2026-04-04,PROD0046,6,0.0,11.88,Online,Wallet,Delivered,North
ORD008639,CUST00560,2025-07-06,PROD0044,2,0.25,4.82,Mobile App,COD,Delivered,West
ORD008640,CUST00042,2025-10-25,PROD0036,1,0.25,15.68,Online,COD,Delivered,West
ORD008641,CUST00386,2026-05-07,PROD0103,2,0.15,24.49,Mobile App,Net Banking,Delivered,North
ORD008642,CUST00966,2026-06-11,PROD0091,1,0.25,11.61,Mobile App,Wallet,Returned,South
ORD008643,CUST00716,2025-08-21,PROD0106,3,0.0,20.44,In-Store,Debit Card,Delivered,West
ORD008644,CUST00172,2026-03-20,PROD0092,4,0.2,12.69,Online,Credit Card,Delivered,North
ORD008645,CUST00328,2025-09-13,PROD0088,3,0.0,12.4,In-Store,Debit Card,Cancelled,West
ORD008646,CUST01173,2026-07-23,PROD0004,3,0.0,23.26,In-Store,COD,Delivered,North
ORD008647,CUST00048,2025-09-17,PROD0019,5,0.25,22.25,Online,Credit Card,Delivered,East
ORD008648,CUST00970,2025-08-19,PROD0092,4,0.2,19.65,Online,Debit Card,Delivered,West
ORD008649,CUST00220,2025-09-19,PROD0090,6,0.3,7.41,Online,Debit Card,Delivered,East
ORD008650,CUST00946,2025-09-08,PROD0079,1,0.0,13.63,In-Store,UPI,Delivered,East
ORD008651,CUST00483,2026-04-08,PROD0047,5,0.25,5.6,Mobile App,Net Banking,Cancelled,South
ORD008652,CUST00272,2026-06-26,PROD0076,3,0.2,11.1,Mobile App,Net Banking,Delivered,South
ORD008653,CUST01901,2026-07-08,PROD0060,5,0.15,12.11,Online,Debit Card,Delivered,East
ORD008654,CUST00041,2025-09-12,PROD0046,4,0.3,20.79,In-Store,Debit Card,Delivered,East
ORD008655,CUST01564,2026-07-13,PROD0064,1,0.25,22.4,In-Store,COD,Delivered,North
ORD008656,CUST01871,2025-08-26,PROD0070,1,0.3,10.37,Online,Net Banking,Delivered,East
ORD008657,CUST01616,2026-01-14,PROD0093,5,0.0,0.44,In-Store,Credit Card,Delivered,South
ORD008658,CUST00759,2026-07-01,PROD0050,1,0.0,21.54,Mobile App,Wallet,Delivered,East
ORD008659,CUST00814,2026-05-16,PROD0064,6,0.2,4.36,In-Store,Credit Card,Delivered,South
ORD008660,CUST00281,2025-08-20,PROD0054,5,0.15,15.55,Online,COD,Delivered,North
ORD008661,CUST01620,2025-07-24,PROD0106,5,0.0,0.62,In-Store,UPI,Delivered,East
ORD008662,CUST00957,2026-06-21,PROD0070,1,0.25,9.99,Online,Wallet,Delivered,West
ORD008663,CUST01948,2026-07-31,PROD0045,0,0.05,,Online,Credit Card,Delivered,East
ORD008664,CUST01777,2026-05-21,PROD0062,6,0.0,2.52,In-Store,Wallet,Delivered,South
ORD008665,CUST00792,2025-08-06,PROD0112,3,0.0,10.59,In-Store,Net Banking,Delivered,North
ORD008666,CUST01076,2026-02-18,PROD0044,5,0.3,7.68,Online,Net Banking,Pending,North
ORD008667,CUST00239,2026-01-19,PROD0078,5,0.1,22.63,In-Store,COD,Delivered,South
ORD008668,CUST00349,2026-05-03,PROD0025,2,0.0,21.73,In-Store,COD,Delivered,North
ORD008669,CUST00805,2026-05-15,PROD0103,6,0.25,5.94,Online,Net Banking,Delivered,West
ORD008670,CUST01939,2026-07-19,PROD0074,2,0.0,2.03,Mobile App,Wallet,Delivered,South
ORD008671,CUST01544,2025-09-29,PROD0071,6,0.0,15.68,Mobile App,Debit Card,Delivered,South
ORD008672,CUST00289,2026-06-07,PROD0002,5,0.3,8.41,In-Store,UPI,Returned,North
ORD008673,CUST00525,2026-03-22,PROD0069,2,0.1,16.8,In-Store,Net Banking,Delivered,West
ORD008674,CUST00296,2026-04-10,PROD0050,5,0.0,0.8,Mobile App,COD,Delivered,South
ORD008675,CUST01069,2026-07-16,PROD0091,5,0.1,3.33,In-Store,UPI,Delivered,South
ORD008676,CUST00414,2025-11-13,PROD0054,2,0.05,17.16,In-Store,Credit Card,Cancelled,South
ORD008677,CUST00674,2026-01-29,PROD0005,3,0.0,5.31,In-Store,COD,Delivered,North
ORD008678,CUST01922,2026-01-25,PROD0033,3,0.05,21.44,In-Store,Net Banking,Returned,East
ORD008679,CUST00064,2026-03-13,PROD0004,1,0.2,1.46,Online,COD,Delivered,East
ORD008680,CUST01008,2025-09-12,PROD0076,6,0.0,5.39,Online,Net Banking,Delivered,South
ORD008681,CUST01525,2026-04-15,PROD0093,1,0.0,24.96,In-Store,Credit Card,Delivered,East
ORD008682,CUST01700,2025-11-08,PROD0081,2,0.05,10.83,Mobile App,Debit Card,Delivered,North
ORD008683,CUST00037,2026-01-14,PROD0047,3,0.05,17.57,In-Store,Wallet,Delivered,North
ORD008684,CUST00275,2025-10-01,PROD0112,6,0.0,4.57,Mobile App,Credit Card,Delivered,East
ORD008685,CUST00101,2026-04-25,PROD0056,4,0.25,15.25,Online,UPI,Returned,North
ORD008686,CUST01644,2026-03-17,PROD0007,4,0.0,18.15,Online,COD,Delivered,North
ORD008687,CUST01367,2025-11-05,PROD0053,3,0.0,7.86,In-Store,Wallet,Pending,East
ORD008688,CUST00194,2026-04-20,PROD0047,-3,0.05,20.72,Mobile App,COD,Delivered,South
ORD008689,CUST00307,2026-02-13,PROD0050,5,0.2,15.09,Mobile App,Net Banking,Delivered,South
ORD008690,CUST01345,2026-01-09,PROD0042,1,0.2,9.73,Mobile App,UPI,Cancelled,East
ORD008691,CUST01870,2026-06-02,PROD0084,6,0.15,13.94,Mobile App,Wallet,Cancelled,South
ORD008692,CUST00219,2026-02-11,PROD0072,4,0.2,14.42,Mobile App,COD,Delivered,East
ORD008693,CUST00620,2025-08-25,PROD0104,3,0.2,4.14,Mobile App,UPI,Delivered,North
ORD008694,CUST01820,2026-04-25,PROD0022,2,0.0,10.07,Mobile App,Wallet,Delivered,North
ORD008695,CUST01945,2026-03-14,PROD0109,6,0.0,8.59,Mobile App,Credit Card,Delivered,East
ORD008696,CUST01791,2025-09-14,PROD0060,6,0.2,10.02,Online,Wallet,Delivered,West
ORD008697,CUST00111,2026-01-06,PROD0019,6,0.1,19.03,In-Store,Credit Card,Delivered,South
ORD008698,CUST00972,2025-07-04,PROD0001,2,0.05,12.06,Mobile App,UPI,Returned,East
ORD008699,CUST00524,2026-04-13,PROD0093,3,0.3,23.51,In-Store,UPI,Cancelled,East
ORD008700,CUST00100,2026-04-21,PROD0068,6,0.05,7.34,Mobile App,Wallet,Delivered,East
ORD008701,CUST00629,2025-08-30,PROD0022,3,0.3,10.39,In-Store,Credit Card,Delivered,East
ORD008702,CUST01608,2026-04-08,PROD0061,5,0.3,19.67,Online,UPI,Delivered,West
ORD008703,CUST01126,2026-06-07,PROD0122,4,0.25,13.65,In-Store,Wallet,Delivered,South
ORD008704,CUST01534,04-04-2026,PROD0015,6,0.2,13.68,Mobile App,Net Banking,Delivered,East
ORD008705,CUST00746,2025-07-31,PROD0084,2,0.15,1.33,Mobile App,Credit Card,Delivered,North
ORD008706,CUST00124,2026-06-10,PROD0014,2,0.0,,In-Store,Wallet,Delivered,West
ORD008707,CUST00071,0000-00-00,PROD0078,5,0.0,6.77,Online,COD,Returned,North
ORD008708,CUST00492,2025-11-04,PROD0033,2,0.0,24.98,In-Store,Debit Card,Delivered,South
ORD008709,CUST00200,2026-04-17,PROD0085,2,0.1,7.71,Online,Debit Card,Pending,West
ORD008710,CUST00223,2026-02-02,PROD0043,4,0.0,22.11,Mobile App,UPI,Delivered,North
ORD008711,CUST01125,2026-06-12,PROD0097,1,0.1,16.91,Mobile App,Credit Card,Delivered,North
ORD008712,CUST01109,08-22-2025,PROD0077,5,0.3,8.52,Mobile App,Net Banking,Delivered,South
ORD008713,CUST01577,2026-01-26,PROD0053,4,0.05,13.59,Online,COD,Delivered,South
ORD008714,CUST00425,2025-12-21,PROD0074,4,0.2,21.01,Mobile App,Wallet,Delivered,West
ORD008715,CUST01453,2025-11-14,PROD0113,6,0.0,22.08,Online,Net Banking,Cancelled,South
ORD008716,CUST01230,2026-01-07,PROD0112,4,0.1,4.01,Online,Wallet,Delivered,West
ORD008717,CUST00517,2026-06-30,PROD0010,1,0.25,8.49,Mobile App,Net Banking,Cancelled,West
ORD008718,CUST01699,2026-01-05,PROD0032,2,0.15,8.38,In-Store,Debit Card,Delivered,South
ORD008719,CUST01935,2026-01-14,PROD0098,3,0.25,1.05,Online,Wallet,Delivered,West
ORD008720,CUST01857,2026-02-11,PROD0047,6,0.3,14.96,Mobile App,Debit Card,Delivered,South
ORD008721,CUST00166,2025-07-24,PROD0067,6,0.3,21.37,In-Store,Debit Card,Delivered,East
ORD008722,CUST00011,2025-11-22,PROD0062,3,0.25,9.54,In-Store,COD,Delivered,South
ORD008723,CUST01738,2025-09-05,PROD0019,5,0.0,,Online,Wallet,Delivered,West
ORD008724,CUST00270,2025-07-29,PROD0030,6,0.0,15.69,In-Store,Wallet,Delivered,East
ORD008725,CUST00050,2025-10-09,PROD0034,2,0.0,9.39,In-Store,COD,Delivered,East
ORD008726,CUST00234,2025-11-20,PROD0065,2,0.0,3.53,In-Store,COD,Delivered,West
ORD008727,CUST01130,2026-05-16,PROD0049,2,0.3,17.73,Online,Credit Card,Delivered,East
ORD008728,CUST01507,2026-06-01,PROD0016,6,0.2,21.36,Mobile App,COD,Delivered,West
ORD008729,CUST00697,2026-03-12,PROD0068,1,0.0,17.15,Online,Net Banking,Delivered,North
ORD008730,CUST00202,2025-11-19,PROD0062,1,0.1,0.45,Mobile App,UPI,Delivered,North
ORD008731,CUST00839,2026-05-24,PROD0083,4,0.0,5.41,Mobile App,Net Banking,Delivered,West
ORD008732,CUST00964,2025-08-26,PROD0013,6,0.0,1.74,In-Store,UPI,Delivered,South
ORD008733,CUST01651,2026-04-18,PROD0042,5,0.25,14.26,Online,UPI,Delivered,East
ORD008734,CUST00544,2026-01-30,PROD0119,4,0.25,18.91,Mobile App,Net Banking,Delivered,West
ORD008735,CUST01015,2026-04-17,PROD0005,5,0.1,2.76,In-Store,Credit Card,Delivered,East
ORD008736,CUST00580,2026-06-28,PROD0088,2,0.15,20.96,Mobile App,COD,Cancelled,East
ORD008737,CUST01779,2026-04-15,PROD0054,2,0.3,13.89,Online,Debit Card,Delivered,East
ORD008738,CUST00617,2025-12-15,PROD0052,5,0.0,17.25,Online,Wallet,Returned,South
ORD008739,CUST00867,2026-04-01,PROD0017,5,0.0,24.29,In-Store,Wallet,Returned,South
ORD008740,CUST01760,2026-05-30,PROD0121,5,0.15,2.09,Online,Debit Card,Returned,South
ORD008741,CUST01351,2025-09-13,PROD0113,3,0.2,22.53,Online,Credit Card,Delivered,East
ORD008742,CUST01666,2026-01-13,PROD0055,3,0.0,,Online,Credit Card,Pending,East
ORD008743,CUST01270,2026-07-22,PROD0119,5,0.25,9.82,Mobile App,UPI,Delivered,West
ORD008744,CUST00032,2026-03-03,PROD0023,1,0.3,21.29,In-Store,UPI,Delivered,North
ORD008745,CUST01186,2026-04-04,PROD0060,2,0.1,22.66,Online,COD,Cancelled,East
ORD008746,CUST01202,2025-12-14,PROD0011,6,0.25,12.66,Mobile App,Wallet,Delivered,West
ORD008747,CUST01999,2025-07-22,PROD0120,5,0.1,14.85,In-Store,Credit Card,Delivered,East
ORD008748,CUST00447,2026-01-19,PROD0088,5,0.1,17.7,Online,Credit Card,Delivered,East
ORD008749,CUST01146,2026-04-20,PROD0100,6,0.0,20.82,Online,Debit Card,Delivered,North
ORD008750,CUST00598,2026-06-28,PROD0079,3,0.0,3.04,Mobile App,Wallet,Delivered,North
ORD008751,CUST00205,2026-05-29,PROD0073,1,0.0,20.25,Online,Debit Card,Delivered,East
ORD008752,CUST01776,2025-08-10,PROD0056,4,0.2,12.03,Mobile App,Wallet,Returned,West
ORD008753,CUST01295,2025-10-02,PROD0017,6,0.3,11.27,In-Store,Net Banking,Delivered,West
ORD008754,CUST00477,2025-08-28,PROD0083,4,0.0,10.6,Mobile App,COD,Pending,North
ORD008755,CUST00385,2026-04-16,PROD0022,2,0.25,12.73,In-Store,Net Banking,Delivered,West
ORD008756,CUST00812,2025-10-18,PROD0090,2,0.0,23.63,Online,COD,Returned,South
ORD008757,CUST00488,2026-03-23,PROD0117,6,0.25,13.71,Online,COD,Pending,East
ORD008758,CUST00112,2025-10-01,PROD0080,6,0.0,23.83,In-Store,UPI,Cancelled,North
ORD008759,CUST00945,2025-12-17,PROD0100,5,0.25,4.51,Mobile App,Credit Card,Returned,North
ORD008760,CUST00521,2026-07-26,PROD0046,6,0.05,18.1,Online,UPI,Cancelled,East
ORD008761,CUST01088,2026-01-25,PROD0024,4,0.0,20.31,Online,Net Banking,Delivered,East
ORD008762,CUST01089,2025-10-18,PROD0079,5,0.0,,In-Store,COD,Cancelled,North
ORD008763,CUST00795,2026-07-31,PROD0072,1,0.0,15.17,Mobile App,COD,Cancelled,East
ORD008764,CUST01911,2025-11-01,PROD0022,6,0.0,14.12,In-Store,Credit Card,Delivered,West
ORD008765,CUST01985,2025-12-24,PROD0053,4,0.05,21.52,In-Store,COD,Cancelled,East
ORD008766,CUST01307,2025-09-02,PROD0067,5,0.2,20.54,Online,Net Banking,Delivered,East
ORD008767,CUST00518,2026-05-05,PROD0051,4,0.0,3.06,In-Store,Net Banking,Delivered,South
ORD008768,CUST01069,2026-02-19,PROD0023,1,0.0,21.21,Mobile App,Credit Card,Delivered,West
ORD008769,CUST00704,2025-12-18,PROD0115,2,0.0,10.35,Mobile App,Net Banking,Delivered,South
ORD008770,CUST01642,2026-04-21,PROD0004,2,0.3,6.34,Mobile App,Net Banking,Pending,South
ORD008771,CUST00606,2025-07-18,PROD0060,5,0.0,21.74,Mobile App,Net Banking,Delivered,South
ORD008772,CUST01141,2025-08-25,PROD0087,4,0.25,10.8,In-Store,Net Banking,Delivered,North
ORD008773,CUST00077,2025-09-03,PROD0111,6,0.0,20.21,Online,COD,Delivered,East
ORD008774,CUST00657,2026-03-23,PROD0014,6,0.25,6.59,In-Store,COD,Delivered,South
ORD008775,CUST01174,2025-11-28,PROD0011,4,0.0,0.1,Online,Credit Card,Delivered,East
ORD008776,CUST01167,2025-08-15,PROD0120,1,0.3,12.39,Online,COD,Delivered,North
ORD008777,CUST00586,2026-01-22,PROD0115,1,0.1,2.51,Online,UPI,Delivered,West
ORD008778,CUST01209,2025-11-26,PROD0080,4,0.0,18.86,Online,Debit Card,Delivered,West
ORD008779,CUST01612,2026-01-27,PROD0067,2,0.0,6.9,Mobile App,COD,Delivered,South
ORD008780,CUST01242,2025-07-03,PROD0092,5,0.1,11.09,Mobile App,Credit Card,Delivered,East
ORD008781,CUST01413,2026-03-12,PROD0037,3,0.0,2.18,In-Store,Credit Card,Delivered,South
ORD008782,CUST01719,2025-10-05,PROD0087,4,0.0,7.17,Online,COD,Delivered,West
ORD008783,CUST00536,2025-11-30,PROD0049,1,0.0,,Mobile App,Wallet,Delivered,East
ORD008784,CUST01585,2025-11-06,PROD0005,6,0.2,3.79,In-Store,Net Banking,Delivered,West
ORD008785,CUST00254,2025-10-29,PROD0017,5,0.15,16.18,In-Store,COD,Delivered,East
ORD008786,CUST01079,2026-02-21,PROD0073,5,0.0,22.94,Online,Net Banking,Delivered,North
ORD008787,CUST01940,2026-07-22,PROD0070,1,0.15,17.0,Mobile App,Credit Card,Delivered,South
ORD008788,CUST00350,2026-07-29,PROD0101,5,0.0,20.28,Mobile App,UPI,Returned,South
ORD008789,CUST01774,2026-03-16,PROD0079,6,0.1,2.72,In-Store,COD,Delivered,West
ORD008790,CUST01256,2026-06-01,PROD0114,3,0.3,6.27,Online,UPI,Delivered,West
ORD008791,CUST01243,2025-12-26,PROD0040,2,0.25,22.36,Online,UPI,Delivered,South
ORD008792,CUST00284,2025-07-24,PROD0070,1,0.15,17.88,In-Store,Credit Card,Delivered,South
ORD008793,CUST00791,2025-12-01,PROD0049,3,0.2,15.99,Mobile App,COD,Delivered,North
ORD008794,CUST00370,2025-11-24,PROD0106,5,0.1,16.59,Online,COD,Delivered,East
ORD008795,CUST01081,2025-10-11,PROD0074,4,0.0,10.36,Mobile App,Net Banking,Delivered,South
ORD008796,CUST00956,2025-10-01,PROD0046,5,0.05,1.11,Mobile App,Net Banking,Delivered,South
ORD008797,CUST01894,2026-01-03,PROD0062,5,0.15,19.61,In-Store,UPI,Delivered,East
ORD008798,CUST01451,2025-12-10,PROD0066,1,0.15,16.97,In-Store,Wallet,Delivered,West
ORD008799,CUST00005,2025-07-05,PROD0043,4,0.05,11.82,Online,Wallet,Pending,East
ORD008800,CUST00358,2025-08-05,PROD0080,3,0.3,22.49,In-Store,Credit Card,Delivered,South
ORD008801,CUST01982,2026-05-26,PROD0103,1,0.3,8.4,In-Store,Debit Card,Delivered,West
ORD008802,CUST00935,2025-09-19,PROD0010,1,0.0,7.36,Mobile App,COD,Delivered,South
ORD008803,CUST01095,2025-08-06,PROD0061,6,0.15,21.82,Online,UPI,Delivered,West
ORD008804,CUST01269,2026-04-15,PROD0082,5,0.0,19.92,In-Store,UPI,Delivered,East
ORD008805,CUST00895,2025-08-12,PROD0116,5,0.25,12.87,Online,Wallet,Returned,West
ORD008806,CUST01191,2026-04-28,PROD0111,2,0.15,3.27,Online,Wallet,Delivered,West
ORD008807,CUST01934,2025-08-23,PROD0024,2,0.1,5.38,Mobile App,Debit Card,Delivered,North
ORD008808,CUST01256,2025-09-09,PROD0117,1,0.1,16.41,In-Store,Debit Card,Delivered,East
ORD008809,CUST01049,2026-01-26,PROD0058,5,0.0,9.63,Online,UPI,Cancelled,West
ORD008810,CUST01677,2025-12-30,PROD0118,2,0.2,20.91,Online,COD,Delivered,West
ORD008811,CUST01109,2026-02-18,PROD0013,5,0.3,23.75,Online,Net Banking,Delivered,East
ORD008812,CUST00883,2026-01-15,PROD0108,1,0.2,20.14,Mobile App,UPI,Delivered,South
ORD008813,CUST00148,2026-01-25,PROD0100,4,0.0,9.44,In-Store,Wallet,Pending,West
ORD008814,CUST00821,2026-05-05,PROD0103,4,0.0,19.72,In-Store,Debit Card,Delivered,West
ORD008815,CUST01262,2025-09-05,PROD0029,3,0.25,8.79,Mobile App,Wallet,Delivered,South
ORD008816,CUST01186,2025-08-10,PROD0010,2,0.0,4.18,In-Store,Wallet,Delivered,North
ORD008817,CUST00458,2026-06-24,PROD0079,4,0.0,0.83,Online,UPI,Delivered,West
ORD008818,CUST00088,2025-11-30,PROD0112,2,0.0,9.64,In-Store,COD,Delivered,South
ORD008819,CUST00455,2026-04-06,PROD0073,2,0.1,22.59,Mobile App,Wallet,Returned,West
ORD008820,CUST00196,2026-07-31,PROD0010,3,0.0,5.97,In-Store,Debit Card,Delivered,East
ORD008821,CUST00590,2026-06-15,PROD0109,3,0.0,5.16,Mobile App,Debit Card,Delivered,South
ORD008822,CUST00990,2026-07-30,PROD0101,2,0.3,24.25,In-Store,Debit Card,Delivered,West
ORD008823,CUST00667,2026-06-27,PROD0056,1,0.0,0.63,Mobile App,Credit Card,Delivered,West
ORD008824,CUST01296,2026-01-20,PROD0120,4,0.25,19.64,Online,UPI,Delivered,East
ORD008825,CUST01378,2026-01-20,PROD0090,1,0.3,8.03,Online,Debit Card,Delivered,East
ORD008826,CUST00498,2025-09-13,PROD0090,2,0.15,0.94,In-Store,UPI,Delivered,North
ORD008827,CUST01717,05-15-2026,PROD0031,2,0.1,22.95,Online,Debit Card,Cancelled,South
ORD008828,CUST00436,2025-11-12,PROD0028,6,0.25,3.49,In-Store,Net Banking,Delivered,North
ORD008829,CUST00718,2026-03-31,PROD0121,5,0.3,13.79,Online,UPI,Delivered,West
ORD008830,CUST00358,2026-02-18,PROD0001,2,0.0,6.85,Mobile App,Credit Card,Pending,East
ORD008831,CUST01414,2025-09-17,PROD0056,3,0.0,1.63,Mobile App,UPI,Returned,West
ORD008832,CUST01792,2025-10-28,PROD0072,3,0.0,1.25,Online,UPI,Returned,South
ORD008833,CUST00253,2026-07-02,PROD0091,6,0.25,2.89,In-Store,Credit Card,Delivered,South
ORD008834,CUST00108,2025-12-21,PROD0113,2,0.15,1.78,Mobile App,Debit Card,Delivered,West
ORD008835,CUST01629,2026-04-29,PROD0059,2,0.3,19.01,In-Store,COD,Delivered,South
ORD008836,CUST00498,2025-09-29,PROD0020,5,0.05,12.14,In-Store,UPI,Delivered,West
ORD008837,CUST01275,2026-05-29,PROD0060,4,0.1,8.57,In-Store,Credit Card,Pending,East
ORD008838,CUST00420,2026-02-02,PROD0092,1,0.05,10.46,Mobile App,UPI,Returned,West
ORD008839,CUST00159,2025-10-12,PROD0100,3,0.05,,Mobile App,COD,Delivered,North
ORD008840,CUST01042,2026-03-04,PROD0008,6,0.2,22.77,Mobile App,Wallet,Returned,East
ORD008841,CUST01391,2025-07-26,PROD0019,5,0.25,17.89,Mobile App,Credit Card,Delivered,West
ORD008842,CUST01186,2025-10-30,PROD0034,6,0.0,22.12,Online,UPI,Delivered,West
ORD008843,CUST01762,2026-03-12,PROD0102,1,0.0,7.99,In-Store,UPI,Delivered,South
ORD008844,CUST00836,2026-05-16,PROD0021,3,0.15,9.53,In-Store,Wallet,Delivered,West
ORD008845,CUST01818,2026-01-07,PROD0022,4,0.0,15.34,Online,Net Banking,Delivered,North
ORD008846,CUST01849,2025-10-29,PROD0018,1,0.15,15.59,Online,UPI,Delivered,West
ORD008847,CUST00119,2026-02-26,PROD0029,5,0.05,12.04,Online,Wallet,Delivered,North
ORD008848,CUST00197,2026-07-08,PROD0030,6,0.05,10.02,Online,Debit Card,Pending,East
ORD008849,CUST00211,2026-07-15,PROD0058,3,0.0,24.65,Online,COD,Delivered,South
ORD008850,CUST00760,2025-11-01,PROD0026,6,0.0,20.53,In-Store,Net Banking,Delivered,North
ORD008851,CUST01938,2026-04-28,PROD0036,1,0.2,10.87,Online,Wallet,Pending,West
ORD008852,CUST01594,2025-12-30,PROD0116,5,0.0,18.18,Online,COD,Delivered,North
ORD008853,CUST00414,2026-03-04,PROD0092,2,0.0,6.74,Online,COD,Delivered,East
ORD008854,CUST00621,2025-08-31,PROD0087,4,0.25,2.5,Mobile App,Debit Card,Cancelled,West
ORD008855,CUST00117,2026-05-17,PROD0066,4,0.05,8.81,Mobile App,COD,Delivered,East
ORD008856,CUST00065,2025-11-30,PROD0028,3,0.05,10.07,Mobile App,UPI,Pending,South
ORD008857,CUST00482,2026-06-06,PROD0037,3,0.25,0.41,In-Store,Credit Card,Delivered,North
ORD008858,CUST01729,2025-07-25,PROD0122,1,0.0,20.37,In-Store,Credit Card,Delivered,North
ORD008859,CUST00849,2026-07-26,PROD0085,5,0.05,8.98,Online,Wallet,Returned,South
ORD008860,CUST00852,2026-06-14,PROD0100,1,0.0,14.51,Mobile App,UPI,Delivered,East
ORD008861,CUST00889,2026-03-11,PROD0039,2,0.0,1.85,Mobile App,Credit Card,Cancelled,West
ORD008862,CUST00735,2025-11-18,PROD0018,3,0.0,4.37,Online,Debit Card,Delivered,North
ORD008863,CUST00684,2025-07-20,PROD0080,4,0.1,22.24,Online,Wallet,Delivered,West
ORD008864,CUST00793,2026-02-27,PROD0099,3,0.0,15.22,Online,Credit Card,Pending,North
ORD008865,CUST00838,2025-11-07,PROD0093,4,0.25,23.76,Online,Debit Card,Pending,South
ORD008866,CUST00807,2025-12-01,PROD0070,4,0.0,24.97,Online,Credit Card,Delivered,West
ORD008867,CUST01429,2026-06-28,PROD0104,3,0.0,9.3,In-Store,Debit Card,Delivered,East
ORD008868,CUST01346,2025-10-15,PROD0112,6,0.1,7.47,In-Store,Wallet,Delivered,West
ORD008869,CUST00908,2026-07-07,PROD0024,6,0.1,21.46,Online,Net Banking,Delivered,West
ORD008870,CUST01028,2026-06-24,PROD0058,1,0.3,24.97,Online,COD,Delivered,East
ORD008871,CUST01922,2025-08-31,PROD0058,6,0.2,15.74,Online,Debit Card,Delivered,West
ORD008872,CUST00940,2025-08-22,PROD0075,5,0.05,19.88,Mobile App,UPI,Delivered,North
ORD008873,CUST00139,2026-01-24,PROD0091,6,0.0,19.54,In-Store,Wallet,Delivered,North
ORD008874,CUST00908,2025-07-23,PROD0103,3,0.0,8.88,In-Store,Wallet,Delivered,East
ORD008875,CUST00153,2026-05-10,PROD0038,1,0.0,14.36,Online,Wallet,Delivered,East
ORD008876,CUST01320,2026-01-12,PROD0051,1,0.1,20.83,In-Store,Wallet,Delivered,East
ORD008877,CUST00322,2025-09-08,PROD0056,2,0.2,17.2,Mobile App,Debit Card,Delivered,West
ORD008878,CUST00359,11-30-2025,PROD0045,5,0.0,0.53,In-Store,Wallet,Pending,South
ORD008879,CUST00567,2025-07-02,PROD0043,1,0.0,8.42,Mobile App,COD,Delivered,East
ORD008880,CUST01534,2026-04-25,PROD0077,4,0.0,3.61,Mobile App,COD,Delivered,West
ORD008881,CUST00536,2026-02-08,PROD0016,3,0.1,5.82,Online,Wallet,Delivered,West
ORD008882,CUST01483,10-21-2025,PROD0107,4,0.25,22.64,In-Store,Debit Card,Delivered,West
ORD008883,CUST01570,2025-11-03,PROD0097,1,0.0,,In-Store,Wallet,Delivered,North
ORD008884,CUST00647,2025-08-17,PROD0072,5,0.0,5.5,Mobile App,Net Banking,Delivered,East
ORD008885,CUST01642,2026-05-16,PROD0025,2,0.15,7.74,Mobile App,COD,Delivered,North
ORD008886,CUST01732,2025-11-23,PROD0093,1,0.3,15.42,In-Store,Debit Card,Delivered,North
ORD008887,CUST00552,2025-07-02,PROD0056,4,0.2,13.35,Mobile App,Debit Card,Delivered,South
ORD008888,CUST01581,2026-03-08,PROD0091,5,0.2,5.46,Online,Credit Card,Delivered,West
ORD008889,CUST01485,2025-07-22,PROD0061,6,0.05,4.11,In-Store,COD,Delivered,South
ORD008890,CUST00464,2025-09-20,PROD0029,1,0.15,5.92,Online,Debit Card,Delivered,East
ORD008891,CUST01534,2026-03-04,PROD0044,1,0.0,12.56,Mobile App,COD,Delivered,East
ORD008892,CUST00160,2026-06-01,PROD0066,2,0.0,6.78,In-Store,Net Banking,Delivered,West
ORD008893,CUST01622,2025-11-17,PROD0081,2,0.0,23.69,In-Store,Credit Card,Delivered,East
ORD008894,CUST00973,2025-07-29,PROD0034,4,0.1,11.6,Mobile App,Debit Card,Delivered,East
ORD008895,CUST01266,2025-11-18,PROD0039,2,0.0,,In-Store,COD,Delivered,North
ORD008896,CUST01140,12-01-2025,PROD0068,3,0.25,18.23,In-Store,COD,Delivered,South
ORD008897,CUST01519,2026-05-20,PROD0022,5,0.15,8.22,In-Store,Debit Card,Delivered,South
ORD008898,CUST01034,2025-10-07,PROD0105,1,0.0,16.34,Mobile App,COD,Returned,South
ORD008899,CUST01807,2026-02-02,PROD0027,6,0.0,6.99,In-Store,Debit Card,Delivered,North
ORD008900,CUST00308,2025-09-27,PROD0030,2,0.25,14.27,In-Store,Debit Card,Cancelled,South
ORD008901,CUST01169,2026-05-27,PROD0042,2,0.3,19.3,Mobile App,Debit Card,Delivered,West
ORD008902,CUST01036,2025-07-29,PROD0077,2,0.0,23.2,Online,Debit Card,Delivered,East
ORD008903,CUST01198,2025-09-16,PROD0049,2,0.15,6.53,In-Store,Net Banking,Delivered,East
ORD008904,CUST01911,2026-07-12,PROD0030,6,0.0,8.37,Online,Wallet,Delivered,East
ORD008905,CUST00349,2026-03-10,PROD0063,6,0.0,11.61,Online,Debit Card,Delivered,East
ORD008906,CUST00611,2026-07-15,PROD0084,6,0.0,23.18,Mobile App,UPI,Delivered,North
ORD008907,CUST01836,2026-06-17,PROD0070,2,0.0,22.53,Mobile App,Net Banking,Delivered,East
ORD008908,CUST01879,2026-05-04,PROD0023,4,0.0,2.25,Online,Debit Card,Returned,East
ORD008909,CUST00941,2026-01-21,PROD0114,1,0.3,3.3,Online,Wallet,Pending,West
ORD008910,CUST01295,2025-11-16,PROD0070,5,0.3,12.39,Mobile App,Net Banking,Delivered,West
ORD008911,CUST00096,2025-07-29,PROD0056,6,0.25,2.67,Mobile App,UPI,Pending,East
ORD008912,CUST00885,2026-05-31,PROD0120,4,0.0,8.64,In-Store,Net Banking,Returned,West
ORD008913,CUST01578,2025-11-20,PROD0102,1,0.2,3.71,Online,Wallet,Delivered,West
ORD008914,CUST00506,2026-06-24,PROD0069,4,0.05,15.9,Mobile App,Debit Card,Delivered,North
ORD008915,CUST00540,2026-06-23,PROD0069,3,0.3,23.74,Online,Credit Card,Delivered,West
ORD008916,CUST00141,2026-06-07,PROD0003,2,0.2,24.92,Online,UPI,Returned,West
ORD008917,CUST00566,2025-11-28,PROD0114,3,0.0,9.38,Online,Debit Card,Delivered,West
ORD008918,CUST01619,2026-02-03,PROD0058,6,0.0,14.98,Online,Debit Card,Delivered,West
ORD008919,CUST01879,2026-01-26,PROD0011,6,0.25,21.41,Mobile App,Credit Card,Cancelled,East
ORD008920,CUST01434,2025-07-10,PROD0115,5,0.3,2.94,In-Store,COD,Returned,South
ORD008921,CUST01753,2025-10-13,PROD0016,1,0.0,17.24,Online,Wallet,Delivered,North
ORD008922,CUST00849,2026-03-08,PROD0004,6,0.0,10.22,Mobile App,UPI,Cancelled,South
ORD008923,CUST01138,2026-06-05,PROD0099,3,0.25,5.15,Online,UPI,Pending,South
ORD008924,CUST00536,2025-10-13,PROD0025,6,0.3,10.07,Mobile App,UPI,Delivered,North
ORD008925,CUST00687,2026-04-28,PROD0019,3,0.1,1.9,Mobile App,UPI,Delivered,West
ORD008926,CUST01227,2025-11-26,PROD0072,5,0.0,17.39,Online,Wallet,Delivered,South
ORD008927,CUST00819,2026-07-28,PROD0110,2,0.25,6.32,In-Store,UPI,Delivered,West
ORD008928,CUST00636,2025-12-09,PROD0015,1,0.0,7.79,In-Store,Credit Card,Cancelled,West
ORD008929,CUST01810,2025-12-26,PROD0045,5,0.15,3.03,Online,Debit Card,Delivered,North
ORD008930,CUST01087,2025-08-18,PROD0047,3,0.0,21.62,Online,COD,Delivered,East
ORD008931,CUST01302,2026-01-29,PROD0016,4,0.25,12.34,Mobile App,Debit Card,Delivered,East
ORD008932,CUST00297,2026-05-10,PROD0019,3,0.3,14.3,Mobile App,Wallet,Delivered,North
ORD008933,CUST01538,2026-05-06,PROD0104,3,0.0,14.24,Online,Net Banking,Delivered,East
ORD008934,CUST00508,2026-01-29,PROD0120,1,0.05,10.26,Online,Net Banking,Delivered,West
ORD008935,CUST01878,2026-03-25,PROD0023,4,0.25,4.81,Mobile App,UPI,Delivered,East
ORD008936,CUST01234,2025-12-23,PROD0061,2,0.25,18.63,Online,Debit Card,Delivered,West
ORD008937,CUST01590,2025-11-16,PROD0093,2,0.05,3.18,In-Store,Credit Card,Delivered,East
ORD008938,CUST00900,2025-12-31,PROD0034,6,0.3,2.6,In-Store,Credit Card,Delivered,South
ORD008939,CUST00942,2025-12-28,PROD0105,1,0.1,17.75,Mobile App,Credit Card,Cancelled,West
ORD008940,CUST00999,2025-11-13,PROD0116,3,0.15,5.22,Online,Debit Card,Delivered,West
ORD008941,CUST00257,2025-07-26,PROD0045,6,0.0,7.67,Online,Debit Card,Delivered,East
ORD008942,CUST00957,2026-02-24,PROD0014,4,0.3,11.88,Mobile App,Net Banking,Delivered,East
ORD008943,CUST00654,2025-08-26,PROD0002,1,0.0,11.23,In-Store,Credit Card,Delivered,North
ORD008944,CUST00860,2025-12-17,PROD0008,2,0.0,17.71,Mobile App,COD,Returned,East
ORD008945,CUST01984,2025-11-27,PROD0061,6,0.0,,In-Store,UPI,Delivered,North
ORD008946,CUST00316,2025-07-17,PROD0017,2,0.15,16.11,In-Store,UPI,Returned,North
ORD008947,CUST01464,2026-01-24,PROD0066,4,0.0,17.85,Online,Wallet,Delivered,East
ORD008948,CUST00087,2026-03-13,PROD0029,1,0.05,7.32,Online,Credit Card,Delivered,South
ORD008949,CUST01868,2025-10-08,PROD0043,6,0.25,,Online,UPI,Delivered,East
ORD008950,CUST01495,2025-10-28,PROD0027,4,0.0,10.95,Mobile App,COD,Delivered,North
ORD008951,CUST00737,2026-07-08,PROD0120,3,0.25,7.69,Online,Net Banking,Returned,East
ORD008952,CUST01640,2025-07-18,PROD0014,4,0.25,24.62,In-Store,Net Banking,Delivered,East
ORD008953,CUST01670,2026-01-19,PROD0086,3,0.3,20.35,Online,Debit Card,Returned,West
ORD008954,CUST00691,2026-05-26,PROD0114,1,0.25,4.12,In-Store,COD,Returned,North
ORD008955,CUST00921,2026-01-27,PROD0121,1,0.3,0.14,Online,Debit Card,Delivered,West
ORD008956,CUST01614,2026-06-16,PROD0065,6,0.3,1.07,In-Store,Net Banking,Returned,North
ORD008957,CUST00879,2026-07-26,PROD0062,6,0.2,6.1,In-Store,Debit Card,Delivered,West
ORD008958,CUST00354,2025-12-10,PROD0101,1,0.0,2.86,Mobile App,COD,Delivered,East
ORD008959,CUST01650,2026-02-22,PROD0029,6,0.05,13.33,In-Store,Credit Card,Delivered,North
ORD008960,CUST00568,2025-10-21,PROD0046,1,0.15,21.45,In-Store,Net Banking,Delivered,East
ORD008961,CUST01387,2026-05-14,PROD0091,1,0.3,18.42,Mobile App,Credit Card,Pending,South
ORD008962,CUST00847,2026-03-20,PROD0011,5,0.25,5.39,Online,Net Banking,Pending,West
ORD008963,CUST01360,2026-06-11,PROD0038,4,0.15,9.98,Online,COD,Returned,East
ORD008964,CUST01328,2025-10-20,PROD0099,6,0.3,12.7,Online,UPI,Delivered,North
ORD008965,CUST01398,2026-04-21,PROD0121,2,0.15,,Mobile App,COD,Delivered,South
ORD008966,CUST00065,2025-10-31,PROD0022,3,0.3,20.98,Mobile App,Credit Card,Delivered,West
ORD008967,CUST00301,2025-12-19,PROD0002,6,0.0,22.74,Mobile App,Wallet,Delivered,South
ORD008968,CUST00875,2025-11-09,PROD0027,1,0.2,12.73,Online,COD,Delivered,South
ORD008969,CUST00502,2026-07-13,PROD0027,1,0.15,17.36,Online,Credit Card,Delivered,North
ORD008970,CUST00059,2025-07-21,PROD0087,1,0.15,2.8,Mobile App,COD,Delivered,South
ORD008971,CUST01605,2026-04-04,PROD0107,2,0.0,14.13,Mobile App,COD,Delivered,North
ORD008972,CUST01442,2026-03-28,PROD0090,4,0.25,6.22,In-Store,Wallet,Delivered,North
ORD008973,CUST01059,2026-05-07,PROD0044,5,0.15,10.79,Online,Wallet,Pending,South
ORD008974,CUST00793,2025-08-08,PROD0037,2,0.25,15.85,Online,Net Banking,Returned,East
ORD008975,CUST01904,2026-01-05,PROD0003,4,0.0,,Online,UPI,Delivered,East
ORD008976,CUST01554,2026-03-18,PROD0034,3,0.3,1.3,Mobile App,COD,Delivered,West
ORD008977,CUST01156,2026-03-22,PROD0045,4,0.15,0.26,In-Store,Net Banking,Delivered,West
ORD008978,CUST01326,2025-08-08,PROD0076,6,0.25,0.55,In-Store,Debit Card,Delivered,North
ORD008979,CUST00296,2025-08-23,PROD0108,6,0.05,0.21,In-Store,UPI,Delivered,West
ORD008980,CUST01051,2025-12-02,PROD0059,5,0.15,2.76,In-Store,Credit Card,Delivered,East
ORD008981,CUST01437,2025-09-15,PROD0117,4,0.0,5.99,Mobile App,Credit Card,Delivered,South
ORD008982,CUST00669,2026-05-14,PROD0043,3,0.0,5.53,Online,Debit Card,Delivered,North
ORD008983,CUST01936,2026-05-30,PROD0064,2,0.3,24.67,Online,UPI,Delivered,South
ORD008984,CUST00626,2026-05-24,PROD0067,5,0.1,7.65,Online,Net Banking,Cancelled,North
ORD008985,CUST01619,2025-11-25,PROD0001,6,0.0,3.19,Mobile App,Credit Card,Delivered,North
ORD008986,CUST01127,2025-07-29,PROD0057,2,0.05,13.64,Online,Credit Card,Delivered,North
ORD008987,CUST01378,2025-10-02,PROD0064,2,0.3,21.45,In-Store,COD,Delivered,East
ORD008988,CUST01085,2026-05-02,PROD0115,2,0.15,16.95,Online,Debit Card,Delivered,South
ORD008989,CUST00602,2025-12-04,PROD0032,3,0.0,7.4,Mobile App,Credit Card,Delivered,South
ORD008990,CUST00544,2025-07-09,PROD0058,6,0.25,14.04,Mobile App,Credit Card,Delivered,North
ORD008991,CUST01905,2025-09-28,PROD0030,6,0.3,17.87,In-Store,Credit Card,Delivered,West
ORD008992,CUST00555,2025-11-19,PROD0038,6,0.0,18.2,In-Store,Credit Card,Delivered,West
ORD008993,CUST01336,2025-08-13,PROD0044,6,0.25,16.66,Mobile App,COD,Cancelled,South
ORD008994,CUST00539,2026-04-03,PROD0111,4,0.15,21.77,Mobile App,UPI,Cancelled,North
ORD008995,CUST01806,2025-08-04,PROD0059,4,0.15,21.75,Mobile App,Debit Card,Delivered,North
ORD008996,CUST01466,2025-07-16,PROD0030,2,0.15,14.47,In-Store,COD,Cancelled,South
ORD008997,CUST00627,2025-10-26,PROD0042,1,0.2,10.75,In-Store,UPI,Delivered,North
ORD008998,CUST01644,2025-12-30,PROD0098,6,0.25,,Mobile App,Wallet,Delivered,West
ORD008999,CUST01990,2026-04-25,PROD0070,1,0.0,20.46,Online,Credit Card,Delivered,South
ORD009000,CUST01459,2025-09-11,PROD0069,5,0.0,0.14,Mobile App,Debit Card,Delivered,South
ORD009001,CUST01507,2025-08-12,PROD0110,3,0.15,24.8,In-Store,UPI,Delivered,South
ORD009002,CUST00071,2025-11-09,PROD0064,5,0.15,4.57,Online,Debit Card,Cancelled,North
ORD009003,CUST00222,2026-05-29,PROD0112,1,0.0,11.76,Mobile App,Wallet,Delivered,North
ORD009004,CUST01891,2026-05-13,PROD0082,5,0.05,21.8,In-Store,Debit Card,Delivered,East
ORD009005,CUST00787,2025-08-03,PROD0026,4,0.15,5.63,In-Store,Debit Card,Delivered,South
ORD009006,CUST00650,2025-12-18,PROD0064,2,0.0,11.92,Online,Debit Card,Delivered,East
ORD009007,CUST00245,2025-08-12,PROD0106,1,0.0,3.31,Online,Debit Card,Delivered,South
ORD009008,CUST00463,2025-07-01,PROD0007,1,0.0,9.88,In-Store,UPI,Delivered,West
ORD009009,CUST01890,2026-01-09,PROD0021,2,0.0,4.43,In-Store,Wallet,Delivered,North
ORD009010,CUST01080,2026-02-12,PROD0007,1,0.0,9.09,Mobile App,UPI,Pending,North
ORD009011,CUST00896,2025-09-05,PROD0081,5,0.25,9.34,Online,UPI,Delivered,South
ORD009012,CUST01325,2026-02-12,PROD0085,1,0.0,24.83,Mobile App,Credit Card,Delivered,East
ORD009013,CUST00136,2026-07-14,PROD0048,6,0.0,24.87,Mobile App,UPI,Delivered,West
ORD009014,CUST01837,2026-05-08,PROD0086,2,0.15,2.87,Online,Debit Card,Delivered,East
ORD009015,CUST00384,2025-07-20,PROD0102,4,0.0,18.15,In-Store,Credit Card,Pending,East
ORD009016,CUST00054,2025-11-02,PROD0023,1,0.0,1.29,Mobile App,UPI,Returned,North
ORD009017,CUST00602,2025-10-02,PROD0044,4,0.05,0.75,Online,UPI,Delivered,South
ORD009018,CUST01576,2025-08-23,PROD0120,3,0.0,2.63,Mobile App,Wallet,Delivered,North
ORD009019,CUST01145,2026-06-14,PROD0018,2,0.1,24.14,Mobile App,UPI,Delivered,South
ORD009020,CUST01634,2026-06-03,PROD0088,4,0.3,23.52,Mobile App,Wallet,Delivered,North
ORD009021,CUST01623,2026-03-24,PROD0098,2,0.25,4.85,Online,Credit Card,Delivered,East
ORD009022,CUST01887,2025-11-06,PROD0048,6,0.0,4.04,Online,Debit Card,Delivered,North
ORD009023,CUST00507,2026-05-17,PROD0037,3,0.0,6.01,Online,Wallet,Delivered,North
ORD009024,CUST01818,2025-08-03,PROD0018,3,0.25,12.89,In-Store,UPI,Returned,West
ORD009025,CUST01409,2026-04-09,PROD0004,5,0.0,14.24,In-Store,UPI,Pending,East
ORD009026,CUST01764,2026-02-10,PROD0111,3,0.0,5.54,Mobile App,Debit Card,Delivered,South
ORD009027,CUST01368,2026-03-26,PROD0111,1,0.15,,In-Store,COD,Delivered,West
ORD009028,CUST00218,2026-04-26,PROD0015,5,0.0,,In-Store,COD,Delivered,West
ORD009029,CUST00082,2026-05-25,PROD0013,4,0.0,23.05,Mobile App,Credit Card,Cancelled,North
ORD009030,CUST01027,2026-04-23,PROD0042,5,0.2,16.42,Online,Debit Card,Delivered,South
ORD009031,CUST00850,2026-03-11,PROD0103,5,0.1,10.91,Mobile App,UPI,Delivered,East
ORD009032,CUST00070,2025-11-22,PROD0105,6,0.25,19.75,In-Store,Net Banking,Returned,North
ORD009033,CUST00476,2026-05-05,PROD0054,3,0.15,20.45,In-Store,Credit Card,Returned,West
ORD009034,CUST01473,2026-01-26,PROD0029,3,0.15,7.26,In-Store,Wallet,Cancelled,West
ORD009035,CUST00121,2025-08-26,PROD0011,4,0.0,8.49,Mobile App,Credit Card,Delivered,South
ORD009036,CUST00137,2025-11-14,PROD0023,6,0.15,23.4,Online,Wallet,Delivered,North
ORD009037,CUST01562,2026-04-29,PROD0067,4,0.25,4.12,In-Store,Credit Card,Delivered,South
ORD009038,CUST01966,2025-08-27,PROD0089,3,0.0,1.05,Online,Debit Card,Delivered,East
ORD009039,CUST00537,2026-01-21,PROD0091,4,0.0,11.35,In-Store,UPI,Delivered,North
ORD009040,CUST00145,2026-04-23,PROD0113,6,0.0,20.03,In-Store,COD,Cancelled,South
ORD009041,CUST00455,2026-04-30,PROD0008,1,0.0,19.29,Mobile App,Credit Card,Returned,North
ORD009042,CUST01810,2026-01-14,PROD0007,4,0.3,22.99,Online,Net Banking,Delivered,East
ORD009043,CUST01433,2026-01-26,PROD0081,1,0.3,13.33,Mobile App,Credit Card,Delivered,East
ORD009044,CUST01564,2026-07-12,PROD0076,4,0.25,2.5,Online,COD,Delivered,East
ORD009045,CUST00665,2025-12-12,PROD0057,5,0.15,14.72,In-Store,Net Banking,Delivered,South
ORD009046,CUST00516,2025-12-28,PROD0094,4,0.05,19.46,Mobile App,COD,Cancelled,West
ORD009047,CUST00308,2026-07-05,PROD0119,6,0.0,2.33,Online,UPI,Delivered,North
ORD009048,CUST01506,2026-01-13,PROD0059,5,0.15,4.32,Mobile App,UPI,Returned,East
ORD009049,CUST00555,2026-03-18,PROD0120,5,0.0,0.31,Mobile App,Wallet,Returned,West
ORD009050,CUST01169,2026-02-01,PROD0067,4,0.05,14.84,Mobile App,Debit Card,Delivered,West
ORD009051,CUST01942,2025-09-01,PROD0121,6,0.0,22.17,Mobile App,Wallet,Delivered,North
ORD009052,CUST00328,2026-07-13,PROD0105,4,0.3,,Mobile App,Credit Card,Delivered,South
ORD009053,CUST00835,2025-11-17,PROD0075,5,0.05,24.55,In-Store,Credit Card,Delivered,North
ORD009054,CUST00235,2025-08-15,PROD0005,4,0.05,1.58,Online,Credit Card,Returned,North
ORD009055,CUST00949,2025-07-10,PROD0005,4,0.05,22.58,Online,Wallet,Delivered,West
ORD009056,CUST01072,2026-06-22,PROD0051,6,0.2,20.35,Mobile App,Net Banking,Returned,West
ORD009057,CUST01706,2025-07-11,PROD0050,3,0.0,7.86,Online,Net Banking,Delivered,East
ORD009058,CUST01358,2025-12-13,PROD0039,3,0.0,24.34,Mobile App,Credit Card,Delivered,West
ORD009059,CUST00047,2026-04-12,PROD0112,3,0.1,7.2,Online,UPI,Delivered,North
ORD009060,CUST00954,2026-04-29,PROD0043,1,0.15,,In-Store,UPI,Delivered,North
ORD009061,CUST00178,2026-06-08,PROD0033,1,0.15,22.02,Mobile App,Credit Card,Delivered,East
ORD009062,CUST00771,2026-03-09,PROD0036,5,0.1,18.94,In-Store,Debit Card,Delivered,South
ORD009063,CUST00958,2025-09-08,PROD0058,3,0.0,14.09,In-Store,Debit Card,Pending,East
ORD009064,CUST00277,2026-05-07,PROD0083,3,0.0,3.0,Online,Debit Card,Delivered,South
ORD009065,CUST01041,2026-03-31,PROD0102,4,0.0,13.3,In-Store,UPI,Cancelled,East
ORD009066,CUST01479,2025-10-23,PROD0061,1,0.05,8.92,In-Store,Debit Card,Returned,North
ORD009067,CUST01798,2026-04-19,PROD0081,2,0.0,19.81,Online,Net Banking,Delivered,East
ORD009068,CUST00727,2025-07-15,PROD0085,5,0.2,18.95,Online,Credit Card,Delivered,North
ORD009069,CUST01892,2026-07-13,PROD0063,6,0.15,22.77,In-Store,COD,Delivered,East
ORD009070,CUST00008,2025-12-05,PROD0111,0,0.0,0.37,Online,Net Banking,Delivered,East
ORD009071,CUST01366,2026-04-05,PROD0026,1,0.0,20.23,Online,Wallet,Delivered,West
ORD009072,CUST01531,2026-05-28,PROD0068,1,0.3,23.46,Mobile App,Net Banking,Delivered,North
ORD009073,CUST00359,2025-11-12,PROD0081,6,0.15,19.73,In-Store,COD,Delivered,North
ORD009074,CUST00576,2026-02-13,PROD0056,2,0.0,3.25,In-Store,Wallet,Pending,North
ORD009075,CUST00740,2026-03-07,PROD0041,4,0.1,2.03,Online,Net Banking,Delivered,North
ORD009076,CUST00903,2025-08-12,PROD0118,5,0.1,0.52,Mobile App,Net Banking,Delivered,North
ORD009077,CUST01023,2025-12-29,PROD0039,3,0.15,15.72,Mobile App,Credit Card,Delivered,East
ORD009078,CUST00775,2025-12-18,PROD0049,3,0.1,15.74,Online,Credit Card,Pending,East
ORD009079,CUST01207,2026-04-01,PROD0071,6,0.15,24.67,Online,Wallet,Delivered,South
ORD009080,CUST01004,2026-02-16,PROD0118,4,0.0,9.95,Online,Wallet,Delivered,East
ORD009081,CUST00432,2026-02-16,PROD0051,5,0.1,8.3,Mobile App,COD,Cancelled,East
ORD009082,CUST00919,2025-09-21,PROD0106,2,0.0,15.61,Mobile App,Net Banking,Delivered,West
ORD009083,CUST01610,2026-07-21,PROD0118,3,0.1,20.64,In-Store,UPI,Delivered,South
ORD009084,CUST01096,2026-05-24,PROD0045,6,0.0,23.42,Online,Net Banking,Delivered,South
ORD009085,CUST01018,2025-07-11,PROD0032,3,0.0,20.08,In-Store,COD,Returned,East
ORD009086,CUST00990,2026-05-06,PROD0078,5,0.0,10.67,Mobile App,Net Banking,Delivered,North
ORD009087,CUST01411,2026-06-12,PROD0063,2,0.0,15.87,Mobile App,Wallet,Delivered,West
ORD009088,CUST00914,2025-09-30,PROD0088,4,0.0,21.41,Mobile App,Credit Card,Delivered,North
ORD009089,CUST01707,2025-07-23,PROD0113,1,0.15,12.27,Mobile App,Credit Card,Delivered,North
ORD009090,CUST01100,2026-07-21,PROD0073,5,0.0,5.42,Mobile App,Debit Card,Delivered,North
ORD009091,CUST00406,2026-01-04,PROD0014,3,0.0,4.24,Mobile App,COD,Delivered,West
ORD009092,CUST00711,2025-07-06,PROD0111,5,0.0,0.0,In-Store,UPI,Delivered,East
ORD009093,CUST00657,2025-07-12,PROD0012,4,0.3,17.96,In-Store,Debit Card,Delivered,South
ORD009094,CUST01443,2025-08-21,PROD0041,2,0.0,2.78,In-Store,Credit Card,Delivered,West
ORD009095,CUST00093,2026-01-01,PROD0110,4,0.0,6.1,Mobile App,COD,Returned,North
ORD009096,CUST00274,2025-07-30,PROD0106,5,0.15,7.45,Online,Debit Card,Delivered,East
ORD009097,CUST00488,2025-09-02,PROD0018,1,0.0,14.01,Mobile App,COD,Delivered,West
ORD009098,CUST00430,2026-01-14,PROD0039,4,0.0,9.95,Online,Debit Card,Delivered,West
ORD009099,CUST01456,2026-03-25,PROD0035,1,0.1,16.87,Mobile App,Net Banking,Delivered,West
ORD009100,CUST00366,2025-10-26,PROD0093,1,0.2,1.39,In-Store,Debit Card,Delivered,South
ORD009101,CUST00913,2025-10-10,PROD0060,3,0.05,3.1,In-Store,Debit Card,Pending,East
ORD009102,CUST00868,2026-02-27,PROD0009,2,0.2,12.48,In-Store,Credit Card,Delivered,South
ORD009103,CUST01299,2025-10-22,PROD0053,6,0.0,8.42,Mobile App,Debit Card,Delivered,South
ORD009104,CUST01623,2026-03-29,PROD0062,3,0.15,7.4,In-Store,Debit Card,Delivered,North
ORD009105,CUST00333,2026-05-10,PROD0069,1,0.05,1.68,Online,COD,Delivered,East
ORD009106,CUST00595,2025-09-02,PROD0110,1,0.0,22.39,Mobile App,UPI,Returned,North
ORD009107,CUST01804,2026-03-02,PROD0090,5,0.2,17.3,Mobile App,UPI,Delivered,South
ORD009108,CUST01373,2026-02-22,PROD0079,5,0.25,3.04,Online,Net Banking,Delivered,North
ORD009109,CUST01184,2026-06-27,PROD0081,2,0.1,1.63,Online,COD,Delivered,East
ORD009110,CUST00189,2025-10-14,PROD0074,4,0.05,24.37,Mobile App,Net Banking,Delivered,West
ORD009111,CUST01588,2025-10-01,PROD0049,4,0.25,17.03,Mobile App,Net Banking,Delivered,North
ORD009112,CUST01050,2026-02-08,PROD0015,4,0.1,10.44,In-Store,Debit Card,Delivered,South
ORD009113,CUST01546,2026-03-23,PROD0007,2,0.0,17.54,Mobile App,UPI,Delivered,North
ORD009114,CUST00550,2025-12-19,PROD0043,1,0.25,18.91,In-Store,Credit Card,Delivered,West
ORD009115,CUST01780,2025-08-20,PROD0096,5,0.3,19.5,Online,UPI,Delivered,East
ORD009116,CUST01805,2025-07-12,PROD0105,4,0.25,11.95,Mobile App,Credit Card,Cancelled,East
ORD009117,CUST01661,2025-12-07,PROD0066,1,0.15,10.75,Mobile App,Wallet,Delivered,West
ORD009118,CUST00498,2025-07-18,PROD0030,5,0.25,0.28,Online,UPI,Delivered,East
ORD009119,CUST00995,2026-06-13,PROD0045,5,0.3,23.16,In-Store,UPI,Delivered,East
ORD009120,CUST01693,2025-08-19,PROD0038,6,0.2,15.08,Mobile App,UPI,Delivered,East
ORD009121,CUST01424,2025-09-17,PROD0081,2,0.15,5.08,Mobile App,Credit Card,Returned,South
ORD009122,CUST00297,2026-03-07,PROD0091,4,0.0,22.99,In-Store,UPI,Delivered,West
ORD009123,CUST01994,2025-12-29,PROD0068,3,0.0,22.87,In-Store,Wallet,Delivered,West
ORD009124,CUST01659,2025-09-24,PROD0094,1,0.0,24.73,In-Store,Credit Card,Delivered,South
ORD009125,CUST00222,2025-10-11,PROD0115,3,0.25,21.85,In-Store,Wallet,Delivered,North
ORD009126,CUST01601,2025-10-25,PROD0035,2,0.0,24.94,In-Store,Credit Card,Delivered,South
ORD009127,CUST00584,2026-07-08,PROD0041,6,0.3,6.12,Mobile App,COD,Cancelled,West
ORD009128,CUST01628,2026-04-23,PROD0046,3,0.25,21.06,Online,Credit Card,Delivered,West
ORD009129,CUST00141,2025-08-09,PROD0049,1,0.3,20.58,Mobile App,UPI,Delivered,East
ORD009130,CUST00580,2026-01-01,PROD0032,3,0.0,5.77,Online,Debit Card,Delivered,North
ORD009131,CUST00705,2026-06-24,PROD0038,6,0.25,2.46,In-Store,Wallet,Delivered,West
ORD009132,CUST00683,2026-05-01,PROD0101,3,0.0,24.49,Online,Net Banking,Delivered,North
ORD009133,CUST00426,2025-11-07,PROD0042,1,0.25,7.4,Online,Credit Card,Delivered,West
ORD009134,CUST00017,2025-10-08,PROD0008,2,0.3,21.77,Online,COD,Cancelled,North
ORD009135,CUST01892,2025-08-12,PROD0102,2,0.3,0.1,Online,UPI,Delivered,North
ORD009136,CUST00588,2025-12-25,PROD0120,4,0.25,0.53,Online,Net Banking,Delivered,North
ORD009137,CUST00998,2026-05-14,PROD0032,3,0.2,11.65,Online,COD,Cancelled,East
ORD009138,CUST01373,2025-07-15,PROD0083,5,0.25,5.97,Online,Credit Card,Delivered,South
ORD009139,CUST01341,2025-09-05,PROD0096,6,0.1,17.25,In-Store,Wallet,Delivered,South
ORD009140,CUST01881,2025-10-23,PROD0087,6,0.0,14.14,Mobile App,Debit Card,Delivered,West
ORD009141,CUST01612,2025-09-28,PROD0015,3,0.0,1.94,Mobile App,Net Banking,Delivered,North
ORD009142,CUST00762,2026-04-13,PROD0018,6,0.0,4.07,Online,UPI,Delivered,West
ORD009143,CUST00589,2025-08-28,PROD0022,6,0.2,9.7,Mobile App,Debit Card,Delivered,South
ORD009144,CUST00009,2025-07-11,PROD0041,3,0.05,4.64,Online,UPI,Delivered,East
ORD009145,CUST01648,2026-06-09,PROD0122,6,0.25,19.81,Online,Debit Card,Delivered,East
ORD009146,CUST01490,2025-08-05,PROD0028,6,0.05,10.4,Mobile App,Net Banking,Delivered,South
ORD009147,CUST00612,2026-06-16,PROD0120,6,0.15,2.34,Mobile App,Debit Card,Delivered,East
ORD009148,CUST00637,2026-03-16,PROD0093,3,0.2,12.11,Online,Debit Card,Delivered,South
ORD009149,CUST01653,2025-07-31,PROD0100,2,0.0,2.27,Mobile App,Net Banking,Delivered,East
ORD009150,CUST00676,2025-07-04,PROD0116,4,0.15,3.22,In-Store,COD,Delivered,East
ORD009151,CUST00517,2025-11-02,PROD0071,3,0.1,5.99,Mobile App,Wallet,Delivered,South
ORD009152,CUST00801,2025-09-17,PROD0012,5,0.0,21.49,In-Store,COD,Delivered,West
ORD009153,CUST01883,2026-06-05,PROD0108,5,0.3,23.12,In-Store,COD,Delivered,South
ORD009154,CUST00802,2026-04-20,PROD0035,6,0.1,20.66,In-Store,Net Banking,Delivered,North
ORD009155,CUST01284,2026-05-19,PROD0033,2,0.2,8.35,Online,Credit Card,Delivered,North
ORD009156,CUST01701,2026-01-05,PROD0068,4,0.1,6.81,In-Store,Credit Card,Cancelled,West
ORD009157,CUST01086,2026-05-18,PROD0048,5,0.2,13.73,Online,Debit Card,Delivered,West
ORD009158,CUST00230,2026-05-30,PROD0002,2,0.0,18.05,In-Store,COD,Delivered,South
ORD009159,CUST00084,2026-04-01,PROD0078,3,0.2,24.83,In-Store,Debit Card,Delivered,West
ORD009160,CUST01932,2026-07-07,PROD0045,1,0.2,3.29,In-Store,Debit Card,Delivered,East
ORD009161,CUST01702,2026-02-21,PROD0093,4,0.2,1.23,Online,Credit Card,Cancelled,East
ORD009162,CUST00805,2026-03-13,PROD0075,5,0.0,17.36,In-Store,COD,Delivered,North
ORD009163,CUST00251,2026-04-30,PROD0104,2,0.25,20.81,Online,Debit Card,Delivered,West
ORD009164,CUST01016,2025-11-12,PROD0018,6,0.3,21.16,Online,Wallet,Delivered,West
ORD009165,CUST01614,2026-04-26,PROD0102,5,0.0,16.96,Online,Net Banking,Delivered,South
ORD009166,CUST00583,2026-02-05,PROD0031,3,0.15,23.85,Online,Credit Card,Delivered,South
ORD009167,CUST01378,2026-01-12,PROD0075,6,0.0,12.78,Mobile App,COD,Delivered,East
ORD009168,CUST00988,2026-03-15,PROD0041,2,0.15,22.85,In-Store,Debit Card,Delivered,North
ORD009169,CUST00094,2025-09-13,PROD0028,2,0.0,24.2,In-Store,Debit Card,Delivered,North
ORD009170,CUST00797,2026-06-24,PROD0045,4,0.2,21.18,Mobile App,Debit Card,Delivered,South
ORD009171,CUST00479,2026-05-27,PROD0050,5,0.0,7.74,Mobile App,Debit Card,Delivered,West
ORD009172,CUST00763,2025-12-09,PROD0038,-1,0.25,4.91,Mobile App,Credit Card,Delivered,West
ORD009173,CUST01495,2025-09-30,PROD0121,4,0.0,13.7,Online,Wallet,Delivered,North
ORD009174,CUST00320,2025-11-02,PROD0101,5,0.2,11.33,In-Store,Debit Card,Delivered,East
ORD009175,CUST00982,2025-12-04,PROD0058,5,0.2,21.94,Mobile App,Wallet,Delivered,West
ORD009176,CUST00766,2025-08-17,PROD0091,1,0.0,2.5,Online,Wallet,Delivered,West
ORD009177,CUST01540,2025-09-11,PROD0002,3,0.25,6.44,In-Store,Wallet,Delivered,East
ORD009178,CUST01610,2025-07-30,PROD0080,5,0.0,18.79,Online,COD,Delivered,North
ORD009179,CUST00863,2026-01-13,PROD0012,6,0.1,2.37,Online,Net Banking,Delivered,North
ORD009180,CUST01348,2026-03-25,PROD0049,1,0.2,8.02,Mobile App,COD,Delivered,South
ORD009181,CUST00029,2026-05-05,PROD0099,6,0.3,9.68,Online,Debit Card,Delivered,East
ORD009182,CUST01819,2025-10-30,PROD0060,6,0.0,15.56,Mobile App,Credit Card,Delivered,South
ORD009183,CUST00619,2025-11-21,PROD0061,5,0.2,3.95,In-Store,Net Banking,Delivered,North
ORD009184,CUST00136,2026-07-20,PROD0022,3,0.15,21.52,Online,UPI,Returned,North
ORD009185,CUST01539,2026-02-20,PROD0097,5,0.0,11.19,Mobile App,UPI,Returned,East
ORD009186,CUST01669,2025-12-01,PROD0059,2,0.05,22.93,Online,Wallet,Delivered,North
ORD009187,CUST01279,2026-06-03,PROD0104,1,0.1,11.7,In-Store,Net Banking,Delivered,South
ORD009188,CUST01057,2026-04-11,PROD0103,3,0.0,6.88,Mobile App,Debit Card,Cancelled,East
ORD009189,CUST00464,2026-05-28,PROD0052,4,0.3,3.55,Mobile App,UPI,Delivered,West
ORD009190,CUST00812,2026-01-08,PROD0080,6,0.1,0.09,Online,Debit Card,Delivered,East
ORD009191,CUST01979,2025-08-15,PROD0116,6,0.0,13.3,Online,Net Banking,Delivered,North
ORD009192,CUST01173,2026-06-11,PROD0062,4,0.0,2.68,Mobile App,Debit Card,Delivered,East
ORD009193,CUST01049,2025-08-30,PROD0027,5,0.0,9.79,In-Store,Wallet,Delivered,East
ORD009194,CUST00200,2026-04-27,PROD0033,4,0.3,14.73,Online,Debit Card,Delivered,South
ORD009195,CUST00472,2025-12-30,PROD0113,4,0.3,6.89,Online,UPI,Pending,North
ORD009196,CUST01906,2026-07-03,PROD0063,3,0.2,4.38,Online,Net Banking,Delivered,North
ORD009197,CUST00290,2026-07-18,PROD0061,4,0.0,19.37,Online,Credit Card,Cancelled,West
ORD009198,CUST01669,2026-05-02,PROD0019,1,0.3,23.67,In-Store,Net Banking,Returned,North
ORD009199,CUST00794,2025-07-18,PROD0049,5,0.1,2.51,In-Store,COD,Delivered,East
ORD009200,CUST01400,2026-07-29,PROD0058,5,0.15,3.89,In-Store,COD,Delivered,North
ORD009201,CUST01965,2025-08-23,PROD0109,4,0.2,24.0,Mobile App,Net Banking,Returned,North
ORD009202,CUST00531,2025-09-18,PROD0006,5,0.1,0.94,In-Store,UPI,Delivered,East
ORD009203,CUST01575,2025-07-02,PROD0076,5,0.2,24.44,Online,COD,Delivered,North
ORD009204,CUST00913,2026-06-08,PROD0039,2,0.2,0.12,Mobile App,Debit Card,Delivered,South
ORD009205,CUST00423,2026-07-16,PROD0055,1,0.1,21.84,In-Store,UPI,Cancelled,North
ORD009206,CUST00612,2025-09-05,PROD0122,3,0.2,7.68,In-Store,Wallet,Pending,North
ORD009207,CUST00021,2025-09-07,PROD0074,5,0.0,23.46,Mobile App,Debit Card,Delivered,East
ORD009208,CUST01840,2025-11-09,PROD0055,0,0.0,7.92,In-Store,COD,Cancelled,North
ORD009209,CUST00205,09-25-2025,PROD0034,5,0.15,16.36,Mobile App,Net Banking,Delivered,South
ORD009210,CUST00120,2025-10-02,PROD0004,1,0.2,2.0,Mobile App,Net Banking,Delivered,North
ORD009211,CUST00520,2026-02-19,PROD0020,6,0.2,6.06,In-Store,UPI,Cancelled,West
ORD009212,CUST00083,2025-07-27,PROD0021,-1,0.1,19.34,Mobile App,Credit Card,Returned,West
ORD009213,CUST00318,2026-07-28,PROD0118,2,0.15,13.22,In-Store,UPI,Delivered,West
ORD009214,CUST00456,2025-12-28,PROD0005,6,0.0,23.2,In-Store,UPI,Delivered,West
ORD009215,CUST00629,2026-02-24,PROD0044,6,0.1,10.72,Online,UPI,Delivered,East
ORD009216,CUST00204,2026-01-25,PROD0091,6,0.05,21.75,In-Store,Wallet,Delivered,West
ORD009217,CUST01389,2025-12-24,PROD0109,5,0.2,11.22,Online,COD,Delivered,East
ORD009218,CUST01522,2026-05-31,PROD0103,2,0.0,24.48,Mobile App,COD,Delivered,North
ORD009219,CUST00838,2025-09-08,PROD0121,-3,0.25,24.0,In-Store,Net Banking,Delivered,West
ORD009220,CUST00066,2025-10-14,PROD0111,5,0.05,8.23,Mobile App,Debit Card,Delivered,North
ORD009221,CUST01492,2025-10-07,PROD0111,1,0.1,22.15,Online,Net Banking,Delivered,North
ORD009222,CUST00470,2025-07-21,PROD0119,1,0.2,21.19,Mobile App,Wallet,Delivered,South
ORD009223,CUST00301,2025-07-25,PROD0027,6,0.2,5.27,In-Store,Debit Card,Delivered,East
ORD009224,CUST00468,2026-02-19,PROD0035,5,0.0,15.61,Online,COD,Returned,West
ORD009225,CUST00164,2025-07-05,PROD0033,6,0.05,1.82,Online,COD,Delivered,South
ORD009226,CUST01519,2025-12-18,PROD0019,6,0.05,20.92,Mobile App,Wallet,Cancelled,South
ORD009227,CUST01998,2026-06-02,PROD0011,4,0.0,4.36,In-Store,Credit Card,Delivered,North
ORD009228,CUST00086,2025-07-02,PROD0003,4,0.0,1.77,In-Store,Debit Card,Delivered,South
ORD009229,CUST00021,2025-10-30,PROD0080,2,0.0,10.01,In-Store,Wallet,Delivered,East
ORD009230,CUST00542,2026-02-22,PROD0031,1,0.25,14.42,In-Store,UPI,Delivered,South
ORD009231,CUST01832,2026-01-24,PROD0072,5,0.1,21.37,Online,COD,Delivered,West
ORD009232,CUST00875,2026-02-03,PROD0003,5,0.15,24.36,Mobile App,Debit Card,Delivered,East
ORD009233,CUST00245,2025-07-21,PROD0044,1,0.0,,Mobile App,UPI,Delivered,West
ORD009234,CUST01172,2025-12-18,PROD0021,3,0.15,1.51,Mobile App,COD,Delivered,West
ORD009235,CUST00212,2026-07-11,PROD0087,3,0.05,18.73,In-Store,UPI,Delivered,West
ORD009236,CUST01528,2025-08-30,PROD0039,4,0.0,14.13,Online,Debit Card,Delivered,South
ORD009237,CUST00438,2026-05-31,PROD0075,3,0.05,11.2,Mobile App,Net Banking,Delivered,East
ORD009238,CUST00910,2025-10-09,PROD0108,2,0.0,7.73,In-Store,Net Banking,Delivered,North
ORD009239,CUST00452,2025-12-14,PROD0102,6,0.2,12.56,Mobile App,COD,Delivered,North
ORD009240,CUST01418,2026-02-27,PROD0025,5,0.1,8.47,In-Store,Credit Card,Delivered,North
ORD009241,CUST01793,2025-10-16,PROD0004,6,0.05,18.93,In-Store,Wallet,Delivered,North
ORD009242,CUST01229,2025-08-18,PROD0070,3,0.15,13.6,Mobile App,COD,Delivered,East
ORD009243,CUST01671,2026-07-22,PROD0010,5,0.1,21.92,Online,Credit Card,Pending,North
ORD009244,CUST01542,2026-01-04,PROD0039,5,0.05,13.59,In-Store,COD,Delivered,South
ORD009245,CUST01665,2025-10-28,PROD0015,3,0.05,5.96,Online,Credit Card,Delivered,North
ORD009246,CUST00204,2025-07-07,PROD0031,2,0.0,21.28,Mobile App,COD,Cancelled,South
ORD009247,CUST00121,2025-08-21,PROD0081,4,0.05,13.93,In-Store,Wallet,Returned,East
ORD009248,CUST00017,2026-01-19,PROD0018,6,0.3,5.17,In-Store,UPI,Delivered,South
ORD009249,CUST01348,2025-07-26,PROD0078,6,0.0,15.59,Mobile App,Debit Card,Delivered,South
ORD009250,CUST00603,2025-07-20,PROD0118,3,0.25,8.94,Online,Credit Card,Delivered,South
ORD009251,CUST00994,2026-03-25,PROD0034,3,0.3,21.11,In-Store,Net Banking,Delivered,East
ORD009252,CUST01168,2025-12-10,PROD0030,2,0.05,11.33,Mobile App,UPI,Delivered,South
ORD009253,CUST01556,2025-12-28,PROD0104,1,0.3,18.16,Online,Wallet,Cancelled,West
ORD009254,CUST01774,2026-01-11,PROD0090,1,0.25,2.39,Mobile App,UPI,Delivered,East
ORD009255,CUST01921,2026-04-21,PROD0027,1,0.3,9.9,In-Store,Wallet,Delivered,East
ORD009256,CUST00746,2025-09-21,PROD0026,2,0.25,24.58,Online,UPI,Delivered,South
ORD009257,CUST00875,2025-11-02,PROD0104,2,0.0,20.21,Online,Credit Card,Pending,East
ORD009258,CUST01784,2025-07-23,PROD0052,1,0.0,4.0,Mobile App,Debit Card,Delivered,East
ORD009259,CUST00251,2025-08-08,PROD0012,3,0.0,6.94,Mobile App,Net Banking,Delivered,West
ORD009260,CUST00555,2026-05-13,PROD0073,2,0.25,8.25,In-Store,Credit Card,Returned,South
ORD009261,CUST01785,2026-01-23,PROD0036,4,0.25,16.26,In-Store,Credit Card,Delivered,East
ORD009262,CUST01481,2026-02-02,PROD0117,2,0.0,18.92,Mobile App,Debit Card,Delivered,East
ORD009263,CUST00443,2026-05-25,PROD0033,5,0.2,18.74,Mobile App,Credit Card,Returned,East
ORD009264,CUST01602,2025-08-14,PROD0106,4,0.15,12.75,In-Store,Net Banking,Delivered,North
ORD009265,CUST01395,2026-05-08,PROD0095,4,0.1,20.27,In-Store,Debit Card,Delivered,South
ORD009266,CUST00343,2025-11-20,PROD0104,5,0.3,10.93,Online,Credit Card,Delivered,South
ORD009267,CUST00691,2026-01-21,PROD0062,5,0.25,3.1,Online,Net Banking,Pending,East
ORD009268,CUST01936,2026-06-11,PROD0110,1,0.0,14.11,Online,UPI,Delivered,North
ORD009269,CUST00282,2026-07-05,PROD0120,1,0.0,23.81,In-Store,Net Banking,Returned,North
ORD009270,CUST01378,2026-01-16,PROD0022,4,0.0,19.82,Mobile App,UPI,Delivered,East
ORD009271,CUST00217,2026-02-13,PROD0087,6,0.2,14.47,In-Store,Net Banking,Delivered,South
ORD009272,CUST01929,2026-03-27,PROD0011,2,0.05,16.17,Mobile App,Credit Card,Delivered,East
ORD009273,CUST01971,2026-02-08,PROD0019,4,0.3,23.26,In-Store,Credit Card,Delivered,East
ORD009274,CUST00495,2025-09-24,PROD0028,2,0.0,10.71,Online,Net Banking,Pending,South
ORD009275,CUST01630,2026-06-12,PROD0083,3,0.0,8.28,In-Store,COD,Delivered,West
ORD009276,CUST01979,2026-03-22,PROD0102,1,0.2,24.43,Mobile App,Debit Card,Delivered,East
ORD009277,CUST01075,2025-12-27,PROD0042,5,0.0,21.59,Mobile App,COD,Delivered,East
ORD009278,CUST01942,2025-07-11,PROD0044,6,0.3,8.08,Online,Credit Card,Cancelled,South
ORD009279,CUST01013,2026-04-30,PROD0094,5,0.15,11.59,Mobile App,Debit Card,Delivered,West
ORD009280,CUST01774,2026-06-24,PROD0055,6,0.3,10.38,Online,Wallet,Delivered,East
ORD009281,CUST00987,2025-07-01,PROD0120,3,0.2,3.73,Mobile App,COD,Delivered,North
ORD009282,CUST01022,2025-09-25,PROD0038,5,0.0,23.95,Online,Net Banking,Delivered,East
ORD009283,CUST00952,2026-03-06,PROD0063,5,0.25,10.11,Online,COD,Pending,East
ORD009284,CUST01595,2025-07-22,PROD0050,5,0.1,,Online,Net Banking,Delivered,East
ORD009285,CUST00218,2025-09-07,PROD0036,3,0.0,4.73,Online,Wallet,Pending,West
ORD009286,CUST01469,2026-02-10,PROD0031,6,0.15,13.7,Mobile App,COD,Delivered,East
ORD009287,CUST00204,2026-01-13,PROD0013,2,0.0,0.6,In-Store,Wallet,Delivered,West
ORD009288,CUST01267,2026-02-27,PROD0049,4,0.2,19.11,Online,COD,Delivered,North
ORD009289,CUST00403,2025-09-30,PROD0045,2,0.1,14.52,In-Store,Net Banking,Delivered,North
ORD009290,CUST00518,2025-11-15,PROD0060,1,0.0,15.64,Mobile App,UPI,Delivered,North
ORD009291,CUST00158,2026-07-21,PROD0103,4,0.1,1.29,Online,Debit Card,Delivered,South
ORD009292,CUST01100,2025-11-15,PROD0106,0,0.2,5.28,In-Store,Net Banking,Pending,North
ORD009293,CUST01590,2025-09-01,PROD0106,5,0.15,1.86,In-Store,UPI,Delivered,East
ORD009294,CUST00002,2025-09-20,PROD0096,6,0.25,7.22,Online,Wallet,Delivered,West
ORD009295,CUST00769,2025-09-17,PROD0070,5,0.1,15.69,Online,Credit Card,Returned,South
ORD009296,CUST00480,2026-05-19,PROD0016,1,0.2,14.15,In-Store,Wallet,Delivered,West
ORD009297,CUST00697,2026-02-26,PROD0112,2,0.0,,Online,UPI,Delivered,South
ORD009298,CUST01393,2025-10-01,PROD0060,5,0.0,13.73,Mobile App,Debit Card,Delivered,West
ORD009299,CUST00216,2026-04-08,PROD0006,6,0.15,6.83,Online,Debit Card,Delivered,South
ORD009300,CUST01530,2026-07-29,PROD0110,5,0.2,6.11,Online,Net Banking,Delivered,South
ORD009301,CUST01632,2026-03-22,PROD0017,6,0.1,3.43,Mobile App,UPI,Returned,South
ORD009302,CUST01897,2025-11-24,PROD0029,1,0.1,21.23,In-Store,Debit Card,Delivered,East
ORD009303,CUST01730,2026-01-27,PROD0106,4,0.0,15.41,Online,COD,Pending,North
ORD009304,CUST01299,2025-08-13,PROD0028,4,0.2,4.66,In-Store,UPI,Delivered,West
ORD009305,CUST01448,2025-09-16,PROD0019,6,0.15,4.43,Mobile App,COD,Delivered,West
ORD009306,CUST01511,2025-10-09,PROD0016,4,0.05,21.83,Online,COD,Delivered,East
ORD009307,CUST00581,2026-04-11,PROD0019,2,0.0,18.57,Online,COD,Cancelled,East
ORD009308,CUST01283,2026-01-31,PROD0018,1,0.0,16.48,Online,UPI,Cancelled,North
ORD009309,CUST01369,2025-09-28,PROD0111,2,0.0,10.17,In-Store,Net Banking,Delivered,North
ORD009310,CUST01935,2025-09-28,PROD0064,6,0.2,6.55,Online,Net Banking,Delivered,East
ORD009311,CUST00289,2025-09-29,PROD0067,5,0.0,24.49,In-Store,Credit Card,Delivered,South
ORD009312,CUST01271,2025-07-03,PROD0025,6,0.15,19.93,Mobile App,Debit Card,Pending,North
ORD009313,CUST01049,2026-07-28,PROD0108,4,0.0,7.54,Mobile App,Wallet,Delivered,South
ORD009314,CUST01023,2025-10-04,PROD0080,5,0.1,21.19,In-Store,COD,Delivered,West
ORD009315,CUST01429,2025-07-03,PROD0098,1,0.3,18.97,Online,COD,Delivered,East
ORD009316,CUST00529,2026-06-11,PROD0010,1,0.0,7.43,Online,Wallet,Pending,West
ORD009317,CUST00729,2026-05-28,PROD0025,4,0.1,10.66,Online,Net Banking,Delivered,West
ORD009318,CUST01858,2026-02-22,PROD0029,3,0.15,4.65,In-Store,Net Banking,Delivered,East
ORD009319,CUST00021,2026-05-25,PROD0023,3,0.05,2.78,Online,Wallet,Delivered,South
ORD009320,CUST01822,2025-07-12,PROD0110,5,0.2,18.07,Mobile App,COD,Delivered,North
ORD009321,CUST00877,2026-03-13,PROD0006,3,0.3,6.69,In-Store,Debit Card,Delivered,North
ORD009322,CUST01028,2026-02-08,PROD0080,5,0.0,20.5,Mobile App,COD,Delivered,East
ORD009323,CUST01008,2026-04-05,PROD0070,2,0.05,24.89,Online,Credit Card,Delivered,West
ORD009324,CUST00300,2025-12-30,PROD0021,2,0.2,1.92,In-Store,Debit Card,Pending,South
ORD009325,CUST01169,2026-05-15,PROD0016,5,0.1,11.83,Online,Credit Card,Delivered,West
ORD009326,CUST01270,2025-07-08,PROD0075,3,0.05,,In-Store,UPI,Delivered,North
ORD009327,CUST01015,2026-07-06,PROD0064,2,0.0,19.72,In-Store,Net Banking,Delivered,North
ORD009328,CUST01529,2026-07-06,PROD0113,6,0.25,19.0,Mobile App,Credit Card,Delivered,East
ORD009329,CUST00780,2025-07-28,PROD0109,6,0.2,8.72,In-Store,Net Banking,Delivered,East
ORD009330,CUST00788,2026-07-23,PROD0054,2,0.2,11.35,Online,COD,Delivered,West
ORD009331,CUST01622,2026-03-20,PROD0028,4,0.0,14.87,In-Store,Wallet,Cancelled,South
ORD009332,CUST01084,2025-07-30,PROD0060,4,0.2,24.35,Mobile App,COD,Returned,South
ORD009333,CUST01329,2026-01-22,PROD0108,1,0.1,8.19,Online,UPI,Delivered,East
ORD009334,CUST01616,2025-10-11,PROD0055,4,0.25,23.08,Online,Debit Card,Returned,South
ORD009335,CUST01258,2025-10-15,PROD0057,6,0.25,6.73,In-Store,Net Banking,Delivered,North
ORD009336,CUST01609,2026-02-07,PROD0104,3,0.05,24.73,Mobile App,Debit Card,Delivered,West
ORD009337,CUST01558,2026-06-29,PROD0095,3,0.3,16.76,In-Store,COD,Delivered,West
ORD009338,CUST01166,2025-09-26,PROD0065,6,0.3,11.59,Online,Net Banking,Delivered,South
ORD009339,CUST01032,2025-08-14,PROD0093,3,0.25,15.33,Mobile App,Net Banking,Pending,South
ORD009340,CUST00810,2026-06-14,PROD0081,2,0.15,6.81,Online,Credit Card,Delivered,North
ORD009341,CUST00141,2026-06-13,PROD0041,1,0.25,6.85,Online,Net Banking,Delivered,South
ORD009342,CUST01604,2026-01-07,PROD0115,3,0.1,2.84,Online,Wallet,Delivered,East
ORD009343,CUST00287,2025-07-17,PROD0114,3,0.0,2.85,Online,UPI,Delivered,East
ORD009344,CUST01923,2026-02-19,PROD0031,6,0.0,8.69,In-Store,Credit Card,Delivered,West
ORD009345,CUST01833,2026-03-12,PROD0112,5,0.15,19.07,In-Store,Net Banking,Delivered,East
ORD009346,CUST00699,2025-11-24,PROD0035,4,0.1,15.2,In-Store,Net Banking,Returned,East
ORD009347,CUST00997,2026-07-21,PROD0073,5,0.0,2.56,Mobile App,UPI,Delivered,West
ORD009348,CUST01048,2025-11-03,PROD0080,5,0.1,21.31,In-Store,Credit Card,Delivered,North
ORD009349,CUST01119,2025-10-21,PROD0019,2,0.25,15.03,Mobile App,Net Banking,Pending,East
ORD009350,CUST01253,2025-10-01,PROD0049,3,0.3,24.02,Online,Credit Card,Returned,South
ORD009351,CUST01626,2025-12-18,PROD0111,2,0.2,16.75,Mobile App,UPI,Delivered,South
ORD009352,CUST00355,2026-04-15,PROD0071,6,0.0,4.38,In-Store,Credit Card,Delivered,West
ORD009353,CUST01240,2025-10-05,PROD0070,3,0.05,11.84,Mobile App,Credit Card,Delivered,North
ORD009354,CUST01480,2025-12-30,PROD0075,1,0.05,16.21,In-Store,UPI,Delivered,North
ORD009355,CUST00123,2025-07-24,PROD0089,1,0.0,0.71,Online,Net Banking,Delivered,South
ORD009356,CUST00823,2026-02-28,PROD0026,5,0.0,0.37,In-Store,Wallet,Delivered,West
ORD009357,CUST00423,2026-07-22,PROD0116,4,0.0,3.24,Mobile App,COD,Delivered,West
ORD009358,CUST01374,2026-07-15,PROD0057,3,0.2,6.29,Online,COD,Delivered,North
ORD009359,CUST01727,2026-05-21,PROD0118,1,0.15,10.74,In-Store,Wallet,Cancelled,South
ORD009360,CUST00474,2025-11-10,PROD0045,5,0.0,12.19,Online,Debit Card,Delivered,East
ORD009361,CUST00518,2025-11-28,PROD0012,1,0.3,3.45,In-Store,Wallet,Cancelled,West
ORD009362,CUST01642,2025-11-14,PROD0059,5,0.0,16.83,In-Store,Debit Card,Delivered,East
ORD009363,CUST01608,2026-03-28,PROD0099,3,0.0,,Online,Credit Card,Delivered,West
ORD009364,CUST01098,2026-04-06,PROD0081,6,0.0,7.36,In-Store,Credit Card,Delivered,South
ORD009365,CUST00325,2025-12-05,PROD0064,2,0.0,0.34,Mobile App,Wallet,Delivered,North
ORD009366,CUST01433,2026-01-13,PROD0034,3,0.1,1.94,In-Store,UPI,Delivered,South
ORD009367,CUST00165,2025-08-16,PROD0021,6,0.3,9.79,Mobile App,Net Banking,Delivered,West
ORD009368,CUST01024,2026-07-19,PROD0036,3,0.05,3.85,Mobile App,Net Banking,Delivered,West
ORD009369,CUST01005,2026-06-30,PROD0061,6,0.0,9.42,In-Store,Debit Card,Delivered,West
ORD009370,CUST01330,2026-05-24,PROD0013,1,0.0,15.7,Online,COD,Delivered,North
ORD009371,CUST01780,2026-03-02,PROD0023,3,0.0,13.68,Mobile App,Credit Card,Delivered,North
ORD009372,CUST00215,2025-08-10,PROD0080,6,0.2,5.78,Mobile App,Debit Card,Delivered,East
ORD009373,CUST01548,2025-07-10,PROD0027,2,0.2,8.6,Mobile App,Credit Card,Delivered,East
ORD009374,CUST01493,2025-07-26,PROD0063,5,0.0,15.35,In-Store,UPI,Delivered,East
ORD009375,CUST01569,2025-11-30,PROD0057,1,0.0,21.52,Mobile App,Wallet,Delivered,South
ORD009376,CUST00310,2025-11-27,PROD0058,3,0.2,18.83,In-Store,COD,Pending,East
ORD009377,CUST01846,2025-12-24,PROD0059,6,0.3,13.84,Mobile App,Debit Card,Delivered,North
ORD009378,CUST01962,2025-10-03,PROD0043,6,0.1,9.06,Mobile App,UPI,Delivered,South
ORD009379,CUST00657,2026-06-20,PROD0046,3,0.05,9.13,Mobile App,Debit Card,Delivered,North
ORD009380,CUST00499,2026-01-01,PROD0031,1,0.2,21.99,In-Store,Debit Card,Delivered,West
ORD009381,CUST00192,2025-09-12,PROD0103,1,0.2,0.98,In-Store,Debit Card,Delivered,East
ORD009382,CUST01377,2026-07-30,PROD0064,4,0.05,24.7,Online,Credit Card,Delivered,South
ORD009383,CUST00052,2025-09-08,PROD0085,2,0.0,16.61,In-Store,COD,Delivered,South
ORD009384,CUST00264,2026-01-26,PROD0100,2,0.0,17.03,Online,COD,Delivered,West
ORD009385,CUST01614,2025-10-03,PROD0087,1,0.3,0.95,Online,Credit Card,Delivered,North
ORD009386,CUST00292,2026-07-12,PROD0121,3,0.25,,Mobile App,UPI,Delivered,South
ORD009387,CUST00668,2025-09-29,PROD0106,3,0.0,12.12,In-Store,Net Banking,Delivered,West
ORD009388,CUST00478,2025-09-20,PROD0019,3,0.0,2.64,Mobile App,Debit Card,Delivered,South
ORD009389,CUST00520,11-17-2025,PROD0031,5,0.0,6.95,Online,COD,Returned,North
ORD009390,CUST01558,2025-11-02,PROD0049,6,0.0,22.26,Online,UPI,Delivered,West
ORD009391,CUST00598,2026-04-28,PROD0035,4,0.25,13.75,In-Store,Debit Card,Delivered,East
ORD009392,CUST00819,2026-02-12,PROD0067,1,0.0,10.34,In-Store,Credit Card,Delivered,South
ORD009393,CUST01409,2026-05-09,PROD0103,1,0.0,1.82,In-Store,COD,Pending,South
ORD009394,CUST00943,2026-05-16,PROD0109,4,0.25,17.85,Online,Debit Card,Delivered,West
ORD009395,CUST00437,2026-06-14,PROD0001,5,0.2,17.57,Mobile App,Wallet,Delivered,North
ORD009396,CUST01219,2026-01-09,PROD0105,2,0.0,15.35,Online,Debit Card,Delivered,West
ORD009397,CUST01796,2025-11-27,PROD0001,5,0.1,12.76,Online,Wallet,Delivered,North
ORD009398,CUST01812,2026-03-27,PROD0048,-1,0.3,10.84,Mobile App,Wallet,Delivered,West
ORD009399,CUST01594,2025-10-06,PROD0080,2,0.1,14.83,Online,Wallet,Returned,South
ORD009400,CUST01592,2025-07-16,PROD0017,2,0.3,5.83,In-Store,COD,Delivered,East
ORD009401,CUST00645,2025-09-15,PROD0077,2,0.0,23.53,Mobile App,Debit Card,Delivered,North
ORD009402,CUST01334,2026-07-22,PROD0121,3,0.0,14.72,In-Store,Debit Card,Delivered,East
ORD009403,CUST01782,2026-07-25,PROD0078,5,0.1,7.78,In-Store,COD,Cancelled,West
ORD009404,CUST00806,2025-08-12,PROD0054,6,0.2,11.24,In-Store,Wallet,Delivered,North
ORD009405,CUST00314,2025-09-27,PROD0087,4,0.3,20.14,Online,Net Banking,Delivered,North
ORD009406,CUST01104,2026-02-06,PROD0056,6,0.25,4.04,In-Store,Wallet,Delivered,East
ORD009407,CUST00136,2026-03-16,PROD0066,2,0.3,7.32,Online,UPI,Pending,South
ORD009408,CUST00610,2026-01-12,PROD0011,2,0.05,16.99,Online,Net Banking,Delivered,North
ORD009409,CUST01713,2026-03-26,PROD0121,6,0.25,7.89,In-Store,Net Banking,Delivered,South
ORD009410,CUST00484,2026-06-07,PROD0003,6,0.3,19.81,Mobile App,Wallet,Delivered,South
ORD009411,CUST01950,2025-12-31,PROD0118,5,0.0,3.26,Mobile App,Credit Card,Delivered,West
ORD009412,CUST01034,2026-05-29,PROD0092,6,0.25,19.07,Mobile App,Wallet,Delivered,South
ORD009413,CUST00129,2025-07-04,PROD0111,2,0.1,1.71,Online,COD,Delivered,North
ORD009414,CUST01784,2026-06-21,PROD0105,4,0.0,0.31,Mobile App,UPI,Delivered,North
ORD009415,CUST00770,2025-10-04,PROD0014,1,0.0,22.46,Online,UPI,Delivered,South
ORD009416,CUST01227,2025-08-07,PROD0007,1,0.0,14.53,In-Store,Wallet,Delivered,West
ORD009417,CUST01548,2025-08-23,PROD0101,6,0.3,8.8,In-Store,Wallet,Delivered,East
ORD009418,CUST00641,2026-07-25,PROD0080,6,0.15,5.81,In-Store,UPI,Delivered,North
ORD009419,CUST00793,2026-02-18,PROD0098,4,0.1,15.42,Mobile App,Net Banking,Delivered,South
ORD009420,CUST01088,2026-07-09,PROD0111,4,0.3,12.73,Mobile App,Net Banking,Cancelled,East
ORD009421,CUST01664,2026-01-12,PROD0064,2,0.0,24.79,Online,Wallet,Delivered,East
ORD009422,CUST01705,2025-07-04,PROD0009,4,0.25,24.58,Mobile App,COD,Pending,East
ORD009423,CUST01003,2025-08-05,PROD0048,2,0.1,15.88,In-Store,Wallet,Delivered,East
ORD009424,CUST00383,2025-09-12,PROD0087,5,0.25,11.07,Mobile App,COD,Delivered,East
ORD009425,CUST01687,2026-02-27,PROD0063,4,0.15,12.28,Online,Wallet,Delivered,North
ORD009426,CUST00719,2026-05-25,PROD0089,6,0.1,17.06,Online,Credit Card,Delivered,West
ORD009427,CUST01671,2025-08-01,PROD0069,2,0.05,2.54,Online,Credit Card,Delivered,South
ORD009428,CUST01116,2026-03-20,PROD0040,5,0.0,8.21,In-Store,Wallet,Cancelled,North
ORD009429,CUST01208,2025-08-30,PROD0018,1,0.0,1.88,In-Store,Wallet,Delivered,West
ORD009430,CUST01598,2025-07-22,PROD0046,3,0.3,1.83,Online,Credit Card,Delivered,North
ORD009431,CUST00989,2025-09-06,PROD0008,3,0.05,4.9,In-Store,Credit Card,Delivered,North
ORD009432,CUST00489,2025-12-12,PROD0115,5,0.0,12.13,In-Store,Wallet,Pending,North
ORD009433,CUST00614,2026-02-20,PROD0010,5,0.0,19.62,Mobile App,Net Banking,Returned,North
ORD009434,CUST01416,2026-07-10,PROD0110,6,0.05,12.14,Mobile App,Debit Card,Delivered,South
ORD009435,CUST01535,2025-10-11,PROD0010,4,0.0,8.39,Mobile App,Credit Card,Returned,West
ORD009436,CUST01520,2026-06-26,PROD0080,6,0.3,2.06,In-Store,UPI,Delivered,North
ORD009437,CUST00098,2026-03-08,PROD0033,2,0.0,13.76,In-Store,Wallet,Delivered,North
ORD009438,CUST01709,2025-07-04,PROD0066,3,0.0,,In-Store,Credit Card,Delivered,South
ORD009439,CUST01160,2026-02-11,PROD0005,6,0.0,,Online,Debit Card,Delivered,North
ORD009440,CUST01175,2025-10-03,PROD0110,3,0.2,24.43,Online,Net Banking,Delivered,South
ORD009441,CUST01807,2026-02-23,PROD0067,4,0.3,2.78,In-Store,UPI,Delivered,South
ORD009442,CUST01277,2026-02-27,PROD0016,4,0.2,5.3,Online,Debit Card,Delivered,East
ORD009443,CUST01885,2026-02-19,PROD0039,2,0.1,11.83,Mobile App,COD,Delivered,South
ORD009444,CUST01017,2025-11-24,PROD0121,3,0.1,24.22,Mobile App,COD,Returned,West
ORD009445,CUST01639,2025-11-20,PROD0117,5,0.0,19.3,In-Store,Credit Card,Cancelled,East
ORD009446,CUST01941,2025-08-02,PROD0032,3,0.2,22.46,In-Store,Net Banking,Delivered,North
ORD009447,CUST00418,2026-06-27,PROD0108,6,0.0,8.34,In-Store,Net Banking,Delivered,East
ORD009448,CUST00411,10-03-2025,PROD0052,4,0.25,24.8,Online,COD,Delivered,East
ORD009449,CUST01034,2026-07-12,PROD0019,6,0.05,2.57,Mobile App,UPI,Returned,South
ORD009450,CUST00876,2025-12-24,PROD0094,5,0.15,1.32,Online,Credit Card,Delivered,South
ORD009451,CUST01836,2026-05-04,PROD0050,3,0.0,21.39,Mobile App,COD,Delivered,South
ORD009452,CUST00522,2025-12-15,PROD0108,2,0.25,23.18,Online,Credit Card,Returned,East
ORD009453,CUST01557,2025-12-27,PROD0014,3,0.0,2.26,Mobile App,Debit Card,Delivered,North
ORD009454,CUST00791,2026-07-23,PROD0114,5,0.15,2.84,In-Store,UPI,Delivered,West
ORD009455,CUST00673,2026-05-01,PROD0073,3,0.15,0.83,In-Store,UPI,Delivered,North
ORD009456,CUST01720,2025-08-08,PROD0118,3,0.05,2.61,In-Store,Debit Card,Delivered,West
ORD009457,CUST00723,2025-10-18,PROD0021,4,0.25,5.24,In-Store,Net Banking,Delivered,West
ORD009458,CUST01788,0000-00-00,PROD0063,1,0.2,24.25,In-Store,UPI,Delivered,East
ORD009459,CUST01476,2026-01-04,PROD0073,4,0.25,16.7,In-Store,Net Banking,Cancelled,South
ORD009460,CUST01780,2025-11-01,PROD0074,4,0.0,19.46,In-Store,COD,Delivered,West
ORD009461,CUST00087,2026-04-09,PROD0059,3,0.05,19.4,Mobile App,Wallet,Delivered,North
ORD009462,CUST01694,0000-00-00,PROD0100,4,0.3,13.38,Mobile App,Credit Card,Delivered,South
ORD009463,CUST01331,2025-11-07,PROD0011,4,0.25,19.94,Online,COD,Delivered,West
ORD009464,CUST00485,2025-08-06,PROD0075,6,0.05,14.9,Online,Net Banking,Delivered,North
ORD009465,CUST01878,2025-11-17,PROD0081,1,0.0,7.86,Online,UPI,Delivered,West
ORD009466,CUST00331,2026-01-18,PROD0010,4,0.1,14.03,In-Store,Wallet,Delivered,South
ORD009467,CUST01049,2026-04-23,PROD0008,4,0.2,13.34,Online,Credit Card,Delivered,North
ORD009468,CUST01497,2025-10-21,PROD0105,6,0.0,20.59,In-Store,Wallet,Delivered,North
ORD009469,CUST00450,2026-07-25,PROD0103,3,0.15,24.54,Mobile App,UPI,Delivered,West
ORD009470,CUST00896,2025-12-13,PROD0067,6,0.15,10.28,Online,UPI,Delivered,East
ORD009471,CUST01047,2026-01-07,PROD0019,4,0.0,19.08,Mobile App,Net Banking,Delivered,East
ORD009472,CUST01859,2026-03-29,PROD0084,2,0.1,2.49,Online,Debit Card,Delivered,West
ORD009473,CUST00041,2026-05-13,PROD0069,5,0.05,19.42,Mobile App,COD,Returned,North
ORD009474,CUST00886,2025-09-27,PROD0044,3,0.25,9.29,Online,Net Banking,Delivered,East
ORD009475,CUST00659,2026-06-16,PROD0017,3,0.0,0.98,In-Store,Debit Card,Delivered,South
ORD009476,CUST00731,2026-06-26,PROD0103,2,0.05,9.08,In-Store,Debit Card,Delivered,West
ORD009477,CUST00359,2025-11-21,PROD0050,5,0.2,15.27,Online,Debit Card,Delivered,North
ORD009478,CUST00694,2026-06-15,PROD0026,3,0.3,2.98,Mobile App,Credit Card,Delivered,East
ORD009479,CUST01034,2025-07-02,PROD0062,1,0.1,23.1,Online,Net Banking,Delivered,West
ORD009480,CUST00652,2026-06-14,PROD0104,5,0.25,1.94,Mobile App,Net Banking,Delivered,East
ORD009481,CUST00914,2025-09-06,PROD0045,1,0.05,23.25,In-Store,Wallet,Cancelled,West
ORD009482,CUST00234,2025-10-11,PROD0119,2,0.0,17.68,Online,COD,Delivered,North
ORD009483,CUST00751,2025-07-20,PROD0054,4,0.15,8.24,Online,Credit Card,Cancelled,East
ORD009484,CUST00351,2025-08-03,PROD0101,2,0.2,9.77,Online,Wallet,Delivered,South
ORD009485,CUST01907,2025-11-23,PROD0034,4,0.25,18.52,In-Store,COD,Delivered,North
ORD009486,CUST01324,2025-08-30,PROD0067,1,0.15,15.04,Online,Wallet,Delivered,West
ORD009487,CUST00278,2026-07-18,PROD0093,5,0.0,16.79,In-Store,Debit Card,Delivered,West
ORD009488,CUST00104,2025-09-26,PROD0090,4,0.0,9.73,Online,Net Banking,Delivered,North
ORD009489,CUST00428,08-03-2025,PROD0079,1,0.05,12.2,In-Store,Wallet,Delivered,South
ORD009490,CUST00525,2026-06-13,PROD0019,5,0.25,24.75,In-Store,UPI,Returned,North
ORD009491,CUST01885,2026-05-30,PROD0072,4,0.2,5.35,Mobile App,COD,Delivered,North
ORD009492,CUST01258,2026-05-21,PROD0051,1,0.25,10.45,In-Store,Net Banking,Cancelled,South
ORD009493,CUST01767,2025-11-06,PROD0072,6,0.3,7.3,Online,Net Banking,Delivered,West
ORD009494,CUST01168,2026-04-29,PROD0074,2,0.0,19.13,Online,UPI,Delivered,North
ORD009495,CUST00374,2025-09-07,PROD0036,1,0.0,19.1,Online,Net Banking,Delivered,North
ORD009496,CUST01714,2025-08-13,PROD0066,6,0.0,7.31,Mobile App,UPI,Delivered,North
ORD009497,CUST00987,2026-02-02,PROD0038,3,0.15,2.03,In-Store,UPI,Pending,West
ORD009498,CUST00636,2025-11-01,PROD0043,6,0.0,0.29,Online,COD,Delivered,East
ORD009499,CUST00693,2025-12-21,PROD0031,5,0.1,10.69,Online,Credit Card,Returned,East
ORD009500,CUST01487,2025-08-04,PROD0024,5,0.0,,In-Store,Net Banking,Delivered,South
ORD009501,CUST01132,2026-06-04,PROD0072,3,0.3,24.71,In-Store,Net Banking,Pending,East
ORD009502,CUST01285,2025-12-27,PROD0108,6,0.1,11.75,Mobile App,Wallet,Delivered,North
ORD009503,CUST01268,2026-06-17,PROD0027,5,0.05,6.41,Mobile App,Debit Card,Delivered,North
ORD009504,CUST01016,2026-05-29,PROD0005,1,0.3,22.28,Mobile App,Debit Card,Delivered,North
ORD009505,CUST00716,2026-01-21,PROD0091,2,0.05,12.28,Mobile App,Wallet,Cancelled,North
ORD009506,CUST00254,2026-07-13,PROD0099,6,0.25,14.98,Mobile App,COD,Delivered,South
ORD009507,CUST01760,2025-07-18,PROD0024,2,0.0,2.39,Online,Debit Card,Delivered,North
ORD009508,CUST01847,2026-03-24,PROD0049,3,0.0,9.57,Online,COD,Delivered,East
ORD009509,CUST00401,2025-09-30,PROD0101,6,0.0,23.61,Mobile App,UPI,Delivered,West
ORD009510,CUST01999,2026-01-18,PROD0066,3,0.0,14.74,Online,Net Banking,Delivered,West
ORD009511,CUST00472,2026-01-15,PROD0053,4,0.2,8.61,In-Store,COD,Delivered,West
ORD009512,CUST00464,2026-06-24,PROD0063,2,0.05,15.64,Online,UPI,Delivered,West
ORD009513,CUST01007,2025-12-15,PROD0017,6,0.2,22.76,In-Store,COD,Returned,North
ORD009514,CUST01141,2026-04-30,PROD0112,2,0.15,6.85,Online,Net Banking,Pending,South
ORD009515,CUST00750,2026-02-23,PROD0003,5,0.1,12.63,Mobile App,Debit Card,Delivered,South
ORD009516,CUST01704,2025-07-18,PROD0099,4,0.0,23.97,Mobile App,UPI,Returned,East
ORD009517,CUST01710,2026-04-23,PROD0039,2,0.0,4.31,Online,Wallet,Delivered,South
ORD009518,CUST00434,2026-04-16,PROD0076,3,0.2,17.99,Online,Debit Card,Delivered,South
ORD009519,CUST00612,2026-04-07,PROD0110,5,0.1,15.36,Mobile App,UPI,Delivered,South
ORD009520,CUST00950,2025-12-09,PROD0040,4,0.0,16.99,Online,Credit Card,Delivered,East
ORD009521,CUST00630,2026-01-14,PROD0084,4,0.15,8.78,In-Store,Wallet,Delivered,East
ORD009522,CUST00777,2025-11-01,PROD0057,4,0.05,7.85,In-Store,Net Banking,Pending,North
ORD009523,CUST01317,2025-10-13,PROD0112,4,0.0,17.11,Mobile App,COD,Delivered,North
ORD009524,CUST01396,2026-03-13,PROD0070,3,0.0,5.39,Mobile App,Net Banking,Cancelled,West
ORD009525,CUST01768,2025-07-23,PROD0078,1,0.0,10.49,Mobile App,Net Banking,Delivered,North
ORD009526,CUST01871,2026-03-09,PROD0036,6,0.15,4.7,Mobile App,UPI,Delivered,South
ORD009527,CUST00845,2026-04-29,PROD0006,4,0.2,0.21,In-Store,Wallet,Delivered,North
ORD009528,CUST01999,2025-11-11,PROD0077,3,0.15,24.25,Online,UPI,Delivered,North
ORD009529,CUST01876,2026-03-01,PROD0009,1,0.0,10.79,Mobile App,Wallet,Returned,West
ORD009530,CUST00285,2025-08-28,PROD0076,5,0.25,24.23,Mobile App,COD,Delivered,North
ORD009531,CUST01887,2025-10-31,PROD0061,1,0.0,3.51,In-Store,COD,Returned,South
ORD009532,CUST01872,2025-11-14,PROD0102,3,0.1,14.68,Mobile App,COD,Delivered,North
ORD009533,CUST00447,2026-03-19,PROD0035,6,0.0,5.02,In-Store,UPI,Delivered,West
ORD009534,CUST00843,2025-12-07,PROD0026,2,0.15,19.75,Online,Net Banking,Delivered,East
ORD009535,CUST00429,2025-11-09,PROD0006,1,0.3,19.59,In-Store,Wallet,Delivered,South
ORD009536,CUST01511,2025-10-27,PROD0012,6,0.0,2.82,Online,UPI,Delivered,North
ORD009537,CUST01275,2025-10-29,PROD0087,6,0.3,22.8,Online,Credit Card,Delivered,South
ORD009538,CUST00962,2026-06-07,PROD0028,4,0.0,4.87,Online,Debit Card,Cancelled,North
ORD009539,CUST00703,2026-02-19,PROD0057,1,0.2,15.32,In-Store,COD,Delivered,West
ORD009540,CUST01841,2026-03-11,PROD0013,2,0.25,24.64,Mobile App,UPI,Cancelled,East
ORD009541,CUST00473,2025-08-28,PROD0032,2,0.0,22.06,Online,Net Banking,Delivered,South
ORD009542,CUST00254,2026-06-16,PROD0044,6,0.0,23.91,In-Store,Credit Card,Pending,South
ORD009543,CUST00741,2025-12-24,PROD0053,5,0.0,8.56,In-Store,Net Banking,Delivered,West
ORD009544,CUST01521,2025-11-03,PROD0028,2,0.15,2.64,Online,Credit Card,Delivered,East
ORD009545,CUST00325,2025-12-14,PROD0065,2,0.1,4.71,Online,Net Banking,Delivered,West
ORD009546,CUST00187,2026-02-11,PROD0082,2,0.2,12.51,Mobile App,Debit Card,Delivered,East
ORD009547,CUST00524,2026-07-20,PROD0012,4,0.1,,Mobile App,Debit Card,Delivered,West
ORD009548,CUST00441,2026-05-13,PROD0046,4,0.25,3.75,Online,Credit Card,Delivered,North
ORD009549,CUST01808,0000-00-00,PROD0036,4,0.1,,Online,Wallet,Delivered,North
ORD009550,CUST00586,2026-03-10,PROD0036,2,0.25,8.09,In-Store,Debit Card,Pending,North
ORD009551,CUST01138,2025-07-15,PROD0075,3,0.3,,Online,Wallet,Delivered,West
ORD009552,CUST01077,01-28-2026,PROD0068,4,0.25,16.55,In-Store,Credit Card,Delivered,West
ORD009553,CUST00047,2025-08-20,PROD0020,5,0.0,11.67,In-Store,Credit Card,Delivered,East
ORD009554,CUST00963,2025-09-01,PROD0074,5,0.1,20.3,In-Store,UPI,Delivered,South
ORD009555,CUST01581,2026-03-10,PROD0062,5,0.0,3.9,In-Store,Net Banking,Returned,South
ORD009556,CUST00894,2025-08-09,PROD0023,4,0.15,19.75,In-Store,COD,Delivered,East
ORD009557,CUST00403,2025-07-15,PROD0034,1,0.05,1.61,Online,Wallet,Delivered,South
ORD009558,CUST00987,2026-01-05,PROD0030,6,0.25,4.85,Mobile App,UPI,Delivered,North
ORD009559,CUST01883,2025-10-30,PROD0103,5,0.15,16.4,In-Store,UPI,Delivered,West
ORD009560,CUST01707,2026-02-10,PROD0043,1,0.25,21.37,Mobile App,Wallet,Delivered,East
ORD009561,CUST00104,2026-07-20,PROD0070,3,0.05,6.32,Mobile App,Net Banking,Delivered,West
ORD009562,CUST01147,2026-01-13,PROD0010,1,0.0,8.18,In-Store,Credit Card,Delivered,East
ORD009563,CUST01773,2026-05-23,PROD0044,3,0.1,13.43,Mobile App,Net Banking,Delivered,West
ORD009564,CUST00395,2026-02-18,PROD0035,4,0.15,5.29,Mobile App,Wallet,Delivered,West
ORD009565,CUST00591,2026-03-21,PROD0074,5,0.1,20.28,Online,UPI,Delivered,South
ORD009566,CUST00858,2025-09-25,PROD0031,1,0.1,19.34,In-Store,COD,Cancelled,West
ORD009567,CUST00036,2026-02-11,PROD0063,3,0.3,3.63,Online,Net Banking,Cancelled,North
ORD009568,CUST00098,2025-12-03,PROD0035,2,0.0,11.6,Mobile App,Wallet,Delivered,East
ORD009569,CUST01638,2026-02-25,PROD0086,2,0.25,19.37,Online,Debit Card,Delivered,West
ORD009570,CUST00273,2025-12-20,PROD0084,4,0.3,8.43,Mobile App,Credit Card,Delivered,East
ORD009571,CUST00889,2026-06-17,PROD0118,3,0.05,15.83,Online,Debit Card,Delivered,East
ORD009572,CUST00709,2025-07-20,PROD0017,5,0.3,1.26,Online,Credit Card,Delivered,West
ORD009573,CUST00075,2026-04-06,PROD0029,5,0.0,15.22,Online,Credit Card,Delivered,South
ORD009574,CUST00278,2026-06-10,PROD0017,3,0.0,3.82,Online,Wallet,Delivered,West
ORD009575,CUST00118,2025-09-30,PROD0120,2,0.0,20.76,Online,Debit Card,Delivered,West
ORD009576,CUST01082,2025-09-30,PROD0033,4,0.0,8.89,In-Store,Wallet,Cancelled,West
ORD009577,CUST01627,2026-05-03,PROD0006,5,0.3,7.04,Online,UPI,Delivered,West
ORD009578,CUST01384,2025-09-03,PROD0049,4,0.0,21.02,In-Store,UPI,Delivered,West
ORD009579,CUST00750,2025-11-25,PROD0065,2,0.1,1.25,In-Store,Debit Card,Delivered,East
ORD009580,CUST00349,2026-07-17,PROD0034,6,0.0,9.92,Mobile App,Net Banking,Delivered,East
ORD009581,CUST00856,2025-10-07,PROD0029,3,0.3,9.25,In-Store,UPI,Delivered,East
ORD009582,CUST00576,2025-11-01,PROD0045,1,0.1,7.12,Mobile App,Wallet,Delivered,South
ORD009583,CUST01244,2026-06-15,PROD0027,4,0.0,22.79,In-Store,Credit Card,Delivered,East
ORD009584,CUST01097,2025-07-05,PROD0115,1,0.0,18.77,Mobile App,UPI,Pending,West
ORD009585,CUST00577,2026-04-19,PROD0060,5,0.2,1.6,Online,Credit Card,Returned,North
ORD009586,CUST01531,2026-02-20,PROD0049,2,0.05,17.87,Mobile App,COD,Delivered,South
ORD009587,CUST00541,2025-09-09,PROD0038,2,0.0,13.18,In-Store,COD,Cancelled,East
ORD009588,CUST00633,2025-09-12,PROD0078,5,0.0,22.52,In-Store,Wallet,Delivered,North
ORD009589,CUST01303,2025-07-02,PROD0016,4,0.0,7.82,Mobile App,Wallet,Delivered,East
ORD009590,CUST00517,2025-09-15,PROD0059,5,0.3,14.35,Mobile App,COD,Delivered,North
ORD009591,CUST00983,2025-10-15,PROD0044,2,0.3,12.52,Online,Debit Card,Pending,East
ORD009592,CUST01918,2026-07-10,PROD0090,5,0.2,12.24,Online,Credit Card,Delivered,North
ORD009593,CUST01483,2025-09-02,PROD0063,4,0.2,11.4,In-Store,Wallet,Delivered,South
ORD009594,CUST01969,2025-11-24,PROD0067,6,0.0,5.14,Mobile App,Net Banking,Delivered,East
ORD009595,CUST00737,2026-03-08,PROD0094,3,0.1,18.89,In-Store,Credit Card,Delivered,South
ORD009596,CUST01626,2025-12-18,PROD0100,3,0.0,11.28,Online,Wallet,Delivered,East
ORD009597,CUST01078,2025-12-23,PROD0038,3,0.0,23.96,Mobile App,Credit Card,Delivered,East
ORD009598,CUST01810,2026-05-30,PROD0094,3,0.05,6.52,Mobile App,Net Banking,Delivered,South
ORD009599,CUST00282,2026-04-15,PROD0005,4,0.15,17.07,Online,UPI,Delivered,East
ORD009600,CUST00671,2026-05-10,PROD0046,4,0.05,23.52,Online,Wallet,Delivered,West
ORD009601,CUST01656,2025-12-21,PROD0094,3,0.0,16.59,Mobile App,Net Banking,Pending,South
ORD009602,CUST01719,07-27-2026,PROD0114,5,0.0,21.78,In-Store,Wallet,Delivered,East
ORD009603,CUST00752,2025-09-22,PROD0075,1,0.0,20.69,Mobile App,COD,Delivered,West
ORD009604,CUST00404,2025-11-06,PROD0085,1,0.2,9.0,In-Store,Debit Card,Delivered,West
ORD009605,CUST00389,2025-09-17,PROD0033,3,0.0,15.0,Online,UPI,Cancelled,South
ORD009606,CUST01776,2025-09-21,PROD0037,5,0.25,3.91,Online,Credit Card,Returned,West
ORD009607,CUST00455,2025-09-15,PROD0081,2,0.1,13.39,Online,UPI,Returned,North
ORD009608,CUST01214,2026-04-01,PROD0061,3,0.1,5.76,Mobile App,Net Banking,Delivered,East
ORD009609,CUST01776,2026-01-14,PROD0037,1,0.25,18.59,Mobile App,COD,Delivered,East
ORD009610,CUST00496,2026-02-22,PROD0015,5,0.0,13.2,In-Store,Net Banking,Delivered,North
ORD009611,CUST01102,2026-06-28,PROD0012,1,0.05,10.28,In-Store,COD,Delivered,East
ORD009612,CUST01266,2025-09-21,PROD0089,5,0.25,6.72,In-Store,UPI,Delivered,North
ORD009613,CUST00552,2026-02-19,PROD0057,3,0.0,24.97,Mobile App,Credit Card,Delivered,North
ORD009614,CUST01564,2025-11-24,PROD0046,3,0.05,1.79,In-Store,Credit Card,Delivered,West
ORD009615,CUST01114,2026-03-07,PROD0027,3,0.1,1.09,Online,Wallet,Delivered,North
ORD009616,CUST00677,2025-11-14,PROD0061,1,0.25,5.43,Online,Debit Card,Delivered,West
ORD009617,CUST00919,2026-03-15,PROD0003,2,0.1,24.28,Mobile App,COD,Delivered,West
ORD009618,CUST01129,2025-08-27,PROD0103,5,0.2,24.48,In-Store,Credit Card,Delivered,West
ORD009619,CUST00254,2026-04-06,PROD0043,4,0.1,16.37,In-Store,COD,Delivered,East
ORD009620,CUST00054,2025-09-15,PROD0089,4,0.3,22.0,Online,COD,Delivered,West
ORD009621,CUST00222,2026-07-17,PROD0040,2,0.0,5.35,Online,UPI,Delivered,East
ORD009622,CUST01474,2026-01-24,PROD0018,1,0.3,24.3,Mobile App,Debit Card,Delivered,West
ORD009623,CUST01462,2025-08-06,PROD0117,6,0.2,,Mobile App,Wallet,Delivered,South
ORD009624,CUST01147,2025-12-23,PROD0034,4,0.1,2.53,Online,Wallet,Delivered,West
ORD009625,CUST00698,2025-12-10,PROD0026,6,0.05,2.81,Online,Net Banking,Returned,South
ORD009626,CUST00880,2025-08-21,PROD0044,4,0.0,14.33,Mobile App,Credit Card,Delivered,West
ORD009627,CUST01432,2025-08-30,PROD0028,5,0.3,19.52,Online,UPI,Returned,South
ORD009628,CUST00671,2025-07-13,PROD0056,3,0.0,9.17,Mobile App,UPI,Pending,North
ORD009629,CUST00101,2026-01-21,PROD0027,4,0.25,24.45,Mobile App,UPI,Delivered,West
ORD009630,CUST00045,2026-02-07,PROD0062,2,0.0,10.86,In-Store,Wallet,Delivered,North
ORD009631,CUST01701,2026-07-07,PROD0091,3,0.0,3.76,Mobile App,UPI,Delivered,North
ORD009632,CUST01064,2026-02-10,PROD0114,3,0.0,11.65,Online,Wallet,Delivered,East
ORD009633,CUST01784,2025-08-09,PROD0122,6,0.2,16.98,Online,Credit Card,Delivered,South
ORD009634,CUST01807,0000-00-00,PROD0118,1,0.0,20.81,In-Store,Credit Card,Delivered,West
ORD009635,CUST01025,2026-01-11,PROD0120,4,0.0,11.47,Mobile App,Debit Card,Delivered,East
ORD009636,CUST01202,2026-03-12,PROD0003,1,0.15,14.84,Mobile App,Wallet,Delivered,North
ORD009637,CUST00626,2025-12-18,PROD0020,5,0.0,6.68,Mobile App,Credit Card,Pending,East
ORD009638,CUST00046,2026-02-07,PROD0122,5,0.1,16.15,Mobile App,UPI,Delivered,South
ORD009639,CUST01093,2025-10-04,PROD0067,6,0.2,24.65,In-Store,Wallet,Delivered,South
ORD009640,CUST01298,2026-01-20,PROD0085,3,0.1,1.23,Mobile App,Credit Card,Cancelled,West
ORD009641,CUST01151,2025-07-18,PROD0057,4,0.0,22.16,Online,Credit Card,Pending,West
ORD009642,CUST00197,2025-08-25,PROD0121,4,0.2,14.06,In-Store,Credit Card,Delivered,South
ORD009643,CUST01515,2026-01-16,PROD0021,3,0.25,6.3,Mobile App,Wallet,Delivered,North
ORD009644,CUST00266,2026-03-16,PROD0060,3,0.25,23.87,In-Store,Debit Card,Delivered,North
ORD009645,CUST01278,2025-07-22,PROD0062,1,0.0,12.08,Online,Credit Card,Delivered,North
ORD009646,CUST01578,2025-11-14,PROD0075,3,0.1,8.29,Online,Credit Card,Delivered,South
ORD009647,CUST00353,2026-05-16,PROD0006,3,0.05,4.54,Mobile App,Wallet,Delivered,North
ORD009648,CUST01904,2025-08-19,PROD0021,6,0.3,6.11,Mobile App,Wallet,Delivered,West
ORD009649,CUST00784,2025-11-06,PROD0078,1,0.15,20.82,Online,Credit Card,Pending,South
ORD009650,CUST01516,2026-02-26,PROD0002,3,0.05,15.36,In-Store,Net Banking,Cancelled,East
ORD009651,CUST01526,2026-07-13,PROD0060,6,0.0,22.83,Online,COD,Delivered,North
ORD009652,CUST00740,2025-08-18,PROD0049,3,0.0,5.8,Mobile App,Net Banking,Delivered,North
ORD009653,CUST00619,2025-12-19,PROD0076,5,0.1,3.03,Mobile App,Debit Card,Pending,West
ORD009654,CUST00332,2026-05-24,PROD0046,5,0.0,0.15,In-Store,UPI,Delivered,South
ORD009655,CUST01885,2025-08-03,PROD0081,5,0.0,12.7,In-Store,UPI,Delivered,West
ORD009656,CUST00193,2026-04-07,PROD0049,6,0.0,24.96,Mobile App,Wallet,Cancelled,North
ORD009657,CUST01072,2025-12-04,PROD0066,3,0.0,17.37,Online,Net Banking,Cancelled,West
ORD009658,CUST01738,2026-06-20,PROD0041,6,0.3,7.71,Mobile App,Net Banking,Delivered,North
ORD009659,CUST01974,2026-03-03,PROD0113,5,0.0,21.92,In-Store,Net Banking,Delivered,West
ORD009660,CUST00084,2026-07-12,PROD0051,4,0.05,19.54,In-Store,UPI,Delivered,West
ORD009661,CUST00688,2026-05-02,PROD0029,1,0.0,0.39,Mobile App,Debit Card,Delivered,South
ORD009662,CUST01429,2025-12-09,PROD0050,5,0.3,,Mobile App,Wallet,Delivered,West
ORD009663,CUST00190,2026-05-19,PROD0060,4,0.0,,Online,Debit Card,Delivered,West
ORD009664,CUST00684,2026-01-10,PROD0092,1,0.3,3.74,In-Store,UPI,Pending,South
ORD009665,CUST01965,2026-06-15,PROD0113,1,0.05,5.66,In-Store,Wallet,Delivered,East
ORD009666,CUST00215,2025-08-08,PROD0076,3,0.2,11.71,Online,Net Banking,Delivered,East
ORD009667,CUST01380,2025-09-14,PROD0106,4,0.25,10.62,In-Store,Debit Card,Delivered,South
ORD009668,CUST00930,2026-03-09,PROD0090,6,0.05,7.22,In-Store,Credit Card,Delivered,North
ORD009669,CUST00683,2026-04-01,PROD0005,1,0.2,4.31,Online,Wallet,Delivered,West
ORD009670,CUST01704,2026-05-13,PROD0044,2,0.0,19.06,In-Store,COD,Delivered,West
ORD009671,CUST00014,2025-12-30,PROD0080,5,0.1,24.75,In-Store,Wallet,Delivered,East
ORD009672,CUST01313,2025-12-07,PROD0067,2,0.2,19.44,Mobile App,Debit Card,Delivered,South
ORD009673,CUST01932,2025-07-26,PROD0076,4,0.0,7.4,Online,COD,Delivered,West
ORD009674,CUST00566,2025-11-12,PROD0114,6,0.2,6.12,Mobile App,Debit Card,Delivered,South
ORD009675,CUST01577,2025-11-22,PROD0103,2,0.3,5.44,Online,Net Banking,Delivered,West
ORD009676,CUST01649,2025-12-01,PROD0021,6,0.05,3.42,In-Store,Wallet,Delivered,West
ORD009677,CUST00950,2026-06-28,PROD0031,6,0.1,,Mobile App,Wallet,Delivered,North
ORD009678,CUST01976,2026-04-23,PROD0016,4,0.05,15.14,In-Store,UPI,Delivered,North
ORD009679,CUST00154,2025-12-05,PROD0075,5,0.0,,In-Store,COD,Delivered,South
ORD009680,CUST01867,2025-09-18,PROD0119,4,0.3,17.01,In-Store,COD,Pending,East
ORD009681,CUST00520,2026-04-24,PROD0032,6,0.0,7.31,Online,Wallet,Delivered,East
ORD009682,CUST00947,2025-11-28,PROD0114,1,0.0,8.26,In-Store,Wallet,Delivered,North
ORD009683,CUST00337,2025-07-27,PROD0081,3,0.25,17.04,Online,Debit Card,Delivered,South
ORD009684,CUST01415,2026-02-24,PROD0067,3,0.3,8.74,Online,Credit Card,Delivered,East
ORD009685,CUST00479,2026-04-03,PROD0084,3,0.0,5.32,In-Store,Net Banking,Delivered,South
ORD009686,CUST01697,2026-04-12,PROD0050,1,0.3,9.36,Mobile App,Debit Card,Pending,West
ORD009687,CUST01295,2025-10-13,PROD0037,3,0.0,6.8,Online,Debit Card,Returned,West
ORD009688,CUST01500,2026-05-17,PROD0032,3,0.0,2.21,Online,Debit Card,Delivered,North
ORD009689,CUST00554,2025-12-26,PROD0063,1,0.3,20.75,Online,COD,Delivered,East
ORD009690,CUST00585,2025-11-23,PROD0102,2,0.3,21.33,Online,COD,Delivered,North
ORD009691,CUST00788,2025-11-22,PROD0120,4,0.2,5.49,Online,Wallet,Delivered,East
ORD009692,CUST01718,2025-11-08,PROD0056,3,0.0,1.62,Online,UPI,Delivered,West
ORD009693,CUST00917,2026-03-31,PROD0105,2,0.0,18.47,Mobile App,Credit Card,Delivered,South
ORD009694,CUST00910,2025-08-29,PROD0045,1,0.0,5.29,Mobile App,Wallet,Delivered,South
ORD009695,CUST00591,2025-12-23,PROD0111,4,0.25,9.84,Mobile App,Wallet,Delivered,North
ORD009696,CUST01347,2025-07-10,PROD0009,4,0.1,1.6,In-Store,Wallet,Pending,West
ORD009697,CUST00519,2026-03-04,PROD0078,5,0.25,5.66,Mobile App,Wallet,Delivered,West
ORD009698,CUST01036,2026-02-03,PROD0014,4,0.25,19.82,Mobile App,UPI,Delivered,West
ORD009699,CUST00587,2026-07-17,PROD0010,4,0.05,20.11,Mobile App,Net Banking,Delivered,North
ORD009700,CUST01077,2025-11-29,PROD0090,5,0.2,5.18,In-Store,Credit Card,Delivered,East
ORD009701,CUST01574,07-28-2025,PROD0098,2,0.15,8.4,Mobile App,Net Banking,Pending,South
ORD009702,CUST01702,2025-07-18,PROD0108,3,0.3,3.36,Mobile App,COD,Pending,East
ORD009703,CUST00249,2025-09-24,PROD0095,3,0.3,1.85,Mobile App,UPI,Delivered,East
ORD009704,CUST00098,2026-06-29,PROD0071,0,0.15,24.8,Online,Wallet,Delivered,North
ORD009705,CUST00340,2025-11-04,PROD0052,1,0.1,16.39,Mobile App,Wallet,Delivered,South
ORD009706,CUST00732,2025-07-11,PROD0004,2,0.3,13.55,Online,UPI,Delivered,North
ORD009707,CUST00423,2025-12-08,PROD0109,5,0.2,19.14,In-Store,UPI,Delivered,North
ORD009708,CUST01867,2026-01-20,PROD0059,2,0.0,21.0,In-Store,Wallet,Delivered,West
ORD009709,CUST00729,2025-10-27,PROD0046,4,0.1,20.17,In-Store,Net Banking,Delivered,South
ORD009710,CUST01797,2026-04-16,PROD0104,2,0.05,0.41,In-Store,UPI,Delivered,South
ORD009711,CUST01705,2026-01-08,PROD0032,5,0.25,4.67,Online,Wallet,Delivered,North
ORD009712,CUST00898,2026-04-01,PROD0103,5,0.1,16.37,Mobile App,Credit Card,Pending,North
ORD009713,CUST01489,2025-09-03,PROD0107,2,0.2,9.39,Mobile App,UPI,Delivered,West
ORD009714,CUST01800,2026-07-20,PROD0042,6,0.3,24.56,Online,Net Banking,Delivered,West
ORD009715,CUST01305,2025-09-25,PROD0090,2,0.3,16.64,In-Store,Credit Card,Delivered,North
ORD009716,CUST01541,2025-09-02,PROD0006,5,0.2,23.91,In-Store,Debit Card,Delivered,West
ORD009717,CUST00441,2026-03-03,PROD0076,6,0.0,5.04,Mobile App,COD,Delivered,East
ORD009718,CUST00471,2026-05-30,PROD0002,1,0.0,21.6,Mobile App,Wallet,Returned,East
ORD009719,CUST01829,2026-07-14,PROD0075,1,0.05,,Online,Debit Card,Delivered,West
ORD009720,CUST01355,2026-05-09,PROD0097,5,0.2,24.74,Online,UPI,Delivered,East
ORD009721,CUST01396,2026-05-04,PROD0008,3,0.15,3.94,In-Store,Debit Card,Delivered,West
ORD009722,CUST01390,2025-08-10,PROD0079,5,0.0,12.91,In-Store,Credit Card,Delivered,West
ORD009723,CUST01732,2026-01-19,PROD0026,6,0.25,19.82,In-Store,UPI,Delivered,East
ORD009724,CUST01660,2026-06-11,PROD0015,2,0.2,10.82,In-Store,Net Banking,Delivered,North
ORD009725,CUST00608,09-24-2025,PROD0097,1,0.2,11.7,Mobile App,Net Banking,Delivered,East
ORD009726,CUST01078,2026-04-30,PROD0075,3,0.2,24.66,In-Store,COD,Delivered,West
ORD009727,CUST01722,2025-08-03,PROD0022,6,0.0,10.63,Online,COD,Delivered,North
ORD009728,CUST01433,2025-07-12,PROD0006,6,0.3,15.1,Mobile App,Debit Card,Cancelled,North
ORD009729,CUST00735,2026-06-19,PROD0051,2,0.0,1.36,In-Store,UPI,Pending,South
ORD009730,CUST00606,2026-01-23,PROD0010,1,0.15,21.06,Mobile App,UPI,Delivered,North
ORD009731,CUST01342,2025-09-18,PROD0059,1,0.15,16.2,In-Store,COD,Delivered,South
ORD009732,CUST01347,2026-02-11,PROD0051,6,0.0,10.1,In-Store,Credit Card,Delivered,West
ORD009733,CUST01103,2026-04-19,PROD0047,4,0.1,0.4,In-Store,UPI,Delivered,East
ORD009734,CUST00595,2025-12-15,PROD0091,5,0.0,14.79,Mobile App,COD,Delivered,North
ORD009735,CUST01019,08-15-2025,PROD0010,4,0.1,0.32,Mobile App,Credit Card,Delivered,South
ORD009736,CUST01070,2025-10-16,PROD0069,1,0.05,0.03,In-Store,Net Banking,Pending,West
ORD009737,CUST01152,2025-10-27,PROD0067,6,0.3,15.4,Online,UPI,Delivered,West
ORD009738,CUST01539,2026-07-27,PROD0068,6,0.15,4.73,In-Store,UPI,Delivered,North
ORD009739,CUST01997,2025-07-28,PROD0099,4,0.2,4.8,Online,Debit Card,Pending,East
ORD009740,CUST01112,2025-08-04,PROD0009,4,0.0,,Mobile App,Wallet,Returned,North
ORD009741,CUST00265,2026-06-10,PROD0037,5,0.1,1.34,Online,UPI,Delivered,South
ORD009742,CUST01111,2025-12-04,PROD0049,4,0.05,7.84,In-Store,Debit Card,Delivered,East
ORD009743,CUST00909,2025-08-29,PROD0075,6,0.25,3.74,In-Store,Credit Card,Delivered,North
ORD009744,CUST01210,2025-12-13,PROD0040,1,0.0,14.5,Mobile App,Net Banking,Delivered,South
ORD009745,CUST01264,2026-01-08,PROD0031,1,0.3,16.54,Mobile App,Wallet,Pending,South
ORD009746,CUST00045,2025-09-25,PROD0018,1,0.15,18.03,In-Store,UPI,Delivered,West
ORD009747,CUST01938,2026-01-05,PROD0049,3,0.2,6.38,Mobile App,COD,Delivered,North
ORD009748,CUST00055,2026-01-25,PROD0085,5,0.0,2.23,Mobile App,Net Banking,Delivered,West
ORD009749,CUST01222,2026-03-31,PROD0017,4,0.25,1.97,Online,Credit Card,Delivered,North
ORD009750,CUST00594,2026-02-27,PROD0081,4,0.1,10.65,Online,Credit Card,Delivered,North
ORD009751,CUST00720,2026-02-04,PROD0023,2,0.15,23.65,Mobile App,Credit Card,Delivered,South
ORD009752,CUST01519,2025-09-04,PROD0044,6,0.0,5.44,Mobile App,UPI,Delivered,North
ORD009753,CUST00631,2025-11-14,PROD0018,6,0.3,6.42,In-Store,Net Banking,Pending,East
ORD009754,CUST00535,2025-10-22,PROD0079,3,0.0,2.52,Mobile App,COD,Cancelled,North
ORD009755,CUST00685,2026-06-29,PROD0045,4,0.2,15.14,In-Store,Credit Card,Delivered,South
ORD009756,CUST00647,2025-08-22,PROD0113,6,0.0,17.0,Mobile App,Wallet,Delivered,West
ORD009757,CUST01553,2026-03-16,PROD0052,6,0.3,16.07,Online,Debit Card,Returned,East
ORD009758,CUST01675,2026-07-27,PROD0010,6,0.25,21.53,Online,COD,Delivered,West
ORD009759,CUST00770,2025-12-29,PROD0042,3,0.05,12.16,In-Store,Wallet,Delivered,South
ORD009760,CUST00437,2025-11-26,PROD0036,4,0.0,3.36,Online,Net Banking,Cancelled,South
ORD009761,CUST00272,2026-07-04,PROD0032,2,0.2,7.24,Mobile App,UPI,Delivered,West
ORD009762,CUST00520,2026-05-10,PROD0058,5,0.05,16.56,Mobile App,Debit Card,Delivered,South
ORD009763,CUST01113,2025-12-15,PROD0051,6,0.1,15.33,Online,Wallet,Delivered,West
ORD009764,CUST00339,2026-03-07,PROD0067,6,0.1,13.28,In-Store,Credit Card,Delivered,West
ORD009765,CUST00109,2025-07-05,PROD0043,5,0.3,17.07,Online,Debit Card,Delivered,East
ORD009766,CUST01163,2026-06-16,PROD0093,4,0.0,15.93,In-Store,UPI,Delivered,West
ORD009767,CUST01471,2025-10-10,PROD0029,2,0.0,22.03,Mobile App,Net Banking,Cancelled,North
ORD009768,CUST01416,2026-04-15,PROD0055,2,0.25,,Mobile App,COD,Cancelled,East
ORD009769,CUST00131,2026-01-01,PROD0082,5,0.25,19.47,Mobile App,COD,Delivered,North
ORD009770,CUST00720,2025-11-08,PROD0038,2,0.0,6.22,Mobile App,Net Banking,Delivered,South
ORD009771,CUST00762,0000-00-00,PROD0101,1,0.0,16.95,Online,Debit Card,Delivered,West
ORD009772,CUST00870,2025-12-07,PROD0040,1,0.3,22.55,In-Store,Debit Card,Cancelled,North
ORD009773,CUST01076,2026-07-07,PROD0064,4,0.25,9.64,Online,COD,Delivered,West
ORD009774,CUST01460,2025-07-30,PROD0055,1,0.05,19.48,Online,Wallet,Delivered,East
ORD009775,CUST00172,2026-05-18,PROD0083,5,0.25,18.12,Online,Wallet,Delivered,South
ORD009776,CUST00503,2025-07-16,PROD0074,1,0.3,1.49,In-Store,COD,Delivered,South
ORD009777,CUST00332,2026-01-08,PROD0113,1,0.05,14.54,In-Store,COD,Delivered,East
ORD009778,CUST00032,2025-07-16,PROD0001,2,0.05,3.25,Online,Wallet,Delivered,South
ORD009779,CUST01327,2026-03-04,PROD0118,1,0.3,24.18,Online,Wallet,Returned,North
ORD009780,CUST01146,2025-11-28,PROD0073,2,0.05,20.29,Mobile App,Credit Card,Delivered,West
ORD009781,CUST01285,2025-11-12,PROD0036,6,0.3,2.74,Mobile App,UPI,Cancelled,South
ORD009782,CUST00268,2025-08-15,PROD0026,3,0.3,3.04,Mobile App,Credit Card,Delivered,South
ORD009783,CUST01278,2026-07-12,PROD0104,1,0.0,14.86,Online,Wallet,Delivered,South
ORD009784,CUST01606,2025-09-08,PROD0032,1,0.05,8.62,In-Store,Credit Card,Delivered,West
ORD009785,CUST00652,2026-06-05,PROD0115,5,0.0,0.87,Online,Wallet,Delivered,South
ORD009786,CUST00450,2026-02-21,PROD0094,5,0.0,13.54,Mobile App,Credit Card,Delivered,West
ORD009787,CUST00279,2026-03-21,PROD0043,3,0.3,9.7,Mobile App,UPI,Delivered,West
ORD009788,CUST01531,2025-12-08,PROD0114,6,0.0,2.53,Online,UPI,Delivered,South
ORD009789,CUST00485,2026-03-26,PROD0055,4,0.2,20.05,Mobile App,COD,Delivered,South
ORD009790,CUST00994,2026-04-07,PROD0112,6,0.0,22.88,Mobile App,Debit Card,Delivered,South
ORD009791,CUST01294,12-16-2025,PROD0101,2,0.0,18.91,Mobile App,Debit Card,Delivered,East
ORD009792,CUST01501,2025-12-26,PROD0101,1,0.05,20.56,Online,UPI,Delivered,North
ORD009793,CUST01914,2025-11-28,PROD0049,2,0.0,5.41,Mobile App,COD,Delivered,South
ORD009794,CUST01642,0000-00-00,PROD0030,1,0.0,6.59,Online,Wallet,Pending,West
ORD009795,CUST01729,2026-02-14,PROD0074,6,0.2,5.21,Online,COD,Delivered,South
ORD009796,CUST00512,2026-01-19,PROD0087,3,0.0,19.13,Online,Credit Card,Delivered,West
ORD009797,CUST01696,2026-07-26,PROD0062,6,0.0,23.7,Online,COD,Pending,South
ORD009798,CUST01020,2025-12-29,PROD0012,2,0.25,17.92,In-Store,Wallet,Delivered,East
ORD009799,CUST00755,2026-05-30,PROD0052,6,0.15,,Online,COD,Delivered,West
ORD009800,CUST00770,2025-11-08,PROD0059,4,0.0,15.97,Online,Credit Card,Cancelled,South
ORD009801,CUST01714,2026-01-31,PROD0032,2,0.2,9.69,Online,Net Banking,Delivered,West
ORD009802,CUST00305,2025-12-01,PROD0019,4,0.3,10.64,In-Store,Debit Card,Delivered,South
ORD009803,CUST01197,2025-12-27,PROD0082,3,0.2,1.88,In-Store,Net Banking,Delivered,North
ORD009804,CUST01635,2026-04-11,PROD0103,1,0.2,0.79,Mobile App,Wallet,Delivered,North
ORD009805,CUST01267,2025-10-06,PROD0115,3,0.15,17.39,Mobile App,UPI,Delivered,South
ORD009806,CUST01781,2026-06-25,PROD0114,1,0.0,10.96,Mobile App,Net Banking,Delivered,South
ORD009807,CUST00139,2026-04-03,PROD0104,3,0.15,13.81,In-Store,Wallet,Delivered,West
ORD009808,CUST00259,2026-07-31,PROD0117,3,0.25,13.94,Online,COD,Pending,East
ORD009809,CUST00105,2025-08-26,PROD0036,1,0.0,,Mobile App,Wallet,Cancelled,North
ORD009810,CUST01411,2026-06-11,PROD0070,1,0.1,11.9,Online,Net Banking,Delivered,North
ORD009811,CUST01549,2025-12-15,PROD0106,5,0.05,11.77,In-Store,Debit Card,Delivered,North
ORD009812,CUST00139,2026-01-03,PROD0026,1,0.25,9.71,Mobile App,UPI,Delivered,South
ORD009813,CUST01543,2026-03-08,PROD0099,2,0.05,20.52,In-Store,Debit Card,Delivered,East
ORD009814,CUST00199,2026-07-12,PROD0083,3,0.2,11.28,Online,Debit Card,Delivered,West
ORD009815,CUST00065,2025-07-20,PROD0053,6,0.1,15.09,In-Store,COD,Delivered,North
ORD009816,CUST01988,2026-04-12,PROD0085,3,0.0,22.39,In-Store,Credit Card,Delivered,South
ORD009817,CUST00763,2025-07-21,PROD0017,1,0.3,21.66,Online,COD,Delivered,West
ORD009818,CUST01280,10-30-2025,PROD0069,3,0.05,22.26,In-Store,Net Banking,Delivered,East
ORD009819,CUST01927,2025-07-11,PROD0098,4,0.0,6.75,Mobile App,Credit Card,Cancelled,West
ORD009820,CUST00436,2026-03-23,PROD0036,2,0.2,0.87,Online,Net Banking,Delivered,West
ORD009821,CUST00334,2025-08-13,PROD0080,2,0.25,6.53,Mobile App,Net Banking,Delivered,West
ORD009822,CUST01437,2025-08-12,PROD0008,5,0.15,6.97,Online,Net Banking,Cancelled,West
ORD009823,CUST00415,2025-07-07,PROD0053,2,0.25,22.73,In-Store,Debit Card,Delivered,East
ORD009824,CUST00411,2026-05-05,PROD0101,4,0.2,16.23,Online,UPI,Delivered,East
ORD009825,CUST01159,2026-05-20,PROD0023,2,0.3,2.04,Online,UPI,Delivered,East
ORD009826,CUST01992,2026-02-02,PROD0060,2,0.0,3.38,In-Store,Wallet,Delivered,North
ORD009827,CUST00016,2026-06-17,PROD0084,4,0.15,3.89,Online,Debit Card,Delivered,West
ORD009828,CUST01323,2025-12-09,PROD0114,5,0.1,15.76,In-Store,Wallet,Delivered,South
ORD009829,CUST00112,2026-06-09,PROD0040,3,0.3,18.39,Online,Net Banking,Delivered,West
ORD009830,CUST01497,2025-08-09,PROD0112,6,0.0,21.49,Mobile App,Debit Card,Cancelled,South
ORD009831,CUST00998,2025-08-09,PROD0039,2,0.0,23.52,Online,COD,Cancelled,South
ORD009832,CUST01087,2026-04-12,PROD0093,1,0.2,5.04,Online,COD,Pending,South
ORD009833,CUST00682,2026-03-24,PROD0002,5,0.05,7.74,Mobile App,Debit Card,Delivered,West
ORD009834,CUST01027,2026-03-31,PROD0114,4,0.05,6.01,Online,Debit Card,Delivered,East
ORD009835,CUST00986,2025-09-03,PROD0061,4,0.2,8.97,Online,UPI,Delivered,West
ORD009836,CUST01276,2025-10-22,PROD0112,2,0.05,22.87,In-Store,UPI,Delivered,North
ORD009837,CUST00378,2026-07-25,PROD0111,3,0.3,14.38,In-Store,Debit Card,Pending,East
ORD009838,CUST01136,2026-02-27,PROD0114,5,0.3,18.45,In-Store,Wallet,Delivered,South
ORD009839,CUST00929,2026-07-05,PROD0055,6,0.05,12.25,Online,COD,Returned,North
ORD009840,CUST00318,2026-07-28,PROD0098,3,0.25,0.72,Online,Net Banking,Pending,South
ORD009841,CUST01787,03-03-2026,PROD0092,5,0.1,1.6,Mobile App,UPI,Cancelled,East
ORD009842,CUST00222,2026-06-19,PROD0014,6,0.0,13.45,In-Store,Net Banking,Delivered,West
ORD009843,CUST01309,2026-02-06,PROD0079,6,0.1,,In-Store,Wallet,Delivered,South
ORD009844,CUST00435,2025-08-30,PROD0004,2,0.25,5.38,Online,Net Banking,Delivered,West
ORD009845,CUST01731,2026-04-06,PROD0009,5,0.1,18.05,Mobile App,COD,Delivered,South
ORD009846,CUST01721,2025-08-22,PROD0081,6,0.0,20.27,Mobile App,Net Banking,Returned,North
ORD009847,CUST00900,2025-08-23,PROD0015,6,0.2,10.3,Mobile App,Net Banking,Delivered,East
ORD009848,CUST01155,2026-02-06,PROD0017,2,0.1,18.66,Online,COD,Delivered,North
ORD009849,CUST01788,2025-10-14,PROD0035,1,0.3,10.1,Mobile App,Credit Card,Delivered,East
ORD009850,CUST00946,2026-07-17,PROD0032,3,0.05,16.96,Mobile App,Debit Card,Delivered,West
ORD009851,CUST00599,2026-03-10,PROD0036,2,0.05,19.1,In-Store,Debit Card,Delivered,East
ORD009852,CUST00812,2026-07-03,PROD0074,3,0.05,24.8,In-Store,Wallet,Cancelled,East
ORD009853,CUST01632,2026-04-29,PROD0103,5,0.0,8.63,In-Store,Net Banking,Pending,East
ORD009854,CUST00259,07-06-2025,PROD0048,1,0.0,10.28,Mobile App,UPI,Delivered,West
ORD009855,CUST01005,2025-11-14,PROD0002,1,0.0,4.14,In-Store,Wallet,Delivered,East
ORD009856,CUST01690,2026-06-08,PROD0101,5,0.25,5.1,Online,UPI,Delivered,East
ORD009857,CUST00643,2026-06-03,PROD0017,5,0.0,17.33,Mobile App,Credit Card,Delivered,South
ORD009858,CUST00669,2025-12-04,PROD0053,6,0.05,,Online,COD,Pending,North
ORD009859,CUST00531,2026-03-29,PROD0005,3,0.1,9.87,Mobile App,COD,Delivered,East
ORD009860,CUST00505,2026-02-01,PROD0086,5,0.1,4.5,Online,Credit Card,Returned,North
ORD009861,CUST00819,0000-00-00,PROD0031,5,0.2,7.13,In-Store,Net Banking,Delivered,South
ORD009862,CUST01502,2026-03-12,PROD0029,6,0.15,11.38,In-Store,Wallet,Delivered,West
ORD009863,CUST01839,2025-09-08,PROD0089,5,0.2,7.27,In-Store,COD,Delivered,West
ORD009864,CUST00462,11-21-2025,PROD0047,6,0.2,5.84,In-Store,COD,Delivered,North
ORD009865,CUST01951,2025-10-26,PROD0012,5,0.0,18.4,Online,Debit Card,Delivered,East
ORD009866,CUST00287,2026-04-02,PROD0058,3,0.15,0.2,Online,Net Banking,Delivered,North
ORD009867,CUST01501,2026-06-19,PROD0063,4,0.15,13.48,Online,Wallet,Delivered,East
ORD009868,CUST00194,2026-02-24,PROD0017,3,0.1,19.84,Online,Credit Card,Pending,South
ORD009869,CUST00240,2025-09-12,PROD0031,1,0.15,6.66,In-Store,Net Banking,Delivered,East
ORD009870,CUST01186,2026-01-24,PROD0042,5,0.0,15.08,Online,Credit Card,Delivered,North
ORD009871,CUST01257,2026-05-25,PROD0107,5,0.0,16.72,Mobile App,Wallet,Delivered,West
ORD009872,CUST01922,2026-04-23,PROD0063,3,0.15,16.38,Online,Debit Card,Delivered,North
ORD009873,CUST00740,2025-10-22,PROD0048,6,0.0,11.15,In-Store,COD,Delivered,West
ORD009874,CUST01160,2025-12-20,PROD0065,1,0.2,8.66,Mobile App,Credit Card,Delivered,South
ORD009875,CUST00454,2026-03-16,PROD0024,6,0.2,20.9,In-Store,Net Banking,Cancelled,South
ORD009876,CUST01149,2026-07-20,PROD0082,4,0.0,18.96,Online,Debit Card,Pending,East
ORD009877,CUST00603,2026-06-28,PROD0039,6,0.3,8.03,Online,UPI,Delivered,East
ORD009878,CUST01630,2025-11-02,PROD0045,1,0.3,2.58,In-Store,COD,Returned,East
ORD009879,CUST00131,2025-10-24,PROD0099,3,0.2,1.8,Online,Debit Card,Delivered,South
ORD009880,CUST01381,2026-05-09,PROD0060,2,0.0,2.36,Mobile App,UPI,Delivered,East
ORD009881,CUST00004,2025-09-04,PROD0054,4,0.0,14.57,Mobile App,COD,Delivered,South
ORD009882,CUST00387,2025-12-14,PROD0105,6,0.25,1.29,Mobile App,Debit Card,Returned,East
ORD009883,CUST01553,2026-07-25,PROD0041,4,0.15,8.42,Online,Net Banking,Cancelled,West
ORD009884,CUST00170,2026-07-11,PROD0048,2,0.2,18.83,Online,Wallet,Pending,South
ORD009885,CUST01609,2026-05-19,PROD0110,1,0.25,7.36,Mobile App,COD,Delivered,East
ORD009886,CUST01686,2026-06-08,PROD0115,3,0.3,19.08,Online,UPI,Delivered,South
ORD009887,CUST01373,2026-01-21,PROD0020,2,0.3,,In-Store,Wallet,Delivered,South
ORD009888,CUST01246,2025-10-10,PROD0076,1,0.0,6.15,In-Store,Wallet,Returned,South
ORD009889,CUST00229,2026-02-13,PROD0022,4,0.25,18.22,Mobile App,Wallet,Delivered,West
ORD009890,CUST01950,2026-06-17,PROD0049,2,0.05,18.69,Mobile App,COD,Delivered,West
ORD009891,CUST00135,2026-07-21,PROD0085,4,0.0,9.94,Online,COD,Delivered,East
ORD009892,CUST01665,2025-11-25,PROD0016,3,0.15,5.26,Mobile App,COD,Delivered,East
ORD009893,CUST01357,2026-02-06,PROD0075,4,0.0,13.03,Online,Wallet,Delivered,North
ORD009894,CUST01606,2026-01-24,PROD0002,2,0.0,23.03,In-Store,Wallet,Delivered,West
ORD009895,CUST01057,2026-01-17,PROD0099,5,0.25,15.99,In-Store,COD,Delivered,East
ORD009896,CUST00286,2026-05-18,PROD0071,4,0.3,4.32,Online,Wallet,Delivered,East
ORD009897,CUST01698,2025-09-30,PROD0108,6,0.0,17.07,Online,Wallet,Delivered,North
ORD009898,CUST00452,2025-11-11,PROD0120,2,0.3,10.68,Online,UPI,Delivered,North
ORD009899,CUST01750,2026-03-05,PROD0034,6,0.05,14.79,In-Store,COD,Pending,South
ORD009900,CUST00003,2025-08-04,PROD0013,3,0.3,18.35,In-Store,Credit Card,Delivered,South
ORD009901,CUST01169,2026-04-02,PROD0069,4,0.3,12.87,In-Store,Wallet,Delivered,North
ORD009902,CUST01194,2025-09-11,PROD0075,3,0.3,,Online,COD,Delivered,East
ORD009903,CUST00415,2026-01-01,PROD0102,6,0.25,18.05,In-Store,Credit Card,Delivered,North
ORD009904,CUST00375,2025-09-12,PROD0029,6,0.0,15.38,Online,Credit Card,Delivered,North
ORD009905,CUST01344,2026-07-22,PROD0099,2,0.15,3.77,In-Store,UPI,Delivered,East
ORD009906,CUST01523,2025-12-13,PROD0093,4,0.25,20.9,In-Store,Credit Card,Delivered,West
ORD009907,CUST00357,2025-10-13,PROD0091,2,0.0,23.4,Mobile App,UPI,Delivered,East
ORD009908,CUST01185,2025-12-10,PROD0058,6,0.15,3.42,Mobile App,Debit Card,Delivered,East
ORD009909,CUST00796,12-24-2025,PROD0080,4,0.2,12.21,Mobile App,UPI,Delivered,South
ORD009910,CUST00420,2026-05-02,PROD0068,5,0.3,6.47,Online,Debit Card,Cancelled,North
ORD009911,CUST01553,2026-02-21,PROD0006,3,0.05,18.86,Online,UPI,Delivered,East
ORD009912,CUST01195,2025-08-13,PROD0011,5,0.0,18.04,Online,Wallet,Delivered,South
ORD009913,CUST01889,2026-06-28,PROD0065,2,0.0,3.52,Online,UPI,Cancelled,South
ORD009914,CUST01009,2026-01-27,PROD0051,3,0.15,21.93,Mobile App,Debit Card,Delivered,South
ORD009915,CUST01334,2025-09-15,PROD0024,1,0.0,4.52,In-Store,Wallet,Cancelled,East
ORD009916,CUST01162,2026-06-27,PROD0063,5,0.0,19.93,Mobile App,UPI,Delivered,East
ORD009917,CUST00898,2025-12-24,PROD0102,5,0.3,11.42,Online,Credit Card,Delivered,South
ORD009918,CUST00471,2026-02-07,PROD0043,6,0.0,8.21,In-Store,Wallet,Delivered,South
ORD009919,CUST00210,2026-02-10,PROD0077,3,0.05,3.96,Online,COD,Delivered,North
ORD009920,CUST00566,2025-11-27,PROD0032,3,0.0,4.19,Online,UPI,Delivered,West
ORD009921,CUST01591,2025-08-09,PROD0094,2,0.15,16.55,In-Store,UPI,Delivered,East
ORD009922,CUST00763,0000-00-00,PROD0047,5,0.2,13.76,Online,Net Banking,Cancelled,West
ORD009923,CUST00562,2026-01-19,PROD0118,1,0.3,3.05,Online,COD,Delivered,North
ORD009924,CUST01259,2026-07-26,PROD0089,1,0.0,2.82,Mobile App,Debit Card,Delivered,West
ORD009925,CUST01453,2025-07-24,PROD0008,3,0.05,1.81,Online,UPI,Delivered,East
ORD009926,CUST00966,2026-06-26,PROD0076,1,0.2,18.59,Online,Wallet,Delivered,West
ORD009927,CUST01795,2025-08-21,PROD0016,2,0.05,17.8,Mobile App,Debit Card,Delivered,South
ORD009928,CUST01027,2025-08-08,PROD0041,2,0.0,1.46,In-Store,COD,Delivered,South
ORD009929,CUST00472,2026-02-11,PROD0061,3,0.15,14.01,In-Store,COD,Delivered,South
ORD009930,CUST00574,2026-07-02,PROD0039,6,0.25,2.12,Mobile App,Net Banking,Returned,South
ORD009931,CUST01817,2026-06-30,PROD0119,0,0.0,22.59,Mobile App,Net Banking,Delivered,West
ORD009932,CUST00083,2025-08-24,PROD0062,4,0.15,22.68,In-Store,Credit Card,Delivered,North
ORD009933,CUST00366,2025-11-28,PROD0065,4,0.05,17.46,Online,Debit Card,Delivered,North
ORD009934,CUST01122,2025-09-12,PROD0042,6,0.0,23.15,Mobile App,Net Banking,Delivered,West
ORD009935,CUST01882,2025-09-16,PROD0059,5,0.3,20.29,Mobile App,UPI,Cancelled,South
ORD009936,CUST00533,2026-05-02,PROD0039,2,0.0,20.71,Mobile App,Wallet,Delivered,South
ORD009937,CUST00203,2026-01-22,PROD0014,5,0.1,14.24,Online,UPI,Delivered,South
ORD009938,CUST01091,2026-05-04,PROD0093,4,0.0,7.65,Mobile App,Wallet,Delivered,North
ORD009939,CUST01366,2026-06-03,PROD0086,5,0.2,5.44,Mobile App,Credit Card,Delivered,North
ORD009940,CUST00081,2025-07-01,PROD0052,2,0.05,8.18,Online,Net Banking,Cancelled,East
ORD009941,CUST01180,2025-09-28,PROD0107,1,0.0,15.71,Online,Credit Card,Delivered,North
ORD009942,CUST00178,2025-11-22,PROD0094,6,0.15,4.32,Mobile App,COD,Delivered,South
ORD009943,CUST01056,2026-03-24,PROD0118,6,0.0,6.47,In-Store,Credit Card,Cancelled,North
ORD009944,CUST01544,2025-08-15,PROD0043,6,0.15,11.7,In-Store,Net Banking,Returned,East
ORD009945,CUST00014,2026-03-19,PROD0035,2,0.0,5.83,In-Store,UPI,Delivered,West
ORD009946,CUST01096,2025-12-31,PROD0035,6,0.25,14.72,Online,Debit Card,Delivered,West
ORD009947,CUST01531,2026-01-08,PROD0115,6,0.25,23.08,Online,Credit Card,Pending,North
ORD009948,CUST00081,2026-03-08,PROD0096,5,0.15,18.7,Online,Net Banking,Delivered,East
ORD009949,CUST01140,2026-06-14,PROD0078,4,0.2,16.66,In-Store,Credit Card,Delivered,South
ORD009950,CUST00476,2025-12-02,PROD0091,2,0.05,14.57,Online,UPI,Pending,South
ORD009951,CUST00507,2026-04-13,PROD0099,3,0.05,12.2,Mobile App,UPI,Cancelled,South
ORD009952,CUST00630,2026-06-18,PROD0105,4,0.2,4.66,Mobile App,Debit Card,Delivered,North
ORD009953,CUST01811,2025-07-24,PROD0087,4,0.1,22.37,Online,UPI,Delivered,South
ORD009954,CUST01511,2025-12-23,PROD0008,6,0.0,6.21,In-Store,Debit Card,Delivered,East
ORD009955,CUST01940,2026-07-08,PROD0004,2,0.1,2.28,Online,COD,Delivered,West
ORD009956,CUST00325,2026-06-30,PROD0106,1,0.15,18.75,Online,UPI,Delivered,West
ORD009957,CUST00290,2025-10-03,PROD0064,3,0.2,4.39,In-Store,Wallet,Delivered,East
ORD009958,CUST01600,2025-11-04,PROD0055,1,0.0,9.3,Online,Wallet,Delivered,North
ORD009959,CUST01910,2025-07-08,PROD0054,4,0.0,0.71,In-Store,Net Banking,Delivered,South
ORD009960,CUST01684,2026-03-28,PROD0084,6,0.3,3.43,Online,COD,Cancelled,North
ORD009961,CUST01108,2025-10-21,PROD0046,5,0.2,4.33,Mobile App,Wallet,Delivered,South
ORD009962,CUST01680,2026-06-08,PROD0076,5,0.0,1.36,Mobile App,UPI,Delivered,West
ORD009963,CUST00729,2026-04-20,PROD0054,4,0.2,,In-Store,Debit Card,Returned,South
ORD009964,CUST01211,2026-05-09,PROD0046,3,0.25,20.93,Online,UPI,Delivered,North
ORD009965,CUST01897,2025-09-01,PROD0101,3,0.3,9.33,Online,Debit Card,Delivered,West
ORD009966,CUST01741,2026-01-16,PROD0120,3,0.0,21.86,Online,Credit Card,Cancelled,North
ORD009967,CUST01862,2025-09-15,PROD0070,6,0.25,5.33,Online,COD,Delivered,South
ORD009968,CUST01239,2026-04-25,PROD0037,6,0.0,8.13,Online,UPI,Delivered,South
ORD009969,CUST01342,2025-09-24,PROD0122,2,0.1,3.77,Mobile App,UPI,Pending,East
ORD009970,CUST01859,2026-01-24,PROD0095,4,0.0,15.51,Online,Credit Card,Delivered,West
ORD009971,CUST01256,2025-10-29,PROD0067,2,0.05,10.5,In-Store,Debit Card,Delivered,East
ORD009972,CUST00845,2026-03-19,PROD0085,6,0.0,15.33,Mobile App,Credit Card,Delivered,East
ORD009973,CUST00154,08-07-2025,PROD0094,3,0.0,19.04,Mobile App,Wallet,Pending,North
ORD009974,CUST01555,2026-05-26,PROD0088,2,0.25,,In-Store,Debit Card,Delivered,North
ORD009975,CUST00826,2026-04-06,PROD0007,3,0.1,15.69,In-Store,Debit Card,Delivered,North
ORD009976,CUST00661,2025-08-01,PROD0119,2,0.0,23.38,Online,Wallet,Pending,South
ORD009977,CUST01469,2026-07-25,PROD0118,3,0.1,7.48,In-Store,Credit Card,Delivered,West
ORD009978,CUST01468,2026-01-04,PROD0122,1,0.15,8.98,In-Store,COD,Delivered,West
ORD009979,CUST01598,0000-00-00,PROD0078,1,0.1,17.94,Mobile App,Debit Card,Delivered,East
ORD009980,CUST00582,2026-01-15,PROD0103,3,0.2,15.28,Online,Net Banking,Delivered,West
ORD009981,CUST00159,2026-03-03,PROD0093,2,0.1,4.46,Online,Debit Card,Delivered,South
ORD009982,CUST01356,2025-11-20,PROD0016,6,0.0,9.4,Mobile App,Credit Card,Pending,West
ORD009983,CUST00215,2025-07-25,PROD0006,5,0.0,11.7,Mobile App,Net Banking,Delivered,East
ORD009984,CUST00186,2026-03-22,PROD0058,3,0.3,10.48,Online,Wallet,Delivered,West
ORD009985,CUST00282,2026-06-24,PROD0005,3,0.0,,Online,Net Banking,Delivered,West
ORD009986,CUST00775,2025-12-31,PROD0074,6,0.0,23.11,Online,Credit Card,Delivered,South
ORD009987,CUST00252,2025-09-17,PROD0047,1,0.0,19.06,Online,Wallet,Delivered,East
ORD009988,CUST00328,2025-09-10,PROD0042,1,0.2,12.03,In-Store,Wallet,Delivered,North
ORD009989,CUST00516,2026-07-13,PROD0104,6,0.3,17.0,Online,Net Banking,Cancelled,South
ORD009990,CUST00997,2026-01-31,PROD0016,5,0.0,22.43,Online,Net Banking,Cancelled,East
ORD009991,CUST01719,2025-08-15,PROD0042,3,0.1,3.4,Mobile App,Credit Card,Delivered,South
ORD009992,CUST01342,2026-05-27,PROD0057,2,0.0,6.26,Mobile App,Wallet,Delivered,North
ORD009993,CUST01075,2026-06-29,PROD0121,4,0.1,13.57,In-Store,Wallet,Delivered,East
ORD009994,CUST00676,2026-07-05,PROD0095,4,0.25,19.98,Online,COD,Delivered,North
ORD009995,CUST00378,2025-07-01,PROD0116,5,0.0,0.91,In-Store,Net Banking,Delivered,South
ORD009996,CUST01450,01-02-2026,PROD0034,2,0.15,24.6,Mobile App,Net Banking,Delivered,East
ORD009997,CUST01524,2026-02-26,PROD0009,6,0.25,11.37,In-Store,COD,Returned,West
ORD009998,CUST00072,2025-11-28,PROD0111,5,0.0,,Mobile App,Credit Card,Delivered,North
ORD009999,CUST01651,2025-07-31,PROD0068,1,0.0,7.32,In-Store,UPI,Delivered,South
ORD010000,CUST01235,2025-10-15,PROD0088,1,0.25,4.36,In-Store,Net Banking,Delivered,East
ORD010001,CUST00232,2026-05-16,PROD0069,4,0.2,19.79,Online,Net Banking,Delivered,South
ORD010002,CUST01546,2026-01-23,PROD0037,6,0.05,23.89,In-Store,Credit Card,Delivered,West
ORD010003,CUST00730,2026-05-07,PROD0013,4,0.0,10.34,Online,Wallet,Cancelled,South
ORD010004,CUST00377,05-18-2026,PROD0117,2,0.0,23.81,Mobile App,UPI,Cancelled,West
ORD010005,CUST00360,2026-03-16,PROD0088,6,0.05,20.59,In-Store,UPI,Delivered,West
ORD010006,CUST01470,2026-02-19,PROD0061,5,0.0,12.03,In-Store,Debit Card,Delivered,East
ORD010007,CUST00983,2025-11-12,PROD0099,3,0.0,16.85,In-Store,Net Banking,Delivered,North
ORD010008,CUST01492,2025-09-22,PROD0012,6,0.15,10.87,Online,COD,Delivered,South
ORD010009,CUST00474,2026-04-16,PROD0053,3,0.1,13.97,Mobile App,Debit Card,Delivered,West
ORD010010,CUST00553,2026-02-24,PROD0025,3,0.05,1.45,In-Store,Credit Card,Pending,North
ORD010011,CUST00442,2025-10-17,PROD0052,1,0.1,17.41,Mobile App,UPI,Delivered,North
ORD010012,CUST01995,2025-12-29,PROD0083,5,0.0,1.32,Online,Net Banking,Delivered,West
ORD010013,CUST00301,2026-01-16,PROD0044,4,0.2,20.43,Mobile App,Credit Card,Delivered,West
ORD010014,CUST01808,0000-00-00,PROD0022,-1,0.0,20.62,In-Store,Debit Card,Delivered,North
ORD010015,CUST01387,2026-01-15,PROD0057,4,0.1,5.93,In-Store,Net Banking,Delivered,South
ORD010016,CUST00593,0000-00-00,PROD0120,5,0.0,8.09,Online,UPI,Delivered,West
ORD010017,CUST01336,2026-03-05,PROD0073,2,0.3,12.03,In-Store,Wallet,Delivered,West
ORD010018,CUST01712,2025-07-23,PROD0083,3,0.05,14.92,In-Store,Debit Card,Delivered,South
ORD010019,CUST00620,2025-09-07,PROD0062,5,0.0,7.18,In-Store,Wallet,Delivered,West
ORD010020,CUST00012,2025-09-23,PROD0028,2,0.3,14.81,In-Store,Credit Card,Returned,North
ORD010021,CUST01568,2026-05-17,PROD0030,4,0.1,7.44,Online,Net Banking,Delivered,South
ORD010022,CUST01810,2025-09-20,PROD0084,1,0.0,1.39,Online,UPI,Delivered,South
ORD010023,CUST01116,2025-10-20,PROD0092,6,0.15,0.06,Online,Net Banking,Cancelled,South
ORD010024,CUST01125,2026-05-23,PROD0118,6,0.0,2.53,Mobile App,Debit Card,Returned,North
ORD010025,CUST01408,2025-11-03,PROD0056,4,0.1,19.81,Online,Wallet,Delivered,West
ORD010026,CUST01169,2025-10-16,PROD0020,6,0.05,24.04,Online,Wallet,Delivered,North
ORD010027,CUST00611,2026-03-25,PROD0013,1,0.0,10.67,Online,Credit Card,Delivered,North
ORD010028,CUST01048,2026-04-19,PROD0059,3,0.3,12.82,Online,Credit Card,Delivered,South
ORD010029,CUST01558,2025-11-27,PROD0069,1,0.25,3.67,In-Store,Debit Card,Delivered,East
ORD010030,CUST01622,2025-07-29,PROD0080,6,0.3,13.78,Online,Wallet,Delivered,South
ORD010031,CUST00862,2026-07-14,PROD0115,3,0.1,3.62,In-Store,UPI,Delivered,East
ORD010032,CUST01538,2025-12-13,PROD0056,1,0.0,15.28,Online,Wallet,Delivered,West
ORD010033,CUST00015,2025-07-21,PROD0030,5,0.0,23.33,Online,COD,Delivered,West
ORD010034,CUST00009,04-19-2026,PROD0093,1,0.0,4.89,Online,Net Banking,Returned,East
ORD010035,CUST00143,2026-02-23,PROD0108,6,0.15,19.11,Mobile App,Wallet,Delivered,East
ORD010036,CUST00601,2026-03-04,PROD0020,2,0.25,0.59,In-Store,UPI,Delivered,North
ORD010037,CUST00847,2026-07-02,PROD0017,1,0.25,9.39,Online,Credit Card,Returned,South
ORD010038,CUST01569,2026-03-20,PROD0065,3,0.05,2.77,Mobile App,Credit Card,Delivered,West
ORD010039,CUST00529,2025-12-22,PROD0103,6,0.1,8.81,Online,Wallet,Returned,West
ORD010040,CUST00858,2025-11-17,PROD0061,6,0.0,4.34,Online,Net Banking,Delivered,South
ORD010041,CUST00289,2026-02-18,PROD0003,2,0.15,9.33,Online,COD,Delivered,East
ORD010042,CUST00288,2026-04-08,PROD0049,1,0.1,10.44,Mobile App,UPI,Delivered,West
ORD010043,CUST01211,2026-05-18,PROD0083,2,0.3,7.51,In-Store,Debit Card,Delivered,South
ORD010044,CUST00520,2025-07-30,PROD0025,2,0.0,16.42,In-Store,Debit Card,Delivered,North
ORD010045,CUST00310,2026-02-04,PROD0058,2,0.1,22.97,Online,Debit Card,Delivered,West
ORD010046,CUST00591,2026-02-28,PROD0006,3,0.2,,In-Store,UPI,Returned,West
ORD010047,CUST00483,2025-12-07,PROD0057,5,0.25,4.81,In-Store,Net Banking,Delivered,East
ORD010048,CUST01785,2025-07-18,PROD0104,6,0.0,6.77,In-Store,Credit Card,Delivered,East
ORD010049,CUST00594,2025-08-07,PROD0114,6,0.0,21.35,Online,Debit Card,Delivered,South
ORD010050,CUST01718,2026-02-08,PROD0031,6,0.25,14.29,Mobile App,UPI,Delivered,West
ORD010051,CUST01884,2026-06-12,PROD0006,6,0.2,11.38,Online,UPI,Delivered,West
ORD010052,CUST00802,2026-03-19,PROD0073,3,0.2,3.74,In-Store,Debit Card,Pending,North
ORD010053,CUST00652,2025-08-16,PROD0061,2,0.15,11.24,In-Store,UPI,Delivered,East
ORD010054,CUST00058,2025-11-25,PROD0083,4,0.1,6.96,Online,Wallet,Delivered,South
ORD010055,CUST00136,2025-07-24,PROD0088,6,0.15,23.58,Online,UPI,Cancelled,North
ORD010056,CUST00214,2025-08-12,PROD0070,1,0.0,22.1,Online,Wallet,Delivered,East
ORD010057,CUST01589,2026-05-16,PROD0112,0,0.25,2.1,In-Store,UPI,Delivered,West
ORD010058,CUST01362,2026-05-30,PROD0085,2,0.0,12.92,Mobile App,Wallet,Delivered,South
ORD010059,CUST01234,2026-04-11,PROD0063,1,0.0,5.63,In-Store,UPI,Delivered,South
ORD010060,CUST01070,2026-06-24,PROD0118,6,0.0,10.27,Online,UPI,Delivered,West
ORD010061,CUST01008,2025-11-10,PROD0072,3,0.15,21.92,Online,Net Banking,Pending,North
ORD010062,CUST00120,2025-11-28,PROD0115,5,0.1,13.19,In-Store,Debit Card,Delivered,West
ORD010063,CUST00334,2026-03-31,PROD0084,1,0.0,8.36,Online,Wallet,Cancelled,South
ORD010064,CUST00925,2025-07-04,PROD0105,6,0.2,5.2,In-Store,Debit Card,Delivered,East
ORD010065,CUST00172,2025-11-06,PROD0064,3,0.15,20.01,Online,Debit Card,Delivered,North
ORD010066,CUST01403,2025-11-18,PROD0030,6,0.0,15.61,Mobile App,Debit Card,Delivered,South
ORD010067,CUST01025,2026-01-21,PROD0010,1,0.1,11.7,Mobile App,COD,Returned,South
ORD010068,CUST01004,2025-07-11,PROD0047,5,0.25,5.44,Online,COD,Delivered,East
ORD010069,CUST00265,2026-04-11,PROD0062,6,0.0,8.36,In-Store,COD,Delivered,East
ORD010070,CUST00141,2025-12-05,PROD0086,6,0.0,24.0,Mobile App,Debit Card,Delivered,West
ORD010071,CUST00223,2026-05-05,PROD0015,3,0.1,13.0,In-Store,Net Banking,Pending,North
ORD010072,CUST01717,2026-04-07,PROD0086,1,0.2,10.02,Online,UPI,Delivered,North
ORD010073,CUST00011,2025-10-19,PROD0022,4,0.05,13.04,Online,Credit Card,Delivered,East
ORD010074,CUST00424,2025-07-11,PROD0032,3,0.1,19.47,Mobile App,Net Banking,Pending,East
ORD010075,CUST01497,2026-06-05,PROD0110,4,0.05,8.5,Mobile App,Debit Card,Delivered,North
ORD010076,CUST00789,2026-07-02,PROD0047,6,0.0,4.47,In-Store,Wallet,Returned,East
ORD010077,CUST00859,2026-06-30,PROD0098,1,0.1,14.62,Online,Debit Card,Delivered,West
ORD010078,CUST00412,2025-12-06,PROD0061,-1,0.1,16.63,In-Store,Wallet,Delivered,South
ORD010079,CUST01570,2026-06-16,PROD0093,5,0.05,17.82,In-Store,Wallet,Delivered,East
ORD010080,CUST01947,2025-08-19,PROD0116,6,0.2,22.05,Online,Debit Card,Delivered,North
ORD010081,CUST00352,2025-07-14,PROD0072,6,0.1,9.28,Online,Wallet,Delivered,South
ORD010082,CUST00994,2026-01-04,PROD0122,1,0.05,1.88,In-Store,Debit Card,Delivered,South
ORD010083,CUST01722,2026-07-11,PROD0009,6,0.1,23.96,In-Store,COD,Delivered,South
ORD010084,CUST00120,2026-01-22,PROD0024,6,0.25,10.88,Online,COD,Pending,West
ORD010085,CUST01043,2025-07-27,PROD0061,5,0.3,15.58,In-Store,Debit Card,Delivered,East
ORD010086,CUST00161,2025-08-18,PROD0051,3,0.25,16.66,In-Store,COD,Delivered,North
ORD010087,CUST00591,2026-01-14,PROD0041,3,0.0,13.66,Online,UPI,Delivered,East
ORD010088,CUST00874,2026-07-18,PROD0061,3,0.0,5.13,Mobile App,Debit Card,Delivered,East
ORD010089,CUST01271,2025-11-29,PROD0050,6,0.0,18.88,In-Store,Credit Card,Delivered,North
ORD010090,CUST01424,2026-04-14,PROD0117,4,0.3,20.09,In-Store,Wallet,Delivered,West
ORD010091,CUST01227,2025-07-18,PROD0068,4,0.0,13.82,In-Store,Credit Card,Pending,East
ORD010092,CUST01687,2026-02-08,PROD0004,4,0.05,12.21,Mobile App,UPI,Cancelled,North
ORD010093,CUST01532,2026-03-06,PROD0065,2,0.2,2.85,Online,Credit Card,Returned,North
ORD010094,CUST00630,2026-05-11,PROD0012,1,0.0,2.1,In-Store,COD,Delivered,West
ORD010095,CUST01050,2025-10-10,PROD0019,5,0.0,8.49,Online,Credit Card,Delivered,South
ORD010096,CUST01940,2026-04-19,PROD0111,4,0.0,7.77,Online,UPI,Pending,West
ORD010097,CUST01209,2025-10-28,PROD0050,6,0.0,23.84,Mobile App,Wallet,Delivered,West
ORD010098,CUST01440,2025-07-23,PROD0096,6,0.05,19.59,In-Store,COD,Delivered,South
ORD010099,CUST01464,2025-07-29,PROD0057,4,0.15,16.5,Mobile App,Wallet,Returned,South
ORD010100,CUST01451,2026-05-11,PROD0038,3,0.15,12.94,Mobile App,Wallet,Delivered,West
ORD010101,CUST01333,2026-05-07,PROD0111,1,0.05,4.18,Online,Wallet,Delivered,North
ORD010102,CUST00701,2025-11-22,PROD0035,4,0.2,24.46,Online,Credit Card,Delivered,West
ORD010103,CUST00776,2026-02-25,PROD0095,1,0.2,9.38,Mobile App,UPI,Delivered,East
ORD010104,CUST00221,2025-10-03,PROD0078,4,0.05,2.67,In-Store,COD,Cancelled,East
ORD010105,CUST00377,2026-06-22,PROD0090,5,0.25,12.34,Mobile App,UPI,Delivered,South
ORD010106,CUST00324,2025-07-21,PROD0001,5,0.0,21.85,In-Store,Debit Card,Delivered,East
ORD010107,CUST01589,2026-02-18,PROD0035,2,0.0,22.18,Mobile App,Debit Card,Delivered,South
ORD010108,CUST00284,2025-10-25,PROD0122,2,0.3,0.27,Mobile App,Wallet,Delivered,South
ORD010109,CUST00236,2025-11-16,PROD0024,6,0.1,22.16,In-Store,Wallet,Delivered,West
ORD010110,CUST01569,2025-08-19,PROD0090,5,0.0,6.79,In-Store,COD,Delivered,North
ORD010111,CUST01671,2025-10-17,PROD0047,0,0.05,0.97,In-Store,Net Banking,Delivered,East
ORD010112,CUST01430,2025-08-30,PROD0039,3,0.3,21.19,In-Store,UPI,Returned,East
ORD010113,CUST01026,2025-08-24,PROD0045,5,0.3,21.6,In-Store,Credit Card,Delivered,West
ORD010114,CUST00113,2025-07-17,PROD0026,4,0.0,14.91,Online,Net Banking,Delivered,North
ORD010115,CUST00690,2026-04-19,PROD0122,4,0.0,14.36,Online,Net Banking,Delivered,West
ORD010116,CUST01687,2026-07-06,PROD0096,4,0.05,20.33,Online,UPI,Delivered,South
ORD010117,CUST00726,2026-07-04,PROD0107,3,0.15,19.66,In-Store,UPI,Delivered,East
ORD010118,CUST00569,2026-07-30,PROD0068,6,0.25,22.25,Mobile App,UPI,Delivered,West
ORD010119,CUST01015,2026-05-07,PROD0062,5,0.2,13.82,In-Store,Net Banking,Delivered,East
ORD010120,CUST00588,2025-11-13,PROD0012,2,0.25,24.19,Online,Net Banking,Delivered,East
ORD010121,CUST01339,2025-11-18,PROD0117,3,0.0,24.9,In-Store,UPI,Delivered,West
ORD010122,CUST01119,2025-10-22,PROD0001,4,0.3,2.91,Online,Net Banking,Cancelled,West
ORD010123,CUST01141,2026-03-26,PROD0092,3,0.05,21.24,Online,UPI,Delivered,East
ORD010124,CUST01558,2026-07-14,PROD0037,6,0.1,12.5,In-Store,Wallet,Returned,South
ORD010125,CUST01491,2025-08-25,PROD0019,6,0.3,9.69,Online,Net Banking,Returned,East
ORD010126,CUST00626,2026-02-01,PROD0059,4,0.2,15.33,Online,COD,Delivered,North
ORD010127,CUST00309,0000-00-00,PROD0027,1,0.3,1.4,Online,UPI,Delivered,South
ORD010128,CUST00732,2026-02-01,PROD0050,4,0.15,12.66,In-Store,Credit Card,Delivered,South
ORD010129,CUST00127,2026-02-15,PROD0122,2,0.3,21.77,In-Store,Debit Card,Cancelled,East
ORD010130,CUST00572,2025-08-30,PROD0048,2,0.1,5.34,In-Store,Wallet,Delivered,West
ORD010131,CUST01493,2026-07-29,PROD0014,4,0.0,10.66,Online,Wallet,Delivered,East
ORD010132,CUST00080,2026-07-24,PROD0028,4,0.2,23.49,Mobile App,Debit Card,Delivered,North
ORD010133,CUST00938,2026-03-31,PROD0032,2,0.05,10.71,In-Store,UPI,Delivered,East
ORD010134,CUST01906,2025-11-09,PROD0079,3,0.0,8.96,Online,Net Banking,Cancelled,West
ORD010135,CUST01990,2026-01-02,PROD0120,2,0.25,11.01,Mobile App,Credit Card,Delivered,North
ORD010136,CUST00976,2026-04-26,PROD0065,1,0.3,12.99,In-Store,Debit Card,Delivered,South
ORD010137,CUST01646,2025-12-18,PROD0005,2,0.0,15.8,Mobile App,Net Banking,Delivered,South
ORD010138,CUST00886,2026-03-28,PROD0020,1,0.0,20.02,Mobile App,Credit Card,Delivered,North
ORD010139,CUST00746,2026-01-12,PROD0037,1,0.0,11.3,Online,Credit Card,Delivered,South
ORD010140,CUST01711,2026-03-24,PROD0053,4,0.0,20.44,Mobile App,Debit Card,Cancelled,North
ORD010141,CUST01159,2025-11-28,PROD0055,5,0.15,13.34,Mobile App,Net Banking,Delivered,North
ORD010142,CUST01532,2026-03-14,PROD0009,3,0.15,8.46,Online,Debit Card,Delivered,West
ORD010143,CUST01386,2025-08-28,PROD0080,1,0.1,16.45,Mobile App,Wallet,Delivered,East
ORD010144,CUST00092,2025-07-08,PROD0080,6,0.0,17.94,Online,Wallet,Delivered,North
ORD010145,CUST01773,2026-03-28,PROD0005,3,0.15,13.95,Online,UPI,Delivered,East
ORD010146,CUST00769,2025-08-29,PROD0003,6,0.3,1.42,Mobile App,COD,Delivered,West
ORD010147,CUST01260,03-17-2026,PROD0067,6,0.15,4.25,Mobile App,Net Banking,Delivered,North
ORD010148,CUST00338,2026-01-04,PROD0110,6,0.25,7.13,Mobile App,COD,Delivered,North
ORD010149,CUST01357,2025-10-26,PROD0097,3,0.1,7.07,Mobile App,Wallet,Delivered,South
ORD010150,CUST01439,2025-08-25,PROD0082,5,0.2,16.84,Mobile App,Credit Card,Delivered,East
ORD010151,CUST00936,2025-12-13,PROD0067,6,0.15,0.46,Online,Net Banking,Cancelled,West
ORD010152,CUST01283,2025-11-25,PROD0060,2,0.2,18.89,Online,Credit Card,Delivered,East
ORD010153,CUST00277,2025-11-17,PROD0087,-3,0.1,6.63,Online,COD,Delivered,North
ORD010154,CUST01488,2026-01-18,PROD0023,1,0.25,7.75,Online,Net Banking,Returned,North
ORD010155,CUST00572,2025-10-05,PROD0014,3,0.0,13.2,Online,Net Banking,Delivered,South
ORD010156,CUST01534,2026-03-22,PROD0067,2,0.0,5.4,In-Store,Net Banking,Delivered,East
ORD010157,CUST00978,2025-12-27,PROD0114,1,0.0,22.11,Mobile App,Debit Card,Delivered,East
ORD010158,CUST01436,2025-08-14,PROD0058,4,0.0,2.13,Mobile App,COD,Delivered,East
ORD010159,CUST01925,2025-12-25,PROD0062,2,0.1,11.11,Online,Net Banking,Delivered,West
ORD010160,CUST01906,2026-04-09,PROD0070,5,0.1,21.24,In-Store,Net Banking,Delivered,South
ORD010161,CUST00786,2026-06-20,PROD0103,2,0.3,15.4,Online,UPI,Cancelled,North
ORD010162,CUST01658,2025-12-13,PROD0122,2,0.3,7.31,In-Store,Net Banking,Delivered,South
ORD010163,CUST01378,2026-06-12,PROD0045,5,0.05,10.52,Mobile App,UPI,Delivered,North
ORD010164,CUST00994,2025-10-14,PROD0029,2,0.0,17.67,Mobile App,Net Banking,Pending,East
ORD010165,CUST01412,2026-04-29,PROD0051,3,0.25,24.33,Mobile App,UPI,Delivered,North
ORD010166,CUST00221,2026-06-24,PROD0040,1,0.05,22.33,Online,Net Banking,Pending,East
ORD010167,CUST01780,2026-02-07,PROD0034,3,0.3,8.56,In-Store,Debit Card,Pending,South
ORD010168,CUST00184,2025-10-02,PROD0062,6,0.2,24.95,Online,UPI,Delivered,East
ORD010169,CUST00552,2025-12-01,PROD0081,4,0.0,0.09,In-Store,Wallet,Delivered,West
ORD010170,CUST00284,2026-03-22,PROD0095,3,0.15,0.69,In-Store,Net Banking,Pending,North
ORD010171,CUST00513,2025-07-31,PROD0073,2,0.25,20.6,Mobile App,Wallet,Delivered,West
ORD010172,CUST00405,2026-04-10,PROD0009,1,0.3,4.99,Mobile App,Net Banking,Delivered,West
ORD010173,CUST01705,2026-02-21,PROD0052,3,0.1,1.52,Mobile App,Credit Card,Delivered,South
ORD010174,CUST01961,2026-03-13,PROD0102,4,0.2,5.93,In-Store,Wallet,Delivered,East
ORD010175,CUST00227,2026-01-20,PROD0034,1,0.1,10.65,Mobile App,Credit Card,Pending,East
ORD010176,CUST01628,2026-05-08,PROD0088,4,0.05,18.26,In-Store,Net Banking,Cancelled,West
ORD010177,CUST01439,2026-06-21,PROD0046,2,0.3,15.61,Mobile App,Wallet,Delivered,South
ORD010178,CUST00168,2025-09-27,PROD0030,6,0.0,5.94,In-Store,Credit Card,Delivered,East
ORD010179,CUST01667,2025-11-03,PROD0051,4,0.3,12.58,In-Store,Net Banking,Delivered,North
ORD010180,CUST00632,2026-01-13,PROD0077,4,0.25,23.16,In-Store,Net Banking,Returned,East
ORD010181,CUST00615,2026-05-27,PROD0005,6,0.15,20.38,In-Store,Net Banking,Delivered,South
ORD010182,CUST00564,2026-05-22,PROD0101,1,0.2,8.08,In-Store,Credit Card,Delivered,South
ORD010183,CUST00573,2026-04-10,PROD0036,5,0.15,24.56,Online,Credit Card,Returned,North
ORD010184,CUST00448,2025-08-01,PROD0068,2,0.3,17.72,In-Store,Debit Card,Delivered,East
ORD010185,CUST00176,2026-02-27,PROD0010,3,0.25,,In-Store,Credit Card,Delivered,East
ORD010186,CUST01258,2026-04-04,PROD0050,6,0.0,0.88,In-Store,Net Banking,Delivered,North
ORD010187,CUST01597,2026-01-03,PROD0009,2,0.1,4.21,Online,Wallet,Delivered,East
ORD010188,CUST00330,2026-01-04,PROD0054,4,0.15,18.2,Online,COD,Delivered,North
ORD010189,CUST00691,2026-07-20,PROD0079,3,0.25,4.59,In-Store,Wallet,Delivered,North
ORD010190,CUST00358,2026-01-09,PROD0051,4,0.0,12.79,Mobile App,Credit Card,Delivered,South
ORD010191,CUST00196,2026-04-09,PROD0102,2,0.15,2.33,Online,Debit Card,Delivered,South
ORD010192,CUST01231,2026-02-06,PROD0111,1,0.3,23.02,In-Store,Net Banking,Delivered,South
ORD010193,CUST00409,2025-07-06,PROD0085,-1,0.0,8.6,Online,Credit Card,Cancelled,West
ORD010194,CUST01774,2025-10-18,PROD0110,3,0.0,22.7,Mobile App,Debit Card,Delivered,West
ORD010195,CUST00484,2026-02-08,PROD0064,6,0.0,,Online,Wallet,Delivered,West
ORD010196,CUST00367,2026-04-01,PROD0115,2,0.0,0.15,Mobile App,Net Banking,Delivered,South
ORD010197,CUST01096,2025-12-06,PROD0064,2,0.3,11.6,Mobile App,Debit Card,Delivered,South
ORD010198,CUST00225,2025-10-26,PROD0071,4,0.0,0.62,Online,COD,Delivered,North
ORD010199,CUST00082,2025-08-16,PROD0043,6,0.1,22.72,In-Store,Net Banking,Delivered,North
ORD010200,CUST01593,2026-07-07,PROD0011,3,0.2,12.96,Mobile App,Credit Card,Returned,West
ORD010201,CUST01678,2026-07-11,PROD0108,1,0.1,1.87,Online,Debit Card,Cancelled,East
ORD010202,CUST01610,2025-07-30,PROD0095,2,0.0,2.76,Mobile App,COD,Cancelled,North
ORD010203,CUST01752,2025-07-01,PROD0049,6,0.1,9.59,Mobile App,COD,Delivered,West
ORD010204,CUST01452,2026-02-25,PROD0069,1,0.0,23.51,Online,COD,Delivered,South
ORD010205,CUST01459,2026-07-29,PROD0071,3,0.0,17.32,Online,Credit Card,Delivered,East
ORD010206,CUST01070,2026-03-20,PROD0028,4,0.0,21.69,Online,COD,Delivered,West
ORD010207,CUST00385,2025-12-16,PROD0048,6,0.05,9.16,Online,Credit Card,Delivered,South
ORD010208,CUST01949,2025-11-10,PROD0079,3,0.3,1.08,In-Store,Credit Card,Delivered,North
ORD010209,CUST01995,2026-07-13,PROD0067,6,0.15,24.36,Online,Net Banking,Delivered,South
ORD010210,CUST00995,2026-07-09,PROD0120,6,0.3,0.43,In-Store,Wallet,Cancelled,East
ORD010211,CUST00234,2026-02-12,PROD0101,4,0.25,23.69,In-Store,Debit Card,Delivered,East
ORD010212,CUST00607,2026-04-07,PROD0059,6,0.0,9.22,Online,Wallet,Delivered,South
ORD010213,CUST01203,2025-11-14,PROD0045,3,0.0,0.25,Online,UPI,Pending,North
ORD010214,CUST00920,2025-10-31,PROD0045,1,0.0,17.23,Mobile App,UPI,Delivered,East
ORD010215,CUST01679,2025-09-05,PROD0116,6,0.05,24.51,In-Store,Debit Card,Delivered,South
ORD010216,CUST00703,2025-12-05,PROD0042,5,0.2,24.14,In-Store,Wallet,Delivered,North
ORD010217,CUST01928,2025-10-07,PROD0013,4,0.1,4.02,Mobile App,UPI,Cancelled,North
ORD010218,CUST01041,2026-01-03,PROD0029,3,0.2,4.53,In-Store,Debit Card,Delivered,West
ORD010219,CUST00636,2025-11-06,PROD0095,1,0.0,14.14,Mobile App,UPI,Delivered,North
ORD010220,CUST01062,2026-01-16,PROD0094,3,0.05,15.93,Mobile App,Credit Card,Delivered,South
ORD010221,CUST00362,2026-06-09,PROD0076,1,0.0,18.49,Online,COD,Cancelled,South
ORD010222,CUST01920,2025-08-07,PROD0007,3,0.2,4.53,Online,UPI,Delivered,East
ORD010223,CUST00258,2026-06-23,PROD0065,4,0.0,23.98,Mobile App,COD,Delivered,East
ORD010224,CUST00870,2026-03-24,PROD0104,4,0.15,15.97,Mobile App,Credit Card,Delivered,South
ORD010225,CUST00716,2026-07-12,PROD0025,3,0.2,21.18,Online,Credit Card,Delivered,North
ORD010226,CUST00086,2025-09-15,PROD0072,5,0.05,13.5,Online,Debit Card,Delivered,North
ORD010227,CUST01209,2025-12-29,PROD0079,5,0.0,10.36,Mobile App,Credit Card,Cancelled,East
ORD010228,CUST00938,2025-08-05,PROD0077,1,0.1,24.43,Online,Net Banking,Delivered,East
ORD010229,CUST01237,2026-01-05,PROD0063,6,0.0,14.55,Online,Wallet,Delivered,North
ORD010230,CUST01497,2025-09-19,PROD0114,1,0.0,21.67,Mobile App,Wallet,Delivered,South
ORD010231,CUST00573,2026-07-20,PROD0010,1,0.05,23.83,In-Store,COD,Delivered,East
ORD010232,CUST01769,2025-10-17,PROD0019,2,0.05,16.88,Online,Wallet,Cancelled,North
ORD010233,CUST00140,2026-04-08,PROD0078,4,0.25,13.72,Online,Debit Card,Delivered,West
ORD010234,CUST01719,2026-01-16,PROD0115,2,0.15,,Mobile App,Net Banking,Delivered,East
ORD010235,CUST00239,2025-09-15,PROD0050,1,0.15,1.0,Mobile App,COD,Pending,East
ORD010236,CUST01687,2026-04-29,PROD0104,2,0.3,5.02,In-Store,Net Banking,Delivered,South
ORD010237,CUST00091,2025-12-18,PROD0062,6,0.0,4.65,Online,Net Banking,Returned,East
ORD010238,CUST00677,09-07-2025,PROD0115,5,0.0,6.37,In-Store,Net Banking,Delivered,South
ORD010239,CUST01376,2026-03-09,PROD0030,1,0.2,7.62,Online,Wallet,Delivered,West
ORD010240,CUST00493,2026-07-07,PROD0046,3,0.25,9.0,Online,Wallet,Delivered,West
ORD010241,CUST00847,2026-02-19,PROD0003,3,0.1,10.51,Online,COD,Returned,North
ORD010242,CUST00597,2026-01-14,PROD0104,1,0.05,2.47,In-Store,Credit Card,Delivered,North
ORD010243,CUST01259,2026-06-16,PROD0098,6,0.1,1.06,Mobile App,COD,Cancelled,East
ORD010244,CUST00373,2026-05-13,PROD0081,6,0.0,16.85,Online,Credit Card,Delivered,East
ORD010245,CUST00643,2026-07-12,PROD0101,3,0.1,13.43,In-Store,Credit Card,Delivered,East
ORD010246,CUST00030,2026-06-02,PROD0002,3,0.15,11.1,Online,UPI,Returned,East
ORD010247,CUST01642,2026-07-09,PROD0076,1,0.0,15.86,Online,Credit Card,Delivered,South
ORD010248,CUST00298,2025-07-28,PROD0027,6,0.25,20.69,Mobile App,Wallet,Delivered,North
ORD010249,CUST00580,2026-07-13,PROD0054,3,0.0,10.69,Mobile App,Wallet,Delivered,East
ORD010250,CUST01359,2026-03-08,PROD0007,2,0.3,16.03,In-Store,Credit Card,Delivered,East
ORD010251,CUST01879,2026-01-23,PROD0007,4,0.0,,Mobile App,Credit Card,Delivered,North
ORD010252,CUST01102,2026-05-03,PROD0061,3,0.15,20.99,In-Store,Credit Card,Delivered,North
ORD010253,CUST01006,2025-12-05,PROD0081,6,0.25,10.65,Mobile App,COD,Delivered,North
ORD010254,CUST00472,2025-09-26,PROD0074,5,0.15,16.12,In-Store,Debit Card,Delivered,East
ORD010255,CUST00939,2026-05-29,PROD0081,2,0.0,4.43,In-Store,Wallet,Delivered,East
ORD010256,CUST01773,2025-12-30,PROD0011,6,0.0,14.01,In-Store,Credit Card,Delivered,East
ORD010257,CUST01714,2025-12-01,PROD0092,6,0.0,24.53,In-Store,Net Banking,Delivered,North
ORD010258,CUST01888,2026-07-16,PROD0083,4,0.15,12.96,Online,UPI,Delivered,East
ORD010259,CUST00820,2026-04-05,PROD0064,3,0.1,23.19,Mobile App,Debit Card,Returned,West
ORD010260,CUST01438,2025-10-12,PROD0120,4,0.25,,Online,UPI,Cancelled,North
ORD010261,CUST00536,2026-06-30,PROD0097,6,0.05,24.97,Mobile App,Net Banking,Delivered,South
ORD010262,CUST01175,2025-11-10,PROD0062,1,0.15,14.48,Mobile App,UPI,Delivered,East
ORD010263,CUST01084,2026-06-10,PROD0032,6,0.15,1.06,In-Store,COD,Delivered,East
ORD010264,CUST01058,2026-05-25,PROD0001,1,0.25,14.67,In-Store,Debit Card,Delivered,East
ORD010265,CUST00946,2025-12-03,PROD0010,3,0.15,6.86,Online,UPI,Delivered,South
ORD010266,CUST00335,2026-03-30,PROD0006,6,0.25,0.81,Online,Wallet,Delivered,South
ORD010267,CUST00872,2026-01-22,PROD0027,6,0.25,20.52,In-Store,COD,Delivered,West
ORD010268,CUST01102,2025-11-21,PROD0087,3,0.2,6.89,Online,COD,Pending,West
ORD010269,CUST01114,2026-05-11,PROD0040,1,0.3,,In-Store,Credit Card,Delivered,South
ORD010270,CUST01321,2026-02-14,PROD0047,-3,0.25,7.21,Mobile App,Debit Card,Delivered,South
ORD010271,CUST01191,2026-05-28,PROD0100,6,0.1,4.86,Mobile App,Credit Card,Delivered,West
ORD010272,CUST01290,2026-01-28,PROD0023,3,0.3,24.35,In-Store,Wallet,Delivered,East
ORD010273,CUST01713,2025-08-16,PROD0039,4,0.0,9.04,Online,Net Banking,Delivered,East
ORD010274,CUST00820,2025-12-07,PROD0027,5,0.3,15.03,Online,Credit Card,Delivered,South
ORD010275,CUST01981,2025-09-19,PROD0087,0,0.0,15.25,Mobile App,Wallet,Delivered,East
ORD010276,CUST01712,2025-09-14,PROD0067,4,0.1,14.01,Online,COD,Delivered,North
ORD010277,CUST01036,2025-09-13,PROD0094,6,0.15,22.87,In-Store,UPI,Returned,South
ORD010278,CUST01054,2026-06-03,PROD0083,1,0.0,16.86,In-Store,Wallet,Delivered,East
ORD010279,CUST01277,2025-11-04,PROD0037,2,0.3,10.09,In-Store,COD,Delivered,East
ORD010280,CUST01953,2026-02-17,PROD0032,6,0.15,21.56,Mobile App,Debit Card,Delivered,West
ORD010281,CUST01093,2025-07-13,PROD0022,2,0.15,4.53,Mobile App,COD,Delivered,North
ORD010282,CUST01934,2025-12-15,PROD0016,2,0.0,13.61,Mobile App,Credit Card,Cancelled,South
ORD010283,CUST00733,2025-09-23,PROD0011,4,0.0,23.76,Online,UPI,Delivered,South
ORD010284,CUST01656,2026-03-29,PROD0099,6,0.15,15.63,In-Store,Debit Card,Returned,East
ORD010285,CUST00878,2026-03-31,PROD0093,1,0.0,20.42,Online,COD,Delivered,South
ORD010286,CUST00653,2026-04-16,PROD0052,3,0.3,16.34,Online,COD,Delivered,East
ORD010287,CUST00207,2025-12-14,PROD0031,5,0.3,20.98,In-Store,UPI,Delivered,North
ORD010288,CUST01118,2025-11-27,PROD0073,3,0.3,23.61,Mobile App,UPI,Delivered,South
ORD010289,CUST01738,2026-06-27,PROD0061,1,0.3,6.82,Mobile App,COD,Delivered,West
ORD010290,CUST01005,2026-06-09,PROD0037,5,0.0,4.24,In-Store,Debit Card,Delivered,North
ORD010291,CUST00387,2026-03-31,PROD0057,6,0.0,12.1,Online,Debit Card,Delivered,West
ORD010292,CUST00357,2026-02-16,PROD0055,6,0.0,17.55,In-Store,COD,Delivered,East
ORD010293,CUST00041,2026-03-25,PROD0092,5,0.25,5.68,Mobile App,Debit Card,Delivered,West
ORD010294,CUST01166,2026-02-22,PROD0044,1,0.1,0.1,In-Store,Credit Card,Delivered,West
ORD010295,CUST01027,2026-02-21,PROD0060,4,0.0,8.57,Online,UPI,Pending,West
ORD010296,CUST01003,2025-08-17,PROD0025,6,0.0,24.22,In-Store,Wallet,Delivered,West
ORD010297,CUST01284,2025-09-05,PROD0025,5,0.1,17.37,Mobile App,Wallet,Delivered,East
ORD010298,CUST00434,2025-07-29,PROD0039,6,0.3,10.03,Mobile App,COD,Delivered,West
ORD010299,CUST01144,2026-01-27,PROD0085,6,0.0,4.81,In-Store,Debit Card,Pending,West
ORD010300,CUST00836,2026-06-13,PROD0037,1,0.3,8.9,Online,Credit Card,Delivered,East
ORD010301,CUST00902,2025-11-13,PROD0046,2,0.05,4.25,Online,COD,Delivered,North
ORD010302,CUST01203,2025-12-23,PROD0006,4,0.0,2.66,In-Store,COD,Delivered,East
ORD010303,CUST01187,2025-10-03,PROD0088,4,0.3,22.67,In-Store,Wallet,Delivered,West
ORD010304,CUST00863,2026-02-22,PROD0052,3,0.15,24.94,In-Store,Credit Card,Delivered,East
ORD010305,CUST01649,2025-10-08,PROD0047,6,0.0,4.1,In-Store,UPI,Delivered,South
ORD010306,CUST01373,2025-07-04,PROD0068,6,0.1,1.36,Online,UPI,Delivered,North
ORD010307,CUST00258,2025-10-27,PROD0116,4,0.15,8.24,Online,COD,Delivered,North
ORD010308,CUST01854,2025-07-23,PROD0035,6,0.0,11.54,Mobile App,Debit Card,Delivered,West
ORD010309,CUST00353,2026-03-16,PROD0060,6,0.05,5.12,Online,Wallet,Delivered,South
ORD010310,CUST00454,2026-07-19,PROD0085,4,0.2,7.54,Mobile App,COD,Delivered,West
ORD010311,CUST00644,2025-08-22,PROD0051,1,0.0,5.02,Online,Debit Card,Delivered,East
ORD010312,CUST01866,2025-12-15,PROD0076,2,0.2,19.36,Online,Wallet,Delivered,West
ORD010313,CUST01398,2025-11-01,PROD0051,5,0.15,17.81,Mobile App,COD,Pending,West
ORD010314,CUST00092,2025-07-15,PROD0095,5,0.0,15.87,In-Store,Credit Card,Cancelled,South
ORD010315,CUST00995,2025-12-24,PROD0086,3,0.1,9.68,Mobile App,COD,Delivered,South
ORD010316,CUST00044,02-04-2026,PROD0083,2,0.15,22.73,In-Store,Wallet,Cancelled,North
ORD010317,CUST01721,2025-08-04,PROD0075,4,0.25,24.24,Online,Wallet,Delivered,East
ORD010318,CUST01029,2025-07-08,PROD0039,3,0.0,4.34,Online,Credit Card,Delivered,West
ORD010319,CUST00126,2026-04-14,PROD0037,1,0.0,5.58,In-Store,COD,Delivered,East
ORD010320,CUST00926,2026-04-14,PROD0064,1,0.15,13.14,Mobile App,Credit Card,Delivered,West
ORD010321,CUST01897,2026-03-14,PROD0020,3,0.3,2.28,Online,Debit Card,Delivered,West
ORD010322,CUST01237,2025-10-08,PROD0005,5,0.0,10.91,In-Store,Net Banking,Delivered,North
ORD010323,CUST00864,2026-03-24,PROD0044,5,0.0,14.54,Mobile App,Debit Card,Delivered,South
ORD010324,CUST00116,2026-01-28,PROD0053,3,0.0,13.05,In-Store,UPI,Delivered,South
ORD010325,CUST01295,2025-12-03,PROD0004,5,0.05,8.27,In-Store,Wallet,Pending,East
ORD010326,CUST01464,2025-07-01,PROD0109,2,0.0,13.56,Mobile App,Net Banking,Delivered,North
ORD010327,CUST00184,2025-08-15,PROD0050,2,0.25,23.97,Mobile App,UPI,Delivered,West
ORD010328,CUST00700,2025-10-30,PROD0060,1,0.1,5.15,Mobile App,Net Banking,Delivered,South
ORD010329,CUST00465,2026-07-12,PROD0116,1,0.3,16.37,Online,Net Banking,Delivered,West
ORD010330,CUST00874,2026-06-28,PROD0117,4,0.0,1.08,In-Store,Credit Card,Delivered,North
ORD010331,CUST01506,2026-05-12,PROD0095,6,0.2,1.66,Mobile App,COD,Delivered,West
ORD010332,CUST01027,2025-12-24,PROD0062,5,0.05,13.8,Online,Wallet,Delivered,South
ORD010333,CUST01764,2026-03-21,PROD0061,2,0.1,2.62,In-Store,COD,Delivered,West
ORD010334,CUST00562,2026-02-16,PROD0118,2,0.15,,Mobile App,Net Banking,Delivered,West
ORD010335,CUST00399,2026-04-09,PROD0115,4,0.0,4.29,In-Store,Credit Card,Delivered,East
ORD010336,CUST00063,2025-11-30,PROD0097,3,0.1,14.12,Mobile App,Wallet,Delivered,West
ORD010337,CUST01138,2026-04-02,PROD0072,6,0.25,17.58,Online,Credit Card,Delivered,East
ORD010338,CUST00949,2026-04-25,PROD0055,1,0.0,5.06,Online,Wallet,Delivered,North
ORD010339,CUST01097,2026-06-02,PROD0005,4,0.0,16.71,In-Store,UPI,Pending,South
ORD010340,CUST01622,2025-07-04,PROD0069,2,0.0,4.56,Mobile App,Wallet,Delivered,North
ORD010341,CUST01406,2025-07-27,PROD0064,2,0.05,15.34,In-Store,Debit Card,Delivered,West
ORD010342,CUST01413,2026-03-26,PROD0046,3,0.25,10.3,In-Store,Net Banking,Cancelled,South
ORD010343,CUST00137,2025-12-09,PROD0098,2,0.3,16.34,In-Store,Debit Card,Delivered,East
ORD010344,CUST01290,2025-10-14,PROD0038,2,0.0,24.88,In-Store,Wallet,Delivered,South
ORD010345,CUST00183,2026-01-04,PROD0001,2,0.3,23.45,Mobile App,UPI,Delivered,South
ORD010346,CUST01427,2025-07-22,PROD0102,5,0.05,0.11,Online,UPI,Returned,East
ORD010347,CUST00394,2026-06-05,PROD0117,1,0.2,22.14,In-Store,COD,Delivered,South
ORD010348,CUST00509,2026-07-30,PROD0107,2,0.3,1.66,In-Store,COD,Returned,West
ORD010349,CUST00351,2025-08-29,PROD0044,1,0.0,23.83,Online,Debit Card,Delivered,East
ORD010350,CUST01679,2026-06-16,PROD0098,3,0.0,7.05,Mobile App,COD,Delivered,East
ORD010351,CUST01395,2025-07-19,PROD0011,1,0.0,9.55,Online,Wallet,Delivered,East
ORD010352,CUST01623,2026-07-06,PROD0109,1,0.1,2.29,Mobile App,Debit Card,Delivered,West
ORD010353,CUST00697,2025-12-18,PROD0097,6,0.0,,Online,Wallet,Delivered,West
ORD010354,CUST00882,2026-07-27,PROD0028,3,0.0,18.17,Mobile App,UPI,Delivered,North
ORD010355,CUST01167,2026-06-24,PROD0011,4,0.3,23.61,In-Store,Net Banking,Delivered,North
ORD010356,CUST01723,2025-07-02,PROD0036,1,0.2,15.27,Online,Debit Card,Delivered,East
ORD010357,CUST00256,2026-01-09,PROD0091,6,0.3,17.9,In-Store,Credit Card,Pending,North
ORD010358,CUST00574,03-14-2026,PROD0092,1,0.15,19.05,In-Store,Wallet,Delivered,South
ORD010359,CUST00349,2025-10-04,PROD0037,1,0.1,6.57,Online,Credit Card,Pending,South
ORD010360,CUST01720,2025-12-13,PROD0045,5,0.1,1.13,Online,Credit Card,Delivered,South
ORD010361,CUST01550,2025-07-29,PROD0121,2,0.15,0.05,Online,Credit Card,Cancelled,West
ORD010362,CUST00243,2025-08-06,PROD0110,2,0.05,8.77,In-Store,Wallet,Delivered,South
ORD010363,CUST00927,2025-07-12,PROD0089,6,0.0,6.04,Online,Debit Card,Delivered,East
ORD010364,CUST01803,2026-01-14,PROD0121,6,0.0,1.56,Mobile App,COD,Delivered,East
ORD010365,CUST01715,2025-08-28,PROD0037,4,0.0,4.49,Online,COD,Delivered,North
ORD010366,CUST00394,2025-12-23,PROD0075,5,0.05,3.11,Online,Debit Card,Delivered,North
ORD010367,CUST00580,2026-02-10,PROD0105,1,0.25,22.87,Online,COD,Delivered,South
ORD010368,CUST00102,2026-02-19,PROD0055,5,0.1,3.51,In-Store,Wallet,Delivered,North
ORD010369,CUST00628,2025-09-22,PROD0098,2,0.0,13.44,In-Store,COD,Delivered,East
ORD010370,CUST01361,2025-11-30,PROD0070,4,0.15,14.83,In-Store,COD,Delivered,South
ORD010371,CUST01106,2026-01-30,PROD0106,4,0.0,13.59,Mobile App,Credit Card,Delivered,South
ORD010372,CUST01650,2026-05-10,PROD0104,5,0.1,2.48,In-Store,Wallet,Delivered,South
ORD010373,CUST00646,2025-07-04,PROD0092,3,0.25,7.97,Online,Wallet,Delivered,West
ORD010374,CUST01437,2026-05-26,PROD0069,2,0.05,,Mobile App,Credit Card,Delivered,West
ORD010375,CUST00555,2025-08-21,PROD0050,4,0.1,9.89,Mobile App,COD,Delivered,North
ORD010376,CUST01061,2026-07-20,PROD0102,1,0.0,4.71,Mobile App,Credit Card,Returned,North
ORD010377,CUST00280,2026-05-10,PROD0096,6,0.05,14.04,In-Store,UPI,Delivered,North
ORD010378,CUST01001,2026-07-28,PROD0110,5,0.05,17.32,In-Store,Debit Card,Delivered,East
ORD010379,CUST01465,2025-11-21,PROD0006,5,0.25,13.3,Mobile App,Wallet,Delivered,East
ORD010380,CUST00991,2025-08-10,PROD0085,2,0.0,10.86,In-Store,Credit Card,Returned,West
ORD010381,CUST01994,2026-01-30,PROD0085,3,0.05,9.68,Online,Credit Card,Delivered,West
ORD010382,CUST00908,2026-06-20,PROD0045,2,0.0,21.04,Online,Net Banking,Delivered,South
ORD010383,CUST01572,2026-01-12,PROD0108,6,0.0,5.48,Mobile App,Net Banking,Delivered,East
ORD010384,CUST01033,2026-05-25,PROD0032,3,0.05,18.36,Online,Credit Card,Delivered,North
ORD010385,CUST00071,2025-12-15,PROD0001,4,0.05,18.94,Online,Credit Card,Delivered,West
ORD010386,CUST00662,2026-01-12,PROD0109,2,0.3,10.48,Mobile App,Wallet,Pending,North
ORD010387,CUST01992,2025-09-06,PROD0093,5,0.0,7.43,In-Store,COD,Delivered,South
ORD010388,CUST01039,2026-03-18,PROD0006,3,0.15,11.76,Mobile App,Credit Card,Delivered,West
ORD010389,CUST01012,2025-09-09,PROD0052,2,0.1,2.33,In-Store,Wallet,Delivered,East
ORD010390,CUST01813,2026-04-26,PROD0033,6,0.0,1.15,Online,UPI,Delivered,South
ORD010391,CUST00029,2026-03-02,PROD0085,3,0.0,2.79,Mobile App,Credit Card,Delivered,South
ORD010392,CUST01530,2025-11-06,PROD0078,2,0.05,4.68,Online,Credit Card,Delivered,West
ORD010393,CUST01728,2026-06-06,PROD0067,2,0.1,12.6,Online,Credit Card,Delivered,South
ORD010394,CUST00545,2025-12-05,PROD0067,2,0.05,21.23,In-Store,Credit Card,Delivered,North
ORD010395,CUST00028,2025-09-04,PROD0033,4,0.0,5.89,Mobile App,Net Banking,Delivered,West
ORD010396,CUST00964,2025-11-21,PROD0109,6,0.0,23.38,Online,COD,Delivered,South
ORD010397,CUST01147,2026-01-03,PROD0009,3,0.3,23.87,Online,Credit Card,Delivered,South
ORD010398,CUST01204,2026-04-27,PROD0075,5,0.3,23.97,Mobile App,Credit Card,Pending,South
ORD010399,CUST01670,2026-05-03,PROD0093,3,0.0,20.94,Mobile App,Wallet,Delivered,South
ORD010400,CUST00570,2026-02-14,PROD0045,3,0.1,9.1,Mobile App,Debit Card,Delivered,East
ORD010401,CUST00990,2026-01-29,PROD0117,1,0.0,1.82,Mobile App,Net Banking,Delivered,West
ORD010402,CUST00234,2025-12-25,PROD0113,5,0.15,14.22,Mobile App,Wallet,Delivered,North
ORD010403,CUST00420,2026-04-12,PROD0122,1,0.2,,In-Store,COD,Returned,West
ORD010404,CUST00116,2025-11-23,PROD0046,6,0.0,21.25,Mobile App,COD,Delivered,East
ORD010405,CUST00281,2026-04-03,PROD0015,2,0.0,24.9,In-Store,Wallet,Cancelled,West
ORD010406,CUST00369,2025-12-11,PROD0028,2,0.0,12.7,Mobile App,Wallet,Delivered,South
ORD010407,CUST01618,2026-02-27,PROD0086,5,0.0,,In-Store,Net Banking,Delivered,West
ORD010408,CUST00965,2025-07-30,PROD0027,6,0.2,4.65,Online,Net Banking,Delivered,North
ORD010409,CUST00706,2025-09-16,PROD0020,2,0.0,0.12,In-Store,UPI,Delivered,South
ORD010410,CUST01646,2025-12-01,PROD0102,1,0.0,12.73,Mobile App,COD,Delivered,East
ORD010411,CUST00044,2026-02-14,PROD0014,2,0.0,13.89,In-Store,Credit Card,Delivered,North
ORD010412,CUST00048,2026-01-17,PROD0061,6,0.25,20.62,Online,UPI,Delivered,South
ORD010413,CUST00545,2025-10-24,PROD0100,2,0.25,12.61,Mobile App,Debit Card,Cancelled,West
ORD010414,CUST01477,2025-12-22,PROD0009,2,0.25,22.91,In-Store,Debit Card,Pending,North
ORD010415,CUST00054,2025-12-04,PROD0082,4,0.1,15.7,In-Store,UPI,Delivered,North
ORD010416,CUST00713,2026-06-09,PROD0105,6,0.25,21.01,Online,Wallet,Delivered,East
ORD010417,CUST00189,2026-07-23,PROD0051,3,0.05,3.71,In-Store,Credit Card,Delivered,East
ORD010418,CUST00597,2025-08-03,PROD0099,3,0.0,21.38,In-Store,Credit Card,Delivered,South
ORD010419,CUST01908,2025-10-16,PROD0012,4,0.2,16.88,In-Store,Net Banking,Delivered,North
ORD010420,CUST00150,2026-05-08,PROD0113,6,0.05,4.26,In-Store,Net Banking,Delivered,West
ORD010421,CUST01667,2025-09-17,PROD0066,3,0.0,4.74,Online,Credit Card,Delivered,North
ORD010422,CUST01579,2026-02-24,PROD0090,2,0.2,23.16,Online,COD,Delivered,North
ORD010423,CUST00912,2025-08-12,PROD0082,4,0.05,0.81,Mobile App,Debit Card,Delivered,East
ORD010424,CUST00742,2026-07-08,PROD0033,5,0.05,11.56,In-Store,COD,Delivered,North
ORD010425,CUST00885,2025-08-22,PROD0014,5,0.0,7.84,Online,Wallet,Delivered,South
ORD010426,CUST01598,2025-09-03,PROD0052,5,0.25,16.63,Mobile App,Debit Card,Delivered,North
ORD010427,CUST01895,2026-02-06,PROD0024,1,0.0,20.99,Online,Credit Card,Cancelled,West
ORD010428,CUST00518,2026-05-13,PROD0099,1,0.2,9.01,Online,COD,Delivered,South
ORD010429,CUST01893,2026-03-18,PROD0027,2,0.3,10.67,In-Store,Credit Card,Delivered,West
ORD010430,CUST00627,01-06-2026,PROD0001,3,0.25,24.55,Online,COD,Delivered,North
ORD010431,CUST00893,2026-02-11,PROD0078,3,0.0,19.6,Online,Wallet,Returned,South
ORD010432,CUST00517,2025-11-08,PROD0119,6,0.2,22.43,Online,Debit Card,Delivered,East
ORD010433,CUST00273,2026-07-03,PROD0043,3,0.05,10.97,Online,COD,Delivered,South
ORD010434,CUST00955,2025-07-28,PROD0026,4,0.15,5.85,Mobile App,COD,Pending,South
ORD010435,CUST01838,2026-06-14,PROD0070,3,0.15,10.3,Mobile App,COD,Cancelled,West
ORD010436,CUST00815,2025-09-06,PROD0097,6,0.3,17.9,Online,Net Banking,Delivered,West
ORD010437,CUST01651,2026-06-26,PROD0017,3,0.1,2.74,Online,Debit Card,Returned,West
ORD010438,CUST01880,2025-07-08,PROD0025,5,0.3,6.76,In-Store,UPI,Delivered,South
ORD010439,CUST01258,2026-02-28,PROD0043,1,0.2,1.17,Mobile App,UPI,Delivered,South
ORD010440,CUST01661,2026-02-12,PROD0013,1,0.05,10.81,Mobile App,Wallet,Delivered,West
ORD010441,CUST00688,2026-05-09,PROD0087,3,0.15,20.69,Mobile App,UPI,Delivered,East
ORD010442,CUST01391,2026-07-17,PROD0003,1,0.25,,Online,Debit Card,Delivered,West
ORD010443,CUST01310,2025-07-29,PROD0103,3,0.05,16.88,Mobile App,Debit Card,Delivered,East
ORD010444,CUST01787,2026-01-12,PROD0041,4,0.3,23.31,Mobile App,Credit Card,Delivered,North
ORD010445,CUST00017,2025-12-30,PROD0115,1,0.2,5.92,In-Store,COD,Returned,South
ORD010446,CUST01286,2026-06-21,PROD0040,5,0.0,17.34,In-Store,Wallet,Delivered,West
ORD010447,CUST01562,2025-07-14,PROD0069,3,0.1,24.38,In-Store,Net Banking,Delivered,West
ORD010448,CUST00662,2026-03-04,PROD0114,5,0.2,24.06,Online,Credit Card,Returned,South
ORD010449,CUST00079,2026-06-12,PROD0052,4,0.15,5.87,Mobile App,UPI,Delivered,South
ORD010450,CUST00935,2026-04-07,PROD0121,5,0.15,2.51,Online,Net Banking,Delivered,South
ORD010451,CUST01959,2025-11-10,PROD0023,6,0.3,3.71,Online,Debit Card,Delivered,West
ORD010452,CUST00166,0000-00-00,PROD0089,2,0.3,17.55,In-Store,Wallet,Delivered,South
ORD010453,CUST00542,2025-12-21,PROD0047,3,0.05,18.14,Mobile App,COD,Delivered,East
ORD010454,CUST00657,2026-04-23,PROD0070,2,0.1,16.86,Mobile App,COD,Delivered,South
ORD010455,CUST01111,2026-02-09,PROD0038,3,0.3,8.4,Mobile App,Debit Card,Delivered,East
ORD010456,CUST00305,2026-04-01,PROD0025,5,0.2,4.24,Mobile App,UPI,Delivered,North
ORD010457,CUST00922,2025-10-12,PROD0047,1,0.0,14.52,Mobile App,COD,Pending,North
ORD010458,CUST00069,2025-10-15,PROD0060,5,0.2,12.09,In-Store,Net Banking,Delivered,North
ORD010459,CUST01039,2026-07-10,PROD0009,1,0.25,,In-Store,Net Banking,Delivered,North
ORD010460,CUST01518,2026-07-23,PROD0006,2,0.15,11.03,In-Store,Credit Card,Delivered,North
ORD010461,CUST00022,2025-09-30,PROD0011,6,0.25,8.47,In-Store,Net Banking,Delivered,South
ORD010462,CUST01218,2025-09-19,PROD0070,6,0.3,7.34,Mobile App,COD,Returned,South
ORD010463,CUST00422,2025-12-27,PROD0063,5,0.25,5.29,Mobile App,Credit Card,Delivered,South
ORD010464,CUST00387,2025-07-08,PROD0096,2,0.05,6.64,Mobile App,Net Banking,Returned,South
ORD010465,CUST00007,2025-11-03,PROD0103,3,0.05,2.37,Mobile App,Net Banking,Returned,West
ORD010466,CUST01934,2025-08-06,PROD0089,2,0.0,8.67,Online,Wallet,Delivered,West
ORD010467,CUST00670,2026-03-21,PROD0031,1,0.15,0.91,Online,Debit Card,Delivered,South
ORD010468,CUST01223,2025-11-15,PROD0062,5,0.0,4.66,In-Store,UPI,Delivered,South
ORD010469,CUST01533,2025-11-02,PROD0100,5,0.3,18.67,Mobile App,COD,Delivered,South
ORD010470,CUST00582,2025-08-28,PROD0118,2,0.1,8.14,Online,UPI,Delivered,West
ORD010471,CUST01339,2025-11-24,PROD0007,6,0.25,16.71,Mobile App,Wallet,Delivered,East
ORD010472,CUST00448,2026-01-04,PROD0068,5,0.05,17.92,In-Store,Wallet,Delivered,North
ORD010473,CUST00596,2025-07-28,PROD0042,1,0.15,14.53,Online,Credit Card,Delivered,East
ORD010474,CUST01565,2026-04-17,PROD0084,1,0.25,23.97,Mobile App,Net Banking,Delivered,North
ORD010475,CUST01160,2025-09-19,PROD0097,1,0.0,0.54,Online,Net Banking,Delivered,East
ORD010476,CUST00076,2026-01-20,PROD0076,1,0.0,18.47,In-Store,Debit Card,Returned,South
ORD010477,CUST01133,2026-06-23,PROD0001,6,0.0,23.97,Mobile App,UPI,Delivered,South
ORD010478,CUST01975,2025-10-08,PROD0060,3,0.0,21.56,In-Store,Debit Card,Delivered,West
ORD010479,CUST01843,2026-01-14,PROD0067,6,0.2,4.2,In-Store,Credit Card,Delivered,West
ORD010480,CUST00565,2025-07-12,PROD0122,5,0.1,8.17,Online,UPI,Delivered,South
ORD010481,CUST01503,2026-06-20,PROD0077,3,0.3,4.31,Mobile App,Net Banking,Delivered,West
ORD010482,CUST00987,2026-07-08,PROD0035,6,0.25,15.03,Mobile App,COD,Delivered,South
ORD010483,CUST00189,2026-02-24,PROD0087,3,0.25,17.8,Mobile App,UPI,Returned,North
ORD010484,CUST00062,2026-05-25,PROD0082,3,0.2,7.93,Online,UPI,Delivered,West
ORD010485,CUST01689,2026-07-03,PROD0023,6,0.2,13.49,Online,Debit Card,Returned,North
ORD010486,CUST00518,2026-06-05,PROD0093,5,0.25,17.27,Online,COD,Delivered,North
ORD010487,CUST00765,2026-06-07,PROD0094,2,0.2,10.53,Mobile App,Debit Card,Delivered,South
ORD010488,CUST00846,2025-11-02,PROD0046,4,0.05,21.35,Online,COD,Delivered,South
ORD010489,CUST01453,2026-05-31,PROD0081,4,0.15,19.29,Online,Wallet,Delivered,East
ORD010490,CUST01864,2026-07-20,PROD0055,1,0.0,1.62,In-Store,Credit Card,Delivered,East
ORD010491,CUST01138,2025-07-10,PROD0078,2,0.1,15.53,In-Store,Credit Card,Cancelled,North
ORD010492,CUST01015,2025-11-07,PROD0086,5,0.0,5.88,In-Store,Wallet,Delivered,North
ORD010493,CUST00984,2026-04-21,PROD0029,1,0.1,13.94,Online,COD,Delivered,East
ORD010494,CUST01700,2025-07-02,PROD0001,5,0.15,23.92,In-Store,COD,Delivered,West
ORD010495,CUST01944,2026-01-19,PROD0105,4,0.0,21.98,Online,Net Banking,Delivered,West
ORD010496,CUST01292,2025-11-22,PROD0110,5,0.3,10.11,Online,Debit Card,Delivered,West
ORD010497,CUST00945,2025-12-26,PROD0057,4,0.0,7.29,In-Store,COD,Delivered,East
ORD010498,CUST00367,2026-05-01,PROD0120,5,0.2,5.86,Online,Net Banking,Delivered,North
ORD010499,CUST00786,2025-10-15,PROD0088,1,0.0,13.31,In-Store,Debit Card,Delivered,North
ORD010500,CUST01037,2026-03-28,PROD0038,3,0.05,2.86,Mobile App,Debit Card,Returned,South
ORD006847,CUST00487,2026-01-23,PROD0070,5,0.15,10.94,Online,Net Banking,Delivered,West
ORD005640,CUST00261,2026-02-23,PROD0003,6,0.3,14.69,In-Store,Net Banking,Pending,West
ORD001358,CUST01139,2025-08-17,PROD0050,5,0.05,19.5,Online,Net Banking,Delivered,South
ORD001497,CUST01391,2025-08-24,PROD0086,1,0.25,8.64,Online,UPI,Delivered,East
ORD005689,CUST00868,2026-01-15,PROD0017,6,0.3,0.08,Mobile App,Net Banking,Delivered,North
ORD006614,CUST00755,2026-06-29,PROD0089,5,0.3,10.18,Mobile App,COD,Delivered,North
ORD008388,CUST01276,2025-09-29,PROD0027,4,0.0,0.77,Online,Net Banking,Delivered,North
ORD000728,CUST00611,2026-03-03,PROD0012,3,0.25,5.27,Online,UPI,Delivered,South
ORD010153,CUST00277,2025-11-17,PROD0087,-3,0.1,6.63,Online,COD,Delivered,North
ORD009710,CUST01797,2026-04-16,PROD0104,2,0.05,0.41,In-Store,UPI,Delivered,South
ORD010405,CUST00281,2026-04-03,PROD0015,2,0.0,24.9,In-Store,Wallet,Cancelled,West
ORD001104,CUST01371,2025-10-20,PROD0106,2,0.05,20.61,Online,Debit Card,Delivered,West
ORD007225,CUST00755,2026-04-22,PROD0107,3,0.05,0.17,Mobile App,Credit Card,Delivered,West
ORD004466,CUST00949,2025-10-29,PROD0009,4,0.0,1.1,Mobile App,UPI,Delivered,East
ORD001456,CUST01300,0000-00-00,PROD0120,2,0.05,3.01,Mobile App,Wallet,Delivered,West
ORD009726,CUST01078,2026-04-30,PROD0075,3,0.2,24.66,In-Store,COD,Delivered,West
ORD007805,CUST00783,2026-03-01,PROD0121,2,0.1,13.69,Mobile App,Credit Card,Delivered,West
ORD007575,CUST01605,2026-05-04,PROD0122,4,0.1,20.46,Mobile App,Wallet,Returned,East
ORD009339,CUST01032,2025-08-14,PROD0093,3,0.25,15.33,Mobile App,Net Banking,Pending,South
ORD005702,CUST01723,2026-03-06,PROD0070,3,0.15,23.46,In-Store,Credit Card,Delivered,East
ORD003225,CUST00541,2026-01-26,PROD0041,6,0.0,3.31,Online,COD,Delivered,North
ORD006905,CUST00458,2026-02-03,PROD0099,5,0.15,5.77,Mobile App,Debit Card,Delivered,West
ORD004272,CUST01364,2025-09-11,PROD0075,4,0.2,19.46,In-Store,Net Banking,Delivered,West
ORD006366,CUST00231,2026-02-22,PROD0004,6,0.05,15.12,Mobile App,Net Banking,Delivered,South
ORD008936,CUST01234,2025-12-23,PROD0061,2,0.25,18.63,Online,Debit Card,Delivered,West
ORD009690,CUST00585,2025-11-23,PROD0102,2,0.3,21.33,Online,COD,Delivered,North
ORD008215,CUST01525,2026-03-17,PROD0087,6,0.0,16.04,Online,Wallet,Delivered,South
ORD008784,CUST01585,2025-11-06,PROD0005,6,0.2,3.79,In-Store,Net Banking,Delivered,West
ORD004186,CUST00414,2026-02-03,PROD0109,1,0.3,20.7,Mobile App,Debit Card,Delivered,South
ORD003040,CUST00747,2025-12-20,PROD0003,1,0.25,11.86,In-Store,COD,Cancelled,South
ORD010211,CUST00234,2026-02-12,PROD0101,4,0.25,23.69,In-Store,Debit Card,Delivered,East
ORD009168,CUST00988,2026-03-15,PROD0041,2,0.15,22.85,In-Store,Debit Card,Delivered,North
ORD008771,CUST00606,2025-07-18,PROD0060,5,0.0,21.74,Mobile App,Net Banking,Delivered,South
ORD001220,CUST00663,2026-03-18,PROD0008,2,0.2,9.8,Online,Debit Card,Delivered,West
ORD010304,CUST00863,2026-02-22,PROD0052,3,0.15,24.94,In-Store,Credit Card,Delivered,East
ORD004633,CUST00253,2025-07-06,PROD0007,4,0.25,11.73,In-Store,Debit Card,Delivered,East
ORD008051,CUST00360,2025-12-01,PROD0058,1,0.1,21.72,Online,Credit Card,Delivered,East
ORD000360,CUST00438,0000-00-00,PROD0087,6,0.1,6.21,Online,Debit Card,Delivered,West
ORD001261,CUST01115,2026-06-14,PROD0020,4,0.25,20.58,Mobile App,UPI,Delivered,South
ORD006789,CUST00743,2026-03-12,PROD0082,4,0.1,6.86,In-Store,UPI,Delivered,South
